Date,ret,rv,vix,nfci
2010-01-05,0.003110831966759875,1.444641478415479e-05,19.35,
2010-01-06,0.0005453718878234426,1.0016016981296068e-05,19.16,
2010-01-07,0.003993218354654715,3.926048251745592e-05,19.06,
2010-01-08,0.0028775830750955578,2.642276797943434e-05,18.13,-0.194
2010-01-11,0.0017452316285844205,2.238901680985253e-05,17.55,-0.194
2010-01-12,-0.00942544643894383,3.886633480502722e-05,18.25,-0.194
2010-01-13,0.008291456333360259,6.823242849489012e-05,17.85,-0.194
2010-01-14,0.0024234864214136564,1.4333435459368842e-05,17.63,-0.194
2010-01-15,-0.010882126301208217,6.281867674046202e-05,17.91,-0.203
2010-01-19,0.012422151207736931,2.2852999130639006e-05,17.58,-0.203
2010-01-20,-0.010654386601861354,0.00010583542901792655,18.68,-0.203
2010-01-21,-0.019126657272988012,0.00013115319027385376,22.27,-0.203
2010-01-22,-0.022389779630108464,8.47626408223006e-05,27.31,-0.202
2010-01-25,0.004587559053796042,4.017712630507943e-05,25.41,-0.202
2010-01-26,-0.004212057847785999,7.525068017176586e-05,24.55,-0.202
2010-01-27,0.004868282868612184,0.00010295723418078424,23.14,-0.202
2010-01-28,-0.011888125534279759,0.00014959440207806384,23.73,-0.202
2010-01-29,-0.009877799049982094,0.0002005479378360391,24.62,-0.197
2010-02-01,0.014165305546369744,2.5239289138475674e-05,22.59,-0.197
2010-02-02,0.012889520445202862,6.043411643853298e-05,21.48,-0.197
2010-02-03,-0.005489350382538838,2.8057394170365563e-05,21.6,-0.197
2010-02-04,-0.03163585604980668,0.00012346289929877853,26.08,-0.197
2010-02-05,0.0028929303608267176,0.00022826013723731468,26.11,-0.193
2010-02-08,-0.008902803100374612,6.894939023838144e-05,26.51,-0.193
2010-02-09,0.012955841773586663,0.00012419210367331548,26.0,-0.193
2010-02-10,-0.0022350694280079964,8.945994885834755e-05,25.4,-0.193
2010-02-11,0.009633882335101873,0.00012173192548648658,23.96,-0.193
2010-02-12,-0.002748366119941892,9.604631665448026e-05,22.73,-0.197
2010-02-16,0.017840653536262074,3.468639488208104e-05,22.25,-0.197
2010-02-17,0.004229004596710162,1.287700085415682e-05,21.72,-0.197
2010-02-18,0.006563157733795677,2.8667708490255035e-05,20.63,-0.197
2010-02-19,0.0021842348635905395,5.086509236667671e-05,20.02,-0.214
2010-02-22,-0.0010464051249199358,1.817396094265627e-05,19.94,-0.214
2010-02-23,-0.012176644945198767,5.8121531675563616e-05,21.37,-0.214
2010-02-24,0.009673519697190436,2.1309368558569327e-05,20.27,-0.214
2010-02-25,-0.0020832085528654787,0.00012655810533110075,20.1,-0.214
2010-02-26,0.0014043925568580917,3.7938935740405044e-05,19.5,-0.242
2010-03-01,0.010107257423602967,1.3281669403707064e-05,19.26,-0.242
2010-03-02,0.002327731002886857,1.8730938986503394e-05,19.06,-0.242
2010-03-03,0.0004291095214004059,3.2554094293867596e-05,18.83,-0.242
2010-03-04,0.0037291560795713607,1.536066509129017e-05,18.72,-0.242
2010-03-05,0.013910282801603557,2.3708105882537043e-05,17.42,-0.282
2010-03-08,-0.00017561143217648123,7.058337346762085e-06,17.79,-0.282
2010-03-09,0.0017112720239724766,3.9678487052214974e-05,17.92,-0.282
2010-03-10,0.004514354904213036,1.6902416602308107e-05,18.57,-0.282
2010-03-11,0.004033374313506144,3.672357757369214e-05,18.06,-0.282
2010-03-12,-0.0002173695700928846,1.4812384945680007e-05,17.58,-0.328
2010-03-15,0.0004520926234361511,3.341852377584797e-05,18.0,-0.328
2010-03-16,0.007749014983159164,1.5377239499349747e-05,17.69,-0.328
2010-03-17,0.005804795332563728,2.4887736556561823e-05,16.91,-0.328
2010-03-18,-0.00032589912668878895,1.6085342202220556e-05,16.62,-0.328
2010-03-19,-0.005099426451613098,5.808475341349624e-05,16.97,-0.374
2010-03-22,0.005082359099180422,6.190948023770468e-05,16.87,-0.374
2010-03-23,0.007145377784800289,2.6648518417729294e-05,16.35,-0.374
2010-03-24,-0.005508447887288881,1.1070282218201193e-05,17.55,-0.374
2010-03-25,-0.0017056210833281682,8.3216877861251e-05,18.4,-0.374
2010-03-26,0.0007374506159880667,5.65622648609553e-05,17.77,-0.414
2010-03-29,0.005667146312798188,1.0019488503404188e-05,17.59,-0.414
2010-03-30,4.265846293094455e-05,2.8765556439290362e-05,17.13,-0.414
2010-03-31,-0.0032782423180330866,2.6696515090050924e-05,17.59,-0.414
2010-04-01,0.007386454005524179,2.848674423242727e-05,17.47,-0.414
2010-04-05,0.007896729443087835,8.023376410212086e-06,17.02,-0.414
2010-04-06,0.0016828788753491253,2.5701445839780035e-05,16.23,-0.414
2010-04-07,-0.0058940429672622585,4.526853259320607e-05,16.62,-0.414
2010-04-08,0.0033686614308550134,5.850844517378994e-05,16.48,-0.414
2010-04-09,0.006661668296831458,6.916292199131103e-06,16.14,-0.454
2010-04-12,0.0017650508571405155,6.394870530264104e-06,15.58,-0.454
2010-04-13,0.0006851660398368153,3.6138560961226315e-05,16.2,-0.454
2010-04-14,0.01108836309990835,1.120782514715069e-05,15.59,-0.454
2010-04-15,0.0008421839911774143,9.79910411600701e-06,15.89,-0.454
2010-04-16,-0.01625798241854781,0.00010348373271287196,18.36,-0.443
2010-04-19,0.004511140739530184,6.293680653180839e-05,17.34,-0.443
2010-04-20,0.008026045737071108,1.37614130385442e-05,15.73,-0.443
2010-04-21,-0.0010195164357016395,5.036238414682298e-05,16.32,-0.443
2010-04-22,0.0022613206430897037,0.00012990376324065422,16.47,-0.443
2010-04-23,0.007098267683218751,2.7300947521451755e-05,16.62,-0.407
2010-04-26,-0.004305704355092921,1.9196900143272065e-05,17.47,-0.407
2010-04-27,-0.02365964017870148,0.0001240707368323842,22.81,-0.407
2010-04-28,0.006441958378180956,4.9513885306414344e-05,21.08,-0.407
2010-04-29,0.012860180281289324,4.0617312208924255e-05,18.44,-0.407
2010-04-30,-0.01678781013986619,5.5075212482237667e-05,22.05,-0.348
2010-05-03,0.013035257453261728,4.501938645222983e-05,20.19,-0.348
2010-05-04,-0.024127199957417744,0.00015152178379412515,23.84,-0.348
2010-05-05,-0.006608341800780515,0.00011309903918831719,24.91,-0.348
2010-05-06,-0.03288844064396379,0.0037742837985805344,32.8,-0.348
2010-05-07,-0.015426646180906722,0.0005954199547194086,40.95,-0.271
2010-05-10,0.043034704145615166,0.00024530580131166386,28.84,-0.271
2010-05-11,-0.0034030759184666692,0.00019286458449794717,28.32,-0.271
2010-05-12,0.013645992401825069,3.696219150567653e-05,25.52,-0.271
2010-05-13,-0.012219499889225105,6.666664104487842e-05,26.68,-0.271
2010-05-14,-0.018978981387950178,0.00023389106266336315,31.24,-0.195
2010-05-17,0.0011087536210085958,0.0002845383053977751,30.84,-0.195
2010-05-18,-0.014297631784997655,0.0002877613891931384,33.55,-0.195
2010-05-19,-0.005143468860016043,0.00021890581105386172,35.32,-0.195
2010-05-20,-0.039755795837765895,0.0001227641249047328,45.79,-0.195
2010-05-21,0.014912632585704522,0.00037090662862550105,40.1,-0.122
2010-05-24,-0.012992046323687667,8.616228335905372e-05,38.32,-0.122
2010-05-25,0.0003538747646523177,0.0005010486558365431,34.61,-0.122
2010-05-26,-0.005677078693651083,0.0002530839900349954,35.02,-0.122
2010-05-27,0.032347311768676335,9.064212194671622e-05,29.68,-0.122
2010-05-28,-0.012451892345405113,7.673143858586537e-05,32.07,-0.068
2010-06-01,-0.01731435332459874,0.00017291043967362528,35.54,-0.068
2010-06-02,0.025514428108341924,8.78569145858385e-05,30.17,-0.068
2010-06-03,0.004043191983442718,7.443815812184112e-05,29.46,-0.068
2010-06-04,-0.035017442089830375,0.00024575684329963344,35.48,-0.036
2010-06-07,-0.013624466165715887,0.00012397328004391583,36.57,-0.036
2010-06-08,0.010916267643518829,0.00015528120020364195,33.7,-0.036
2010-06-09,-0.005959396741888057,0.00026929259768390657,33.73,-0.036
2010-06-10,0.029079845666177384,0.00010258947081128307,30.57,-0.036
2010-06-11,0.004370115742617031,7.110486259962116e-05,28.79,-0.027
2010-06-14,-0.0018062939317564641,0.00010895345628649199,28.58,-0.027
2010-06-15,0.023222450598500366,6.098543172648521e-05,25.87,-0.027
2010-06-16,-0.000556089354095235,5.4304587098872976e-05,25.92,-0.027
2010-06-17,0.0012821858123892582,5.6800893162600654e-05,25.05,-0.027
2010-06-18,0.0013162641384552032,1.9506281358842748e-05,23.95,-0.042
2010-06-21,-0.003864297943398931,0.00018236457272157607,24.88,-0.042
2010-06-22,-0.016201225086989623,0.00013221487276472138,27.05,-0.042
2010-06-23,-0.0029899392610692743,8.200669620652533e-05,26.91,-0.042
2010-06-24,-0.01694628320495095,6.178734744949743e-05,29.74,-0.042
2010-06-25,0.0028552819315450506,0.0001051823496700725,28.53,-0.069
2010-06-28,-0.002036009610653977,5.0724980269689766e-05,29.0,-0.069
2010-06-29,-0.031508230342208954,0.00027296447176729715,34.13,-0.069
2010-06-30,-0.010164453973334986,0.00014600673680123419,34.54,-0.069
2010-07-01,-0.0032457133092442803,0.00024084891706302163,32.86,-0.069
2010-07-02,-0.0046732717543021,0.00012856829681965132,30.12,-0.103
2010-07-06,0.005344725887457713,0.00027467025678165597,29.65,-0.103
2010-07-07,0.030850023008263783,0.00012289879776691012,26.84,-0.103
2010-07-08,0.009368654951658506,5.640801616689143e-05,25.71,-0.103
2010-07-09,0.007178063766628995,2.5311813688011605e-05,24.98,-0.145
2010-07-12,0.0007326336059527705,4.5349925622517404e-05,24.43,-0.145
2010-07-13,0.015261822735573638,7.846778010315364e-05,24.56,-0.145
2010-07-14,-0.00015514366479330022,5.429248540325704e-05,24.89,-0.145
2010-07-15,0.0011953885564128797,0.00013712461289692359,25.14,-0.145
2010-07-16,-0.029242909700749387,0.00012234716835115542,26.25,-0.186
2010-07-19,0.005964069587908405,7.443156989998908e-05,25.97,-0.186
2010-07-20,0.011351874168992637,0.00019930613964809838,23.93,-0.186
2010-07-21,-0.012902699582285848,0.00014534263881439306,25.64,-0.186
2010-07-22,0.022263687822425382,0.0001205643628325872,24.63,-0.186
2010-07-23,0.008186420184344456,6.931398670456492e-05,23.47,-0.219
2010-07-26,0.011137908716730038,3.0390431497734135e-05,22.73,-0.219
2010-07-27,-0.0010499083075199422,4.630098472659247e-05,23.19,-0.219
2010-07-28,-0.006946032638279753,4.011737517083062e-05,24.25,-0.219
2010-07-29,-0.004167292220516927,0.00020486487146430897,24.13,-0.219
2010-07-30,6.34971961988029e-05,0.00013788597002035904,23.5,-0.243
2010-08-02,0.021783528781166517,5.243706131004244e-05,22.01,-0.243
2010-08-03,-0.004807894641330357,2.267628824564898e-05,22.63,-0.243
2010-08-04,0.0060328780600285015,2.2475909976559434e-05,22.21,-0.243
2010-08-05,-0.001269329843214706,2.3826264749051968e-05,22.1,-0.243
2010-08-06,-0.003710915566397688,0.00010147316205697688,21.74,-0.258
2010-08-09,0.005468087107406205,1.9813179957063216e-05,22.14,-0.258
2010-08-10,-0.005985281603927639,9.58054292358223e-05,22.37,-0.258
2010-08-11,-0.02858340599796172,9.160794709845967e-05,25.39,-0.258
2010-08-12,-0.005393266400071539,4.149405391658498e-05,25.73,-0.258
2010-08-13,-0.004031690712189118,1.9505646187843984e-05,26.24,-0.263
2010-08-16,0.00012045128871118749,7.325956215268176e-05,26.1,-0.263
2010-08-17,0.012118489601347981,0.00010907843595311317,24.33,-0.263
2010-08-18,0.0014816804859387744,8.078863768288334e-05,24.59,-0.263
2010-08-19,-0.017080435856896337,0.00010988413101488599,26.44,-0.263
2010-08-20,-0.003669753922920016,5.481150614975773e-05,25.49,-0.264
2010-08-23,-0.004048490794552606,7.89459075360287e-05,25.66,-0.264
2010-08-24,-0.014618768361991386,7.827614695076558e-05,27.46,-0.264
2010-08-25,0.003283944691637508,0.0001594054822901888,26.7,-0.264
2010-08-26,-0.007714466580892143,8.74059450869926e-05,27.37,-0.264
2010-08-27,0.01645071040328272,0.00021262052019688894,24.45,-0.267
2010-08-30,-0.014828611113085088,4.1421562940231657e-05,27.21,-0.267
2010-08-31,0.00039071808849211465,9.046398569640158e-05,26.05,-0.267
2010-09-01,0.029077736386750708,0.00012096089088093183,23.89,-0.267
2010-09-02,0.009039852986734154,1.0805946003363653e-05,23.19,-0.267
2010-09-03,0.013132393793161334,1.6622718842232874e-05,21.31,-0.274
2010-09-07,-0.011537491412767942,1.7333859019315537e-05,23.8,-0.274
2010-09-08,0.006418059490902905,3.565359283558126e-05,23.25,-0.274
2010-09-09,0.004820652058996622,3.109894945021895e-05,22.81,-0.274
2010-09-10,0.004851545040690297,1.1933217342276435e-05,21.99,-0.289
2010-09-13,0.011069126603144852,2.152095583190012e-05,21.21,-0.289
2010-09-14,-0.0007133739296074637,5.51679323211378e-05,21.56,-0.289
2010-09-15,0.003534883802268851,4.597333308442921e-05,22.1,-0.289
2010-09-16,-0.0003644100558464203,1.690565003584315e-05,21.72,-0.289
2010-09-17,0.0008265141149328414,3.197817733110648e-05,22.01,-0.308
2010-09-20,0.015095287889557163,5.151466478333344e-05,21.5,-0.308
2010-09-21,-0.002567313120714232,5.588367958291604e-05,22.35,-0.308
2010-09-22,-0.00483717279445095,5.514806093838343e-05,22.51,-0.308
2010-09-23,-0.00836624017784171,6.462456436711588e-05,23.87,-0.308
2010-09-24,0.020972915547808668,2.8220717128082297e-05,21.71,-0.33
2010-09-27,-0.005683553181934364,1.1519196431127905e-05,22.54,-0.33
2010-09-28,0.004838660735848599,0.00011463007373371993,22.6,-0.33
2010-09-29,-0.0025911128831443975,2.5543732782650252e-05,23.25,-0.33
2010-09-30,-0.003088486706455562,0.00016228429471916501,23.7,-0.33
2010-10-01,0.0044067143598951475,4.292868014894893e-05,22.5,-0.354
2010-10-04,-0.008067386519721609,8.343659296903945e-05,23.53,-0.354
2010-10-05,0.020646722507163595,6.626432880526958e-05,21.76,-0.354
2010-10-06,-0.0006722304595951911,2.0833459235816975e-05,21.49,-0.354
2010-10-07,-0.0016478755817939117,5.4387062531709384e-05,21.56,-0.354
2010-10-08,0.006103613171283939,4.1502997763317555e-05,20.71,-0.378
2010-10-11,0.0001458262731874882,1.6330989372311695e-05,18.96,-0.378
2010-10-12,0.0038114836641494065,9.645407467568779e-05,18.93,-0.378
2010-10-13,0.007095785561559431,4.860533555813644e-05,19.07,-0.378
2010-10-14,-0.003648032184402794,4.943705674450542e-05,19.88,-0.378
2010-10-15,0.002025432873274724,7.14429148093404e-05,19.03,-0.4
2010-10-18,0.007217634690706021,2.608525788552068e-05,19.09,-0.4
2010-10-19,-0.01600464402905466,8.545343081394314e-05,20.63,-0.4
2010-10-20,0.010469082613678182,5.835843988856499e-05,19.79,-0.4
2010-10-21,0.001772336952799769,0.00011962156787068381,19.27,-0.4
2010-10-22,0.002386408784290417,6.9292012607985916e-06,18.78,-0.417
2010-10-25,0.0021446701468814666,4.5640602103469015e-05,19.85,-0.417
2010-10-26,1.6885142217759608e-05,3.137431437738053e-05,20.22,-0.417
2010-10-27,-0.002694209639216183,5.2591349471152116e-05,20.71,-0.417
2010-10-28,0.0011242172367564862,5.504143207809541e-05,20.88,-0.417
2010-10-29,-0.00043938381356856127,1.1759372477697405e-05,21.2,-0.431
2010-11-01,0.0009460857172536308,0.0001166025375914738,21.83,-0.431
2010-11-02,0.007729336064693726,1.3756250025122418e-05,21.57,-0.431
2010-11-03,0.003671306443685296,7.189863474793379e-05,19.56,-0.431
2010-11-04,0.01909930440966523,4.304533688554425e-05,18.52,-0.431
2010-11-05,0.0039150790536108815,9.814754262267673e-06,18.26,-0.44
2010-11-08,-0.0021232098228605167,1.652567647357186e-05,18.29,-0.44
2010-11-09,-0.008084894540661303,8.099729812267208e-05,19.08,-0.44
2010-11-10,0.004366533579725385,6.272734133996367e-05,18.47,-0.44
2010-11-11,-0.004251149890857064,4.095903551944547e-05,18.64,-0.44
2010-11-12,-0.011878766244753258,6.736260764486613e-05,20.61,-0.444
2010-11-15,-0.0012181773094548376,3.461088755823288e-05,20.2,-0.444
2010-11-16,-0.01633815741468858,9.51405700131504e-05,22.58,-0.444
2010-11-17,0.0002121403759884899,2.1505634508299477e-05,21.76,-0.444
2010-11-18,0.015240583543647546,5.060964019708581e-05,18.75,-0.444
2010-11-19,0.0025371519119099517,3.53349723611776e-05,18.04,-0.446
2010-11-22,-0.0015766088850606153,7.258146931118326e-05,18.37,-0.446
2010-11-23,-0.014387031590549881,4.86263831290714e-05,20.63,-0.446
2010-11-24,0.014812715518616848,2.0000633116866047e-05,19.56,-0.446
2010-11-26,-0.007496591424233756,1.2277457419478449e-05,22.22,-0.449
2010-11-29,-0.001379810265237147,9.933650351241428e-05,21.53,-0.449
2010-11-30,-0.006088715610164108,6.145097205759295e-05,23.54,-0.449
2010-12-01,0.021386622263129595,5.170066509575097e-05,21.36,-0.449
2010-12-02,0.012737100160620685,2.0328458058193615e-05,19.39,-0.449
2010-12-03,0.002599854016351877,1.9762349275958448e-05,18.01,-0.455
2010-12-06,-0.0012990821033005417,8.648854468255333e-06,18.02,-0.455
2010-12-07,0.0005149475844579143,4.293148204883843e-05,17.99,-0.455
2010-12-08,0.003694925752615319,2.6939482393676187e-05,17.74,-0.455
2010-12-09,0.0038353835670088543,1.8308614749204234e-05,17.25,-0.455
2010-12-10,0.0059837037443601915,9.170358390763098e-06,17.61,-0.466
2010-12-13,4.8319150458553395e-05,1.2138972858356887e-05,17.55,-0.466
2010-12-14,0.0009105416846804104,2.2950086768594763e-05,17.61,-0.466
2010-12-15,-0.005135617015335825,2.3989653727876496e-05,17.94,-0.466
2010-12-16,0.006166045704273593,2.8021978687207334e-05,17.39,-0.466
2010-12-17,0.0008364544598933321,1.1401924380760064e-05,16.11,-0.482
2010-12-20,0.002545111460543481,2.3892872265036534e-05,16.41,-0.482
2010-12-21,0.006011993849786457,6.424475813779513e-06,16.49,-0.482
2010-12-22,0.003373857625541987,2.545711467816479e-06,15.45,-0.482
2010-12-23,-0.0016456817776040467,6.388110924181661e-06,16.47,-0.482
2010-12-27,0.0006125096248110751,1.3304633174264047e-05,17.67,-0.482
2010-12-28,0.0007710265951414996,4.1934985767181735e-06,17.52,-0.482
2010-12-29,0.001008636510665184,4.346992577120513e-06,17.28,-0.482
2010-12-30,-0.0015093576964178013,6.5872890839748866e-06,17.52,-0.482
2010-12-31,-0.00019080765268331135,8.206909546395236e-06,17.75,-0.522
2011-01-03,0.011251294147760937,5.815979980089001e-05,17.61,-0.522
2011-01-04,-0.0013139246526350234,3.900981620362833e-05,17.38,-0.522
2011-01-05,0.0049946760743084795,3.212651029539141e-05,17.02,-0.522
2011-01-06,-0.002125214370637174,1.70316729526824e-05,17.4,-0.522
2011-01-07,-0.0018464857690823067,6.902954664222243e-05,17.14,-0.544
2011-01-10,-0.001377275180819204,2.6893383780998878e-05,17.54,-0.544
2011-01-11,0.0037182062584069087,1.7090332580988524e-05,16.89,-0.544
2011-01-12,0.00896725379885055,1.3312385198472973e-05,16.24,-0.544
2011-01-13,-0.0017122112404592826,1.0823712565631537e-05,16.39,-0.544
2011-01-14,0.007357410347301752,1.8559707157613296e-05,15.46,-0.564
2011-01-18,0.0013754642661831795,9.661605590390051e-06,15.87,-0.564
2011-01-19,-0.01016716579338528,3.729018583484486e-05,17.31,-0.564
2011-01-20,-0.001295798403834425,4.471381947672016e-05,17.99,-0.564
2011-01-21,0.0024106376042603017,2.5213710406457155e-05,18.47,-0.582
2011-01-24,0.005819315234595557,1.371425317367214e-05,17.65,-0.582
2011-01-25,0.0002634277736186519,2.9281693778316412e-05,17.59,-0.582
2011-01-26,0.004212024148480431,1.2968877030163444e-05,16.64,-0.582
2011-01-27,0.0022417910607996916,1.3106672457043623e-05,16.15,-0.582
2011-01-28,-0.018013805424183182,0.00010248034496874347,20.04,-0.594
2011-01-31,0.007633349932881117,1.2869929024444883e-05,19.53,-0.594
2011-02-01,0.016555791837834732,3.722774563580763e-05,17.63,-0.594
2011-02-02,-0.0027262302593635823,6.507507967941322e-06,17.3,-0.594
2011-02-03,0.002351432290127242,5.1698847643393036e-05,16.69,-0.594
2011-02-04,0.0028801110627521,2.2145591703380583e-05,15.93,-0.599
2011-02-07,0.006220782345953246,2.3289472202677062e-05,16.28,-0.599
2011-02-08,0.0041760203758389736,1.494458596067304e-05,15.81,-0.599
2011-02-09,-0.002789653077800658,2.6168296684827033e-05,15.87,-0.599
2011-02-10,0.000749212207498573,3.202044600772157e-05,16.09,-0.599
2011-02-11,0.005492261501887086,3.752108747414257e-05,15.69,-0.597
2011-02-14,0.0023820846440685273,7.569013636940936e-06,15.95,-0.597
2011-02-15,-0.0032401546915794555,8.330011539374782e-06,16.37,-0.597
2011-02-16,0.006237938698851586,8.363270282255969e-06,16.72,-0.597
2011-02-17,0.0030709708803797753,2.2941496697786002e-05,16.59,-0.597
2011-02-18,0.0019228727220248487,8.357596500780105e-06,16.43,-0.588
2011-02-22,-0.0207422049204542,8.022269518910299e-05,20.8,-0.588
2011-02-23,-0.006130715010509213,8.38884978263696e-05,22.13,-0.588
2011-02-24,-0.000994871961243149,8.147397403168244e-05,21.32,-0.588
2011-02-25,0.010495248165325322,1.5793373255819085e-05,19.22,-0.573
2011-02-28,0.005545679951232785,1.5275584571992756e-05,18.35,-0.573
2011-03-01,-0.015864861791058615,8.273416429853278e-05,21.01,-0.573
2011-03-02,0.001613897889519933,3.737542012460755e-05,20.7,-0.573
2011-03-03,0.017072434579239015,3.684967474264591e-05,18.6,-0.573
2011-03-04,-0.00740538978936911,7.76718364423287e-05,19.06,-0.56
2011-03-07,-0.008376215256269859,0.00012674450417133535,20.66,-0.56
2011-03-08,0.008883161530176764,7.7012598138638e-05,19.82,-0.56
2011-03-09,-0.0013626313929711031,3.446018509792443e-05,20.22,-0.56
2011-03-10,-0.019051280476330312,3.956126215077106e-05,21.88,-0.56
2011-03-11,0.007055564524569569,5.2211259396506125e-05,20.08,-0.549
2011-03-14,-0.006067696956773894,6.033119026201826e-05,21.13,-0.549
2011-03-15,-0.011263544394846114,0.00021983980505821876,24.32,-0.549
2011-03-16,-0.0196874819493722,0.00019473397523583409,29.4,-0.549
2011-03-17,0.01330926623187434,5.717239849374673e-05,26.37,-0.549
2011-03-18,0.0043009395825457375,4.754991379604428e-05,24.44,-0.544
2011-03-21,0.014874667930182994,4.2513627607135496e-05,20.61,-0.544
2011-03-22,-0.003556885341038374,8.465500919057298e-06,20.21,-0.544
2011-03-23,0.00290974225850249,7.45249677845429e-05,19.17,-0.544
2011-03-24,0.00929739343547542,3.5768150762633376e-05,18.0,-0.544
2011-03-25,0.0031561510021891337,2.2693086570100875e-05,17.91,-0.548
2011-03-28,-0.0027516184993912063,2.0171530657441255e-05,19.44,-0.548
2011-03-29,0.007035239607302124,3.578356853430535e-05,18.16,-0.548
2011-03-30,0.0066624626262346,1.8629226096032868e-05,17.71,-0.548
2011-03-31,-0.0018311771049752679,5.806685577990359e-06,17.74,-0.548
2011-04-01,0.00495071294445637,2.070574254467553e-05,17.4,-0.559
2011-04-04,0.0003451501808520163,1.6323296843550062e-05,17.5,-0.559
2011-04-05,-0.0001800714575308504,1.8718393233053127e-05,17.25,-0.559
2011-04-06,0.0021812967581533727,1.9239317345376855e-05,16.9,-0.559
2011-04-07,-0.001521162699225087,4.180565453982161e-05,17.11,-0.559
2011-04-08,-0.004012483000974676,6.310818116955643e-05,17.87,-0.573
2011-04-11,-0.0027972882914015784,4.129731749976888e-05,16.59,-0.573
2011-04-12,-0.0078070954457247765,3.12408089935508e-05,17.09,-0.573
2011-04-13,0.00019021749031011836,4.270587892555661e-05,16.92,-0.573
2011-04-14,8.36730908613248e-05,5.762627320938378e-05,16.27,-0.573
2011-04-15,0.00391772882556829,1.8468626241606044e-05,15.32,-0.586
2011-04-18,-0.011078997728578344,8.708541435724842e-05,16.96,-0.586
2011-04-19,0.0057148102180946125,1.2356613101290097e-05,15.83,-0.586
2011-04-20,0.01342443513234759,2.4334202874058218e-05,15.07,-0.586
2011-04-21,0.005262908499656049,2.3596205842481065e-06,14.69,-0.586
2011-04-25,-0.001593939550096124,9.605901552562297e-06,15.77,-0.586
2011-04-26,0.008939507790192813,2.1806709501993094e-05,15.62,-0.586
2011-04-27,0.006230397799829035,3.698520599142547e-05,15.35,-0.586
2011-04-28,0.003549118471434909,8.650515895069228e-06,14.62,-0.586
2011-04-29,0.002298019742020152,6.785052262748588e-06,14.75,-0.599
2011-05-02,-0.0017542491090454249,3.529291956131527e-05,15.99,-0.599
2011-05-03,-0.0033850263710526463,3.282277857256734e-05,16.7,-0.599
2011-05-04,-0.006878914252832047,4.143302752895417e-05,17.08,-0.599
2011-05-05,-0.00911121718069463,8.127527331611466e-05,18.2,-0.599
2011-05-06,0.0038126429958769137,9.748772510326947e-05,18.4,-0.596
2011-05-09,0.004533870101931292,2.434368248663408e-05,17.16,-0.596
2011-05-10,0.008041616009663244,1.7186577105734875e-05,15.91,-0.596
2011-05-11,-0.01117368968788579,5.816162204380949e-05,16.95,-0.596
2011-05-12,0.00488349367216756,8.217045895165193e-05,16.03,-0.596
2011-05-13,-0.008100047045425107,5.5758236661226285e-05,17.07,-0.587
2011-05-16,-0.00622371863809601,6.576201068178411e-05,18.24,-0.587
2011-05-17,-0.00036862852333019447,3.861352857189018e-05,17.55,-0.587
2011-05-18,0.008765271983703471,3.318931594603899e-05,16.23,-0.587
2011-05-19,0.0021755725891674516,3.0086109427797986e-05,15.52,-0.587
2011-05-20,-0.007717974612614142,1.9487846558756182e-05,17.43,-0.574
2011-05-23,-0.011997264840988286,6.223510418960622e-05,18.27,-0.574
2011-05-24,-0.0008277226453321518,2.744361274312368e-05,17.82,-0.574
2011-05-25,0.003178113156669937,5.307463597782408e-05,17.07,-0.574
2011-05-26,0.003945322767698656,5.12987057516999e-05,16.09,-0.574
2011-05-27,0.004072615318766459,1.6128851016177828e-05,15.98,-0.561
2011-05-31,0.010537014856367932,1.2624587230300288e-05,15.45,-0.561
2011-06-01,-0.02304822570064058,7.53412349535731e-05,18.3,-0.561
2011-06-02,-0.001225586114047772,4.4240010370873136e-05,18.09,-0.561
2011-06-03,-0.009781492665191571,2.9410001979159707e-05,17.95,-0.547
2011-06-06,-0.010818516013721968,2.6425053774550905e-05,18.49,-0.547
2011-06-07,-0.0009568650426681202,3.913029960655449e-05,18.07,-0.547
2011-06-08,-0.004195664421607681,2.2103713637085378e-05,18.79,-0.547
2011-06-09,0.0073504093289917805,4.6538356312859325e-05,17.77,-0.547
2011-06-10,-0.0140784828818461,5.3094011675944395e-05,18.86,-0.535
2011-06-13,0.0006685325595015001,4.0138931372588456e-05,19.61,-0.535
2011-06-14,0.012532913485107322,6.731198213345992e-05,18.26,-0.535
2011-06-15,-0.01758556950725776,8.802939440327738e-05,21.32,-0.535
2011-06-16,0.0017527979756826184,7.918134534507087e-05,22.73,-0.535
2011-06-17,0.0030403902917992554,4.5507001800605316e-05,21.85,-0.526
2011-06-20,0.005380689090158874,3.9763973184432825e-05,19.99,-0.526
2011-06-21,0.013334179061463836,4.2979490683488466e-05,18.86,-0.526
2011-06-22,-0.006489459844407186,2.568993163302485e-05,18.52,-0.526
2011-06-23,-0.0028319928581943543,0.00017103264382728318,19.29,-0.526
2011-06-24,-0.011795077176858015,3.507502554448312e-05,21.1,-0.519
2011-06-27,0.009142536655730282,6.038797321429273e-05,20.56,-0.519
2011-06-28,0.012861292735997232,1.9843754857464492e-05,19.17,-0.519
2011-06-29,0.008248633534912564,1.9582086624676345e-05,17.27,-0.519
2011-06-30,0.01006837159516305,2.1591190612185226e-05,16.52,-0.519
2011-07-01,0.014306869106082587,6.835290400136476e-05,15.87,-0.512
2011-07-05,-0.0013370725450787546,1.1506135804379064e-05,16.06,-0.512
2011-07-06,0.0010010578196055775,2.7533448603140572e-05,16.34,-0.512
2011-07-07,0.010399582892092418,3.88007309813614e-05,15.95,-0.512
2011-07-08,-0.006985458106935738,8.104459233569339e-05,15.95,-0.499
2011-07-11,-0.018256166936573948,8.078566826361355e-05,18.39,-0.499
2011-07-12,-0.004443369829837174,4.700472740042189e-05,19.87,-0.499
2011-07-13,0.0031010271091220787,8.04697018553368e-05,19.91,-0.499
2011-07-14,-0.006738782369335006,0.00010205245124078433,20.8,-0.499
2011-07-15,0.005539055540283222,1.8222152447053614e-05,19.53,-0.476
2011-07-18,-0.008163117539368159,9.271750738803141e-05,20.95,-0.476
2011-07-19,0.016177149646843247,4.176561611673015e-05,19.21,-0.476
2011-07-20,-0.0006710584073994497,1.1307753110275064e-05,19.09,-0.476
2011-07-21,0.013455262786265187,5.619824151270581e-05,17.56,-0.476
2011-07-22,0.0009074395131127844,2.294247766748797e-05,17.52,-0.442
2011-07-25,-0.005658995223243757,3.870816894833327e-05,19.35,-0.442
2011-07-26,-0.004113420062329176,1.5913008304338487e-05,20.23,-0.442
2011-07-27,-0.020517724807291415,7.034023635413554e-05,22.98,-0.442
2011-07-28,-0.003239207155504964,8.213562370535602e-05,23.74,-0.442
2011-07-29,-0.006471427287173093,0.00012145281934143576,25.25,-0.393
2011-08-01,-0.004140860866231222,0.00031239823447043946,23.66,-0.393
2011-08-02,-0.025888909190624254,7.489005955669409e-05,24.79,-0.393
2011-08-03,0.00500314595271778,0.00021882536042635038,23.38,-0.393
2011-08-04,-0.04900165504374154,0.0002937551644020584,31.66,-0.393
2011-08-05,-0.0005750829892727793,0.0008788684915323353,32.0,-0.329
2011-08-08,-0.06895836939262434,0.0005399682015254596,48.0,-0.329
2011-08-09,0.046317441063387754,0.0011646751836974552,35.06,-0.329
2011-08-10,-0.04515679702747466,0.0003376125191857333,42.99,-0.329
2011-08-11,0.04525059436377177,0.0008129826864195185,39.0,-0.329
2011-08-12,0.005247875067276198,0.00011042588911265732,36.36,-0.257
2011-08-15,0.021550727976033635,5.26013895070882e-05,31.87,-0.257
2011-08-16,-0.009786275177620318,0.00016205880470699649,32.85,-0.257
2011-08-17,0.0009469381398128363,0.0002027912046881018,31.58,-0.257
2011-08-18,-0.04561859893236342,0.0005928066106309094,42.67,-0.257
2011-08-19,-0.015122756128207904,0.00032088774016441983,43.05,-0.194
2011-08-22,0.00025800787322438623,0.00023177160450982214,42.44,-0.194
2011-08-23,0.033710248386474184,0.00012555618515358558,36.27,-0.194
2011-08-24,0.013034651368546868,0.0001145080896973045,35.9,-0.194
2011-08-25,-0.015687934737961484,0.00036459158356056824,39.76,-0.194
2011-08-26,0.015008418274915059,0.0006740038235415861,35.59,-0.136
2011-08-29,0.027887505012164304,8.702067929010891e-05,32.28,-0.136
2011-08-30,0.0023442750237698817,0.0002002304081343173,32.89,-0.136
2011-08-31,0.004909908712070532,0.00014420446109925252,31.62,-0.136
2011-09-01,-0.01194246079230421,0.00016180854110779417,31.82,-0.136
2011-09-02,-0.025607017291752854,0.00014952617190796158,33.92,-0.093
2011-09-06,-0.007464076457609714,0.0004062261304574458,37.0,-0.093
2011-09-07,0.028243824959147013,8.737423914833268e-05,33.38,-0.093
2011-09-08,-0.010668890387302454,0.00011591789222139756,34.32,-0.093
2011-09-09,-0.027068562510962124,0.00022903810233686764,38.52,-0.061
2011-09-12,0.0069415681820235164,0.00024268827817268133,38.59,-0.061
2011-09-13,0.009078726180353769,0.00010220404468510953,36.91,-0.061
2011-09-14,0.013389760518230709,0.0004968601294578986,34.6,-0.061
2011-09-15,0.017041046718104802,3.058965655522013e-05,31.97,-0.061
2011-09-16,0.005690475561936026,7.065487444438208e-05,30.98,-0.043
2011-09-19,-0.00985094868808023,0.00021419751108189895,32.73,-0.043
2011-09-20,-0.0016623864527245402,0.00012286750335053332,32.86,-0.043
2011-09-21,-0.02983099508714737,0.00019727727251943756,37.32,-0.043
2011-09-22,-0.032402456759229814,0.0006164403749050926,41.35,-0.043
2011-09-23,0.006063588829469779,0.00014444635050434281,41.25,-0.035
2011-09-26,0.023068021296968944,0.00021838902405629194,39.02,-0.035
2011-09-27,0.01063166535729465,0.00033944895333413777,37.71,-0.035
2011-09-28,-0.02090819585269532,0.0002628276181368765,41.08,-0.035
2011-09-29,0.00808148643535933,0.000460107263099786,38.84,-0.035
2011-09-30,-0.025291274478866477,7.218435465785079e-05,42.96,-0.037
2011-10-03,-0.02886360290378409,0.0003236234026886383,45.45,-0.037
2011-10-04,0.022239306131154102,0.0008276218891530724,40.82,-0.037
2011-10-05,0.01770791894551138,0.00024096214084222796,37.81,-0.037
2011-10-06,0.01813816846648031,0.0002277907459280243,36.27,-0.037
2011-10-07,-0.008196811187622721,0.0001395498796638325,36.2,-0.049
2011-10-10,0.033555643919288336,0.00011142349837576696,33.02,-0.049
2011-10-11,0.0005438556372530101,4.982251103019671e-05,32.86,-0.049
2011-10-12,0.009747046937637727,0.0001655681825363659,31.26,-0.049
2011-10-13,-0.002978102395136517,9.620514337234872e-05,30.7,-0.049
2011-10-14,0.017230948802477997,2.7979392352134856e-05,28.24,-0.071
2011-10-17,-0.01955993759944885,8.244596067158292e-05,33.39,-0.071
2011-10-18,0.020213049380310544,0.00043018829496899635,31.56,-0.071
2011-10-19,-0.012729818787025948,0.00013533677350556305,34.44,-0.071
2011-10-20,0.0045438398210837505,0.0001607429813544968,34.78,-0.071
2011-10-21,0.018634067492434347,5.1414865969289636e-05,31.32,-0.089
2011-10-24,0.012790806680372135,4.261600683558177e-05,29.26,-0.089
2011-10-25,-0.02024834619938165,8.55800281438758e-05,32.22,-0.089
2011-10-26,0.010481430544087011,0.00016732201803085144,29.86,-0.089
2011-10-27,0.03371659116813408,0.0003382318473491452,25.46,-0.089
2011-10-28,0.0003891535285420744,3.073299880675603e-05,24.53,-0.103
2011-10-31,-0.025048616612978414,7.356100760077874e-05,29.96,-0.103
2011-11-01,-0.028340059621593916,0.00014492189462751915,34.77,-0.103
2011-11-02,0.015976363304396557,8.69254936905062e-05,32.74,-0.103
2011-11-03,0.018607607200930687,0.00012881018270479935,30.5,-0.103
2011-11-04,-0.006299819537189499,0.00013943004232888677,30.16,-0.104
2011-11-07,0.006276008211166584,0.00012488680113741574,29.85,-0.104
2011-11-08,0.011667310321724855,0.00010613126841614725,27.48,-0.104
2011-11-09,-0.03738534709898822,0.00022977220765482394,36.16,-0.104
2011-11-10,0.0085872010994823,8.618526058229099e-05,32.81,-0.104
2011-11-11,0.01929322300451375,9.079415682228907e-05,30.04,-0.097
2011-11-14,-0.009596036687555376,5.7979695090259996e-05,31.13,-0.097
2011-11-15,0.00480559827730076,0.00011682898052484207,31.22,-0.097
2011-11-16,-0.016755798341955064,7.564966673339752e-05,33.51,-0.097
2011-11-17,-0.016942671987706603,0.0001602801870608696,34.51,-0.097
2011-11-18,-0.00039475649047204797,4.972505017116836e-05,32.0,-0.084
2011-11-21,-0.018824571104948618,0.00022973733514683779,32.91,-0.084
2011-11-22,-0.004149438857005805,7.460389872442065e-05,31.97,-0.084
2011-11-23,-0.022342970458596234,5.439224351820018e-05,33.98,-0.084
2011-11-25,-0.0026891193002507308,6.99710252698003e-05,34.47,-0.072
2011-11-28,0.028821079038610087,0.00021828755698444566,32.13,-0.072
2011-11-29,0.0022112069693971392,4.723405142959423e-05,30.64,-0.072
2011-11-30,0.04240343833622706,0.00019725270071974685,27.8,-0.072
2011-12-01,-0.0019104695778526803,4.024984488614193e-05,27.41,-0.072
2011-12-02,-0.0002410153733274356,8.855987950629829e-05,27.52,-0.07
2011-12-05,0.010234463299266139,0.00011901524023438584,27.84,-0.07
2011-12-06,0.0011051379065261102,5.286561660439833e-05,28.13,-0.07
2011-12-07,0.0020163207826575658,0.0001550714306705493,28.67,-0.07
2011-12-08,-0.021368498950929293,0.000103765758686686,30.59,-0.07
2011-12-09,0.016742412907085225,7.494805672907974e-05,26.38,-0.076
2011-12-12,-0.015026386904779088,0.00016493692759049903,25.67,-0.076
2011-12-13,-0.008723953020305153,0.0002723662096979981,25.41,-0.076
2011-12-14,-0.0114132514971379,3.8849683376964534e-05,26.04,-0.076
2011-12-15,0.003237852858082313,5.7703341935679234e-05,25.11,-0.076
2011-12-16,0.003210989101900097,8.054138203477544e-05,24.29,-0.09
2011-12-19,-0.011802198458557456,0.00011294851469958245,24.92,-0.09
2011-12-20,0.02938929593094386,0.00013250707878988398,23.22,-0.09
2011-12-21,0.0019476081648539534,7.775346957922013e-05,21.43,-0.09
2011-12-22,0.008231577169830473,1.618164362300681e-05,21.16,-0.09
2011-12-23,0.008994480783105274,9.841756990274368e-06,20.73,-0.114
2011-12-27,7.910481903916633e-05,1.5556758899085902e-05,21.91,-0.114
2011-12-28,-0.012556506256502509,3.316987297714313e-05,23.52,-0.114
2011-12-29,0.010650172463281038,1.7117477332089062e-05,22.65,-0.114
2011-12-30,-0.004300570740064735,7.324287523764353e-06,23.4,-0.148
2012-01-03,0.01535548367017725,0.00012556931629555422,22.97,-0.148
2012-01-04,0.00018790634443721643,3.482465224069592e-05,22.22,-0.148
2012-01-05,0.0029393926694947226,9.413743438002735e-05,21.48,-0.148
2012-01-06,-0.0025401850025392747,1.983499026127732e-05,20.63,-0.19
2012-01-09,0.0022590443626082646,1.4993876406667032e-05,21.07,-0.19
2012-01-10,0.008846523613060597,4.4268094569543986e-05,20.69,-0.19
2012-01-11,0.0003095493446325648,2.1114441178593808e-05,21.05,-0.19
2012-01-12,0.0023338827385686045,3.4509513965051214e-05,20.47,-0.19
2012-01-13,-0.004960204447868932,8.223529971255993e-05,20.91,-0.236
2012-01-17,0.0035466577681741995,4.5821245856467435e-05,22.2,-0.236
2012-01-18,0.011046689130221665,3.95054340583154e-05,20.89,-0.236
2012-01-19,0.004926501717244847,6.709206958912455e-06,19.87,-0.236
2012-01-20,0.0006692357932855941,1.101997550118658e-05,18.28,-0.282
2012-01-23,0.00047123192204079345,4.420265518337118e-05,18.67,-0.282
2012-01-24,-0.0010263438252238188,2.812860665520821e-05,18.91,-0.282
2012-01-25,0.00864169471719567,9.261627775271607e-05,18.31,-0.282
2012-01-26,-0.0057705082879886405,9.908341110097227e-05,18.57,-0.282
2012-01-27,-0.0015941475452905252,1.9264457581138352e-05,18.53,-0.323
2012-01-30,-0.0025253090863452954,6.951009382194822e-05,19.4,-0.323
2012-01-31,-0.0004570511280785894,6.246352057059622e-05,19.44,-0.323
2012-02-01,0.008860237474266341,6.337516869246883e-05,18.55,-0.323
2012-02-02,0.001094547830667203,1.615532065857709e-05,17.98,-0.323
2012-02-03,0.014499725948107667,2.6899245375849564e-05,17.1,-0.356
2012-02-06,-0.0004239640135317302,1.3009492119841199e-05,17.76,-0.356
2012-02-07,0.0020213375254707344,4.76371556540688e-05,17.65,-0.356
2012-02-08,0.0021578809333249183,2.0776869676670575e-05,18.16,-0.356
2012-02-09,0.0014730251258781024,2.495043953483424e-05,18.63,-0.356
2012-02-10,-0.006910122643615679,3.751417014849922e-05,20.79,-0.38
2012-02-13,0.006777023326496767,1.2984586204871414e-05,19.04,-0.38
2012-02-14,-0.0009399650039254581,3.0115764416249292e-05,19.54,-0.38
2012-02-15,-0.005397747536216357,5.114384534553037e-05,21.14,-0.38
2012-02-16,0.01096536583327623,3.6470821459518065e-05,19.22,-0.38
2012-02-17,0.0023461758829403934,8.15337214219688e-06,17.78,-0.396
2012-02-21,0.0007196637576960541,2.4861541730997814e-05,18.19,-0.396
2012-02-22,-0.0033456974121452987,9.778742192411076e-06,18.19,-0.396
2012-02-23,0.004262903180605626,3.1428832375012684e-05,16.8,-0.396
2012-02-24,0.0016708411755086416,6.907911636846128e-06,17.31,-0.408
2012-02-27,0.0013536425518791972,7.673464392975109e-05,18.19,-0.408
2012-02-28,0.0033507134923151938,9.120303272998342e-06,17.96,-0.408
2012-02-29,-0.0047482427569534025,4.51088955298579e-05,18.43,-0.408
2012-03-01,0.006139156544533009,1.425033626264894e-05,17.26,-0.408
2012-03-02,-0.0032510350278585065,1.3426532502495647e-05,17.29,-0.418
2012-03-05,-0.0038772005028215872,2.3668632004548096e-05,18.05,-0.418
2012-03-06,-0.015489506127543962,6.575286792082209e-05,20.87,-0.418
2012-03-07,0.006876921722994034,1.7927744006687245e-05,19.07,-0.418
2012-03-08,0.009770049174722573,3.298024083846227e-05,17.95,-0.418
2012-03-09,0.0036246730207318834,1.561916516139081e-05,17.11,-0.426
2012-03-12,0.0001604477867873655,1.0724524289041522e-05,15.64,-0.426
2012-03-13,0.017969133090434575,3.653064687030334e-05,14.8,-0.426
2012-03-14,-0.0011969780885960901,2.240195109744691e-05,15.31,-0.426
2012-03-15,0.005949465701560186,1.0793731836874763e-05,15.42,-0.426
2012-03-16,0.001118772476700336,4.420626946373797e-06,14.47,-0.434
2012-03-19,0.003965971514070965,2.7676011962365727e-05,15.04,-0.434
2012-03-20,-0.003005028734389903,3.276873657116732e-05,15.58,-0.434
2012-03-21,-0.0018729499037748454,1.1463910168788844e-05,15.13,-0.434
2012-03-22,-0.007232634226897794,3.1250621075592784e-05,15.57,-0.434
2012-03-23,0.0031040360075564877,3.53241743792988e-05,14.82,-0.437
2012-03-26,0.013790299964088426,2.230582898469061e-05,14.26,-0.437
2012-03-27,-0.0028207497542460658,9.800351108688013e-06,15.59,-0.437
2012-03-28,-0.004953758683289067,5.902196932772991e-05,15.47,-0.437
2012-03-29,-0.0016092239433875832,4.802800453450167e-05,15.48,-0.437
2012-03-30,0.0036916136216209594,1.7474400275820223e-05,15.5,-0.435
2012-04-02,0.007476626120983099,5.878049179143728e-05,15.64,-0.435
2012-04-03,-0.003996611820141993,4.5832954929573815e-05,15.66,-0.435
2012-04-04,-0.010254926852537594,5.260981257005797e-05,16.44,-0.435
2012-04-05,-0.0006292401524214952,1.9195675590379326e-05,16.7,-0.435
2012-04-09,-0.011423437999542152,4.928764120108243e-05,18.81,-0.435
2012-04-10,-0.01722902527718606,6.047982689420116e-05,20.39,-0.435
2012-04-11,0.007421289800123354,4.655979028617693e-05,20.02,-0.435
2012-04-12,0.013685315235976603,2.6745689144621403e-05,17.2,-0.435
2012-04-13,-0.01255346712505645,2.181174965164432e-05,19.55,-0.414
2012-04-16,-0.000503727240173113,5.402421138564181e-05,19.55,-0.414
2012-04-17,0.015367979157954181,4.9729375570126415e-05,18.46,-0.414
2012-04-18,-0.004063533761746285,8.201464004978654e-06,18.64,-0.414
2012-04-19,-0.005952075477202001,9.316445030196931e-05,18.36,-0.414
2012-04-20,0.001168582621337677,2.8025008796799223e-05,17.44,-0.399
2012-04-23,-0.0084431131028877,7.647559097949451e-05,18.97,-0.399
2012-04-24,0.0036730196416288052,1.5211231093709497e-05,18.1,-0.399
2012-04-25,0.013552342898741188,2.726568658398429e-05,16.82,-0.399
2012-04-26,0.006657952133507727,3.907198664610336e-05,16.24,-0.399
2012-04-27,0.0024114139290238867,2.016821313602212e-05,16.32,-0.377
2012-04-30,-0.0038910622753700608,1.6281038801304087e-05,17.15,-0.377
2012-05-01,0.005642435719684258,8.467961943515067e-05,16.6,-0.377
2012-05-02,-0.0024998055766589644,3.2228187679049646e-05,16.88,-0.377
2012-05-03,-0.007688351103507074,3.003949950501626e-05,17.56,-0.377
2012-05-04,-0.016278995721589418,4.384523326948546e-05,19.16,-0.351
2012-05-07,0.00035051958289678,2.639383219316327e-05,18.94,-0.351
2012-05-08,-0.0042878531349686,0.00011808028028666925,19.05,-0.351
2012-05-09,-0.006724827531781941,0.00010029320251081036,20.08,-0.351
2012-05-10,0.0025142474063848397,3.206536136649958e-05,18.83,-0.351
2012-05-11,-0.0033930913342814506,7.165094769975676e-05,19.89,-0.32
2012-05-14,-0.011175073102339006,2.556960886746842e-05,21.87,-0.32
2012-05-15,-0.005762408276502207,6.360597515149598e-05,21.97,-0.32
2012-05-16,-0.004413543928947661,7.335825045613035e-05,22.27,-0.32
2012-05-17,-0.015165797405604309,4.451585977376911e-05,24.49,-0.32
2012-05-18,-0.007415201826755258,9.896879190492239e-05,25.1,-0.286
2012-05-21,0.015908684395839146,3.213227209301226e-05,22.01,-0.286
2012-05-22,0.0004862187951424346,9.772860180801747e-05,22.48,-0.286
2012-05-23,0.0016922705145487882,0.00016892230804719087,22.33,-0.286
2012-05-24,0.0013790801585873425,5.275526270579235e-05,21.54,-0.286
2012-05-25,-0.0021679807027599196,2.6573943999050273e-05,21.76,-0.26
2012-05-29,0.01101805527882771,3.2792548163617336e-05,21.03,-0.26
2012-05-30,-0.01443862930479689,4.9268516640867284e-05,24.14,-0.26
2012-05-31,-0.0022792610600435026,0.00012496468057376022,24.06,-0.26
2012-06-01,-0.02495129541436114,8.421412261148047e-05,26.66,-0.241
2012-06-04,0.00010954819498731894,7.692250976600067e-05,26.12,-0.241
2012-06-05,0.0057105145943596725,4.134219816600823e-05,24.68,-0.241
2012-06-06,0.02278777604804816,5.8602846021607336e-05,22.16,-0.241
2012-06-07,-0.00010647016016740452,7.649966518387807e-05,21.72,-0.241
2012-06-08,0.008081420799989303,6.861945896613039e-05,21.23,-0.234
2012-06-11,-0.012700423815401152,0.00015833332821554207,23.56,-0.234
2012-06-12,0.011583389901240082,4.1755736678619076e-05,22.09,-0.234
2012-06-13,-0.0070480300711039945,6.230380198201681e-05,24.27,-0.234
2012-06-14,0.01075659264986939,6.42271084507176e-05,21.68,-0.234
2012-06-15,0.010284745652146654,1.5584695274129277e-05,21.11,-0.239
2012-06-18,0.0014437039589356715,5.142658526063836e-05,18.32,-0.239
2012-06-19,0.00976783441761242,5.8064065985206114e-05,18.38,-0.239
2012-06-20,-0.0016877805127712975,6.119148756282162e-05,17.24,-0.239
2012-06-21,-0.02251320818337632,0.00012617779305093134,20.08,-0.239
2012-06-22,0.007148989234504022,2.1843845896294895e-05,18.11,-0.255
2012-06-25,-0.016083502390602966,8.910876338845858e-05,20.38,-0.255
2012-06-26,0.004761368161021018,4.8242866056212277e-05,19.72,-0.255
2012-06-27,0.00894478141961752,2.59184280632737e-05,19.45,-0.255
2012-06-28,-0.0021120283457669586,9.368011427006793e-05,19.71,-0.255
2012-06-29,0.02461479373492015,6.459610933177618e-05,17.08,-0.274
2012-07-02,0.0024562921587065745,2.8515693853840845e-05,16.8,-0.274
2012-07-03,0.006212771568424813,1.98587516360735e-05,16.66,-0.274
2012-07-05,-0.004698041566321365,2.3565106010582947e-05,17.5,-0.274
2012-07-06,-0.009477418655581715,6.643869910954092e-05,17.1,-0.297
2012-07-09,-0.0016401761705182594,1.7495853689822204e-05,17.98,-0.297
2012-07-10,-0.008159121789590884,0.00014738765225808507,18.72,-0.297
2012-07-11,-1.492368899036478e-05,3.8494885956103844e-05,17.95,-0.297
2012-07-12,-0.004999574352459568,6.172327195606794e-05,18.33,-0.297
2012-07-13,0.016362759247573244,4.1598948045202134e-05,16.74,-0.321
2012-07-16,-0.002316995891620266,1.9194687434966294e-05,17.11,-0.321
2012-07-17,0.007382355809911978,9.119757260468891e-05,16.48,-0.321
2012-07-18,0.006658275330084784,5.3613641172613216e-05,16.16,-0.321
2012-07-19,0.0027134152485110974,1.97576218223329e-05,15.45,-0.321
2012-07-20,-0.010112620534168393,1.5176915490238704e-05,16.27,-0.345
2012-07-23,-0.008948979003707613,0.0001391506420494275,18.62,-0.345
2012-07-24,-0.009082050192423807,0.0001064148669317445,20.47,-0.345
2012-07-25,-0.00031391072211839344,4.3471532506500765e-05,19.34,-0.345
2012-07-26,0.016405662864951154,6.943044909612745e-05,17.53,-0.345
2012-07-27,0.018900814490450557,8.702732552869324e-05,16.7,-0.366
2012-07-30,-0.00048347644461088635,2.7885329035746727e-05,18.03,-0.366
2012-07-31,-0.004326172766219827,9.52711775135185e-06,18.93,-0.366
2012-08-01,-0.0029041929017452617,3.2602390995267905e-05,18.96,-0.366
2012-08-02,-0.0075319636241362176,9.145878567178695e-05,17.57,-0.366
2012-08-03,0.018861288185302527,8.38256605051089e-05,15.64,-0.388
2012-08-06,0.002326560724057458,1.6922744456484057e-05,15.95,-0.388
2012-08-07,0.0050937627425931,3.158562052059344e-05,15.99,-0.388
2012-08-08,0.0006206338074532525,1.6171657307285168e-05,15.32,-0.388
2012-08-09,0.0004135999951726532,1.2939747631724586e-05,15.28,-0.388
2012-08-10,0.0021860506671051994,2.5228362851660386e-05,14.74,-0.407
2012-08-13,-0.0012526850781942045,1.800032517807645e-05,13.7,-0.407
2012-08-14,-0.00012815461202020373,2.2477865958141665e-05,14.85,-0.407
2012-08-15,0.00113899162944886,8.293320955116371e-06,14.63,-0.407
2012-08-16,0.007075420387505638,2.5186808176758255e-05,14.29,-0.407
2012-08-17,0.0018703837394768996,3.0304131334457747e-06,13.45,-0.425
2012-08-20,-2.117505365362149e-05,9.003387911313112e-06,14.02,-0.425
2012-08-21,-0.0035036668144439176,5.742666275660023e-05,15.02,-0.425
2012-08-22,0.00022637762345656398,2.1863436939069172e-05,15.11,-0.425
2012-08-23,-0.008104999597722262,1.72434660701744e-05,15.96,-0.425
2012-08-24,0.0064339883432618095,4.38509590334021e-05,15.18,-0.444
2012-08-27,-0.0004891344205226744,1.2396513400085748e-05,16.35,-0.444
2012-08-28,-0.0008085090427956132,1.601385800385511e-05,16.49,-0.444
2012-08-29,0.0008439929642989341,1.342659449562272e-05,17.06,-0.444
2012-08-30,-0.007836429729673355,2.136362030641268e-05,17.83,-0.444
2012-08-31,0.005060469767645515,4.218502641820081e-05,17.47,-0.461
2012-09-04,-0.0011666393226885674,4.0796760951937564e-05,17.98,-0.461
2012-09-05,-0.0010682316532886205,1.4035280071625128e-05,17.74,-0.461
2012-09-06,0.020229536612006882,4.555398289182865e-05,15.6,-0.461
2012-09-07,0.0040417949889430815,3.858480573946489e-06,14.38,-0.48
2012-09-10,-0.006166805654652663,8.475918855032239e-06,16.28,-0.48
2012-09-11,0.003130052101452563,1.442270884150504e-05,16.41,-0.48
2012-09-12,0.002090505602597048,7.511779933748114e-06,15.8,-0.48
2012-09-13,0.016178172153844095,9.110610949211929e-05,14.05,-0.48
2012-09-14,0.003951135292808772,4.2561915438553244e-05,14.51,-0.499
2012-09-17,-0.0031295828602662112,1.20524227273932e-05,14.59,-0.499
2012-09-18,-0.0012805951321173126,6.066223160841877e-06,14.18,-0.499
2012-09-19,0.0011848517443748818,1.1936648508038339e-05,13.88,-0.499
2012-09-20,-0.0005408799928217078,2.975403763029976e-05,14.07,-0.499
2012-09-21,-7.532185571701433e-05,1.3339350923923621e-05,13.98,-0.515
2012-09-24,-0.0022351500693797988,1.6182308187428135e-05,14.15,-0.515
2012-09-25,-0.010557389418567986,6.77661389189951e-05,15.43,-0.515
2012-09-26,-0.005753253211740805,1.6893795526492875e-05,16.81,-0.515
2012-09-27,0.009602727708234227,3.2798373150774474e-05,14.84,-0.515
2012-09-28,-0.004487808236766533,2.4263157690269677e-05,15.73,-0.529
2012-10-01,0.00264799766799495,6.0414163205599074e-05,16.32,-0.529
2012-10-02,0.000871906727265781,3.735560607028934e-05,15.71,-0.529
2012-10-03,0.003617857293033211,3.163751710994126e-05,15.43,-0.529
2012-10-04,0.00714882173169773,1.4851380151080649e-05,14.55,-0.529
2012-10-05,-0.0003216410840751749,4.6147479935812064e-05,14.33,-0.539
2012-10-08,-0.0034627238474289612,9.808454787047131e-06,15.11,-0.539
2012-10-09,-0.009940182135141917,1.3359010702639023e-05,16.37,-0.539
2012-10-10,-0.0062072555664816065,1.930996306632012e-05,16.29,-0.539
2012-10-11,0.00019537043698480971,2.967041737774826e-05,15.59,-0.539
2012-10-12,-0.002970544956016674,3.716857309542652e-05,16.14,-0.546
2012-10-15,0.00804547075266715,2.380440989618667e-05,15.27,-0.546
2012-10-16,0.010217555817170876,1.5755824120345508e-05,15.22,-0.546
2012-10-17,0.004108606125954317,1.0289772018991344e-05,15.07,-0.546
2012-10-18,-0.0024467198768949316,2.8149631583861512e-05,15.03,-0.546
2012-10-19,-0.016710144600035726,7.345919259080886e-05,17.06,-0.55
2012-10-22,0.00043948567855078835,4.391064710786894e-05,16.62,-0.55
2012-10-23,-0.014549234970737679,8.866246374509732e-05,18.83,-0.55
2012-10-24,-0.0030901524835877936,3.805772368405725e-05,18.33,-0.55
2012-10-25,0.0029910649483948504,6.191601281262858e-05,18.12,-0.55
2012-10-26,-0.0007292475686444533,4.774672302194396e-05,17.81,-0.55
2012-10-31,0.00015586755128005336,4.086759852954595e-05,18.6,-0.55
2012-11-01,0.010867212600985887,1.9268909504228284e-05,16.69,-0.55
2012-11-02,-0.009423718242891788,7.826343857485256e-05,17.59,-0.548
2012-11-05,0.0021614713450572864,3.261997936534422e-05,18.42,-0.548
2012-11-06,0.007822509122727084,4.031845551167736e-05,17.58,-0.548
2012-11-07,-0.023990484179204685,0.0001853275441232736,19.08,-0.548
2012-11-08,-0.012279933313509517,8.748967269363365e-05,18.49,-0.548
2012-11-09,0.0016972512798218986,8.71475037466816e-05,18.61,-0.546
2012-11-12,0.00013047937654864228,1.545716267350706e-05,16.68,-0.546
2012-11-13,-0.003993383474745649,7.35031310748927e-05,16.65,-0.546
2012-11-14,-0.013948870444327355,0.00012845781355161578,17.92,-0.546
2012-11-15,-0.0015948159570164933,4.2160408227548685e-05,17.99,-0.546
2012-11-16,0.004828274735175775,8.643219898418887e-05,16.41,-0.546
2012-11-19,0.019667376739547215,4.398199012960966e-05,15.24,-0.546
2012-11-20,0.0006631664358280887,4.214149029660829e-05,15.08,-0.546
2012-11-21,0.002317493660971337,4.022173818899835e-06,15.31,-0.546
2012-11-23,0.012942202068968456,1.9137720724839987e-05,15.14,-0.549
2012-11-26,-0.002031644269326449,3.1804058341015466e-05,15.5,-0.549
2012-11-27,-0.005240293685227826,1.999342805919996e-05,15.92,-0.549
2012-11-28,0.007825330760125482,0.0001340067151675075,15.51,-0.549
2012-11-29,0.0042605535668815975,2.145992668832927e-05,15.06,-0.549
2012-11-30,0.00016249433406834157,1.3038970039394245e-05,15.87,-0.555
2012-12-03,-0.004756519166260631,4.898014494371404e-05,16.64,-0.555
2012-12-04,-0.0017112757910542342,2.157031883675454e-05,17.12,-0.555
2012-12-05,0.0015836076545872046,7.489924736423557e-05,16.46,-0.555
2012-12-06,0.003301135858709614,1.2234869975835165e-05,16.58,-0.555
2012-12-07,0.0029166619993503673,1.8963802013254204e-05,15.9,-0.564
2012-12-10,0.0003385032499760854,8.899687210507154e-06,16.05,-0.564
2012-12-11,0.006527531315292379,4.42691437813231e-05,15.57,-0.564
2012-12-12,0.0004481393339572648,3.401390007935885e-05,15.95,-0.564
2012-12-13,-0.00634148997700823,4.266701357829283e-05,16.56,-0.564
2012-12-14,-0.004143975679491874,7.663076066679317e-06,17.0,-0.575
2012-12-17,0.011800688037810758,1.849745517889905e-05,16.34,-0.575
2012-12-18,0.011421185666775635,2.446588695271384e-05,15.57,-0.575
2012-12-19,-0.007618145562821255,1.1929818896979547e-05,17.36,-0.575
2012-12-20,0.005473104693568764,1.704121584523106e-05,17.67,-0.575
2012-12-21,-0.009422944450144577,7.408696001015986e-05,17.84,-0.588
2012-12-24,-0.0024432789712660608,5.090362000767204e-06,17.84,-0.588
2012-12-26,-0.00479895678992559,3.2774234925112575e-05,19.48,-0.588
2012-12-27,-0.0012191849162670465,0.00010997883734181243,19.47,-0.588
2012-12-28,-0.011111445674961473,2.0959766526175765e-05,22.72,-0.6
2012-12-31,0.01680002726988583,9.64246031599645e-05,18.02,-0.6
2013-01-02,0.025086115958697697,7.172818977239939e-05,14.68,-0.6
2013-01-03,-0.002087795423524774,2.147614964385396e-05,14.56,-0.6
2013-01-04,0.004853299978980985,9.601356320984642e-06,13.83,-0.615
2013-01-07,-0.003128003259122103,1.893044920093751e-05,13.79,-0.615
2013-01-08,-0.0032476391807332305,2.0679516258814655e-05,13.62,-0.615
2013-01-09,0.0026523453586815293,1.0742304678908865e-05,13.81,-0.615
2013-01-10,0.007568700109210624,7.4467960305417045e-06,13.49,-0.615
2013-01-11,-4.751511497769201e-05,6.182526179108825e-06,13.36,-0.627
2013-01-14,-0.000931104904918989,9.039285173731337e-06,13.52,-0.627
2013-01-15,0.0011280332953038652,2.06478930698542e-05,13.55,-0.627
2013-01-16,0.0001969725099559838,9.333455516399427e-06,13.42,-0.627
2013-01-17,0.005627060541354645,2.3661028894675914e-05,13.57,-0.627
2013-01-18,0.0033974923781512345,1.9139631023771722e-05,12.46,-0.637
2013-01-22,0.004418331627712213,2.1852011699003793e-05,12.43,-0.637
2013-01-23,0.0015063419242924425,7.829424922868197e-06,12.46,-0.637
2013-01-24,6.614661544723788e-06,3.666844971657618e-05,12.69,-0.637
2013-01-25,0.005430708661868344,4.457469230808451e-06,12.89,-0.643
2013-01-28,-0.0018513342747921158,9.259216620975046e-06,13.57,-0.643
2013-01-29,0.005093003781205141,1.8016135267346178e-05,13.31,-0.643
2013-01-30,-0.003907244671752075,1.5432514504005573e-05,14.32,-0.643
2013-01-31,-0.0025665919583923724,9.715141306739661e-06,14.28,-0.643
2013-02-01,0.010002513224010023,1.9905121800787433e-05,12.9,-0.647
2013-02-04,-0.011605832709651764,2.0776836047878143e-05,14.67,-0.647
2013-02-05,0.010362632222059354,4.028491177593799e-05,13.72,-0.647
2013-02-06,0.0005490198591342477,1.3318427761256441e-05,13.41,-0.647
2013-02-07,-0.0018070310558568892,4.4535145949644914e-05,13.5,-0.647
2013-02-08,0.005641994585043442,5.063081318852785e-06,13.02,-0.648
2013-02-11,-0.0006063012476387186,4.664226672226565e-06,12.94,-0.648
2013-02-12,0.0015940011376045504,8.688886006605718e-06,12.64,-0.648
2013-02-13,0.0005920877747911391,1.646446648255437e-05,12.98,-0.648
2013-02-14,0.0006904332650528033,1.7849621669530295e-05,12.66,-0.648
2013-02-15,-0.0010456277960129157,2.1677517103151557e-05,12.46,-0.65
2013-02-19,0.007309694441360648,6.075477946894439e-06,12.31,-0.65
2013-02-20,-0.01248171143000576,2.2236351577932506e-05,14.68,-0.65
2013-02-21,-0.006323005465665332,3.202216009323946e-05,15.22,-0.65
2013-02-22,0.008734213386774492,8.905289357004866e-06,14.17,-0.651
2013-02-25,-0.01847927558477469,0.00018593315447764264,18.99,-0.651
2013-02-26,0.006090876862567818,2.9567668605482428e-05,16.87,-0.651
2013-02-27,0.012645699119019582,7.79552282554628e-05,14.73,-0.651
2013-02-28,-0.0008644534614576926,2.5332672698051337e-05,15.51,-0.651
2013-03-01,0.0023211594495267107,7.298029169922156e-05,15.36,-0.651
2013-03-04,0.004600126548350403,2.8345800763887484e-05,14.01,-0.651
2013-03-05,0.009520551872499894,3.5881307430660143e-05,13.48,-0.651
2013-03-06,0.0010839250554139923,1.0270749865643508e-05,13.53,-0.651
2013-03-07,0.0018148436172067406,2.643934240146136e-06,13.06,-0.651
2013-03-08,0.004471128712954631,1.1274981065551244e-05,12.59,-0.653
2013-03-11,0.003243818865874104,1.2370178313816361e-05,11.56,-0.653
2013-03-12,-0.00240614539680184,1.2857634817527745e-05,12.27,-0.653
2013-03-13,0.0013131891571704912,1.30824923086752e-05,11.83,-0.653
2013-03-14,0.005587352158972436,3.872925716215385e-06,11.3,-0.653
2013-03-15,-0.0016197737499892284,1.176548626190526e-05,11.3,-0.656
2013-03-18,-0.005525570335024099,3.846958500726758e-05,13.36,-0.656
2013-03-19,-0.0024254697268757397,7.054658156406313e-05,14.39,-0.656
2013-03-20,0.006675163815817342,1.8929501615475453e-05,12.67,-0.656
2013-03-21,-0.00831692375600479,2.1040599846661195e-05,13.99,-0.656
2013-03-22,0.0071486438032994926,9.721394429860349e-06,13.57,-0.659
2013-03-25,-0.0033456293009468396,6.78575790524248e-05,13.74,-0.659
2013-03-26,0.0077549631946354225,7.737069880070172e-06,12.77,-0.659
2013-03-27,-0.0005885230525652929,3.038064434533679e-05,13.15,-0.659
2013-03-28,0.004048463396191693,1.0952934679983721e-05,12.7,-0.659
2013-04-01,-0.004483616865356588,2.2163774285559027e-05,13.58,-0.659
2013-04-02,0.005158933898854023,1.6570406221848953e-05,12.78,-0.659
2013-04-03,-0.010602133218841736,5.298269524774977e-05,14.21,-0.659
2013-04-04,0.00404027901273718,1.4635347477658122e-05,13.89,-0.659
2013-04-05,-0.004304145168907425,8.016571375314365e-05,13.92,-0.672
2013-04-08,0.006282958765271296,2.775786425269521e-05,13.19,-0.672
2013-04-09,0.0035380658065768955,2.947075552574175e-05,12.84,-0.672
2013-04-10,0.012115443329548725,2.7266515433961293e-05,12.36,-0.672
2013-04-11,0.003545956179577203,1.9808694356574158e-05,12.24,-0.672
2013-04-12,-0.0028407983185489982,3.227098285179285e-05,12.06,-0.682
2013-04-15,-0.02323412455036511,6.254554432778175e-05,17.27,-0.682
2013-04-16,0.014205840828064531,3.0104832979353904e-05,13.96,-0.682
2013-04-17,-0.014431313685983937,0.00011569933152354395,16.51,-0.682
2013-04-18,-0.006723555969544215,5.298461750474567e-05,17.56,-0.682
2013-04-19,0.008808989051054539,2.6788652602835637e-05,14.97,-0.693
2013-04-22,0.00465079821542691,5.3814232625900026e-05,14.39,-0.693
2013-04-23,0.010365312805553195,1.7595299307789582e-05,13.48,-0.693
2013-04-24,6.340170072505202e-06,1.0390720935475034e-05,13.61,-0.693
2013-04-25,0.0040266145649914264,3.138271729547104e-05,13.62,-0.693
2013-04-26,-0.001843811801517603,1.2191306223880753e-05,13.61,-0.705
2013-04-29,0.007160315369406867,2.1069252478251076e-05,13.71,-0.705
2013-04-30,0.0024818174185821107,2.17589845426539e-05,13.52,-0.705
2013-05-01,-0.009351472649563597,1.8702171135564776e-05,14.49,-0.705
2013-05-02,0.009364003810320654,1.5966048893669877e-05,13.59,-0.705
2013-05-03,0.010479563948170068,4.177113777078867e-05,12.85,-0.715
2013-05-06,0.0019059611284841793,4.490128376175744e-06,12.66,-0.715
2013-05-07,0.005216639159836944,6.382999725573656e-06,12.83,-0.715
2013-05-08,0.004130538866697009,1.2564421005927649e-05,12.66,-0.715
2013-05-09,-0.0036939180287731688,2.1499766030808805e-05,13.13,-0.715
2013-05-10,0.00431234377158507,1.1668311518541625e-05,12.59,-0.72
2013-05-13,4.288844886968235e-05,1.5705753817320962e-05,12.55,-0.72
2013-05-14,0.010091066969150297,1.6364410498675844e-05,12.77,-0.72
2013-05-15,0.005101103490210868,2.693344695758007e-05,12.81,-0.72
2013-05-16,-0.0050223319854110215,1.775494259383371e-05,13.07,-0.72
2013-05-17,0.01024741198656276,9.309657383934684e-06,12.45,-0.717
2013-05-20,-0.0007078684047074901,1.5559946632627623e-05,13.02,-0.717
2013-05-21,0.0017209046830028996,2.5769494146781216e-05,13.37,-0.717
2013-05-22,-0.008308074265778842,0.0002363561780374427,13.82,-0.717
2013-05-23,-0.0029281151046065546,7.346846722303992e-05,14.07,-0.717
2013-05-24,-0.0005515174989882965,2.959020147900887e-05,13.99,-0.708
2013-05-28,0.00632096210916,7.638167130755657e-05,14.48,-0.708
2013-05-29,-0.007072936243165628,4.068895788574535e-05,14.83,-0.708
2013-05-30,0.0036636251143127296,2.834887222334088e-05,14.53,-0.708
2013-05-31,-0.014410576921856766,8.189151307141553e-05,16.3,-0.691
2013-06-03,0.005918439859741831,4.789730357219498e-05,16.28,-0.691
2013-06-04,-0.005526048005605411,8.554912289698564e-05,16.27,-0.691
2013-06-05,-0.01387555454392242,3.443691733970129e-05,17.5,-0.691
2013-06-06,0.008454454144231072,8.808136033582971e-05,16.63,-0.691
2013-06-07,0.012749914526945183,2.1030334919184827e-05,15.14,-0.672
2013-06-10,-0.00034687360363694353,1.595663685399434e-05,15.44,-0.672
2013-06-11,-0.010205264184820706,3.2947471479503925e-05,17.07,-0.672
2013-06-12,-0.008404776908051304,9.141711287699654e-05,18.59,-0.672
2013-06-13,0.014676069097359523,9.857463909771286e-05,16.41,-0.672
2013-06-14,-0.005902401062458651,4.19954381307505e-05,17.15,-0.653
2013-06-17,0.007538875562715042,3.8443594369337044e-05,16.8,-0.653
2013-06-18,0.007760963428783185,1.7654534302279667e-05,16.61,-0.653
2013-06-19,-0.01394830132848135,2.764578337906066e-05,16.64,-0.653
2013-06-20,-0.025328424392299098,0.0001167890139977501,20.49,-0.653
2013-06-21,0.002666219053526042,8.93023484827047e-05,18.9,-0.637
2013-06-24,-0.012219368959627275,0.00012513198086834142,20.11,-0.637
2013-06-25,0.009452456559302824,3.8444348117811914e-05,18.47,-0.637
2013-06-26,0.009544789666189324,2.3152114307234445e-05,17.21,-0.637
2013-06-27,0.006180691300296637,2.8879437433022373e-05,16.86,-0.637
2013-06-28,-0.004298788980467982,3.9292433278081764e-05,16.86,-0.63
2013-07-01,0.005389199609390438,5.009873166305831e-05,16.37,-0.63
2013-07-02,-0.0005450566900506715,5.8598585551344605e-05,16.44,-0.63
2013-07-03,0.0008237078945754206,3.761936098672596e-05,16.2,-0.63
2013-07-05,0.01015004570322553,3.154247157808609e-05,14.89,-0.63
2013-07-08,0.005237805213836211,1.4785368219128187e-05,14.78,-0.63
2013-07-09,0.007203661934862993,1.0797243298184063e-05,14.35,-0.63
2013-07-10,0.00018157596462842207,1.9108832238435346e-05,14.21,-0.63
2013-07-11,0.01346321276535356,2.3316442148727995e-05,14.01,-0.63
2013-07-12,0.0030817302206287422,7.657920671166454e-06,13.84,-0.637
2013-07-15,0.0013739351515562603,6.595012151238763e-06,13.79,-0.637
2013-07-16,-0.003715655417707353,1.943129735227735e-05,14.42,-0.637
2013-07-17,0.0027702066483987764,7.042425484938107e-06,13.78,-0.637
2013-07-18,0.005020341712006271,1.617665557405249e-05,13.77,-0.637
2013-07-19,0.0016087555796460151,6.480605085410937e-06,12.54,-0.649
2013-07-22,0.0020309625424266287,8.221764502037086e-06,12.29,-0.649
2013-07-23,-0.001853653868336913,7.766883926467716e-06,12.66,-0.649
2013-07-24,-0.003818502729718176,2.9898847150535672e-05,13.18,-0.649
2013-07-25,0.002553209985189042,1.7350675527559446e-05,12.97,-0.649
2013-07-26,0.0008279514379090358,4.1580832519784e-05,12.72,-0.661
2013-07-29,-0.0037430341753674767,1.1055243559513934e-05,13.39,-0.661
2013-07-30,0.00037374708533377543,1.9837254261872997e-05,13.39,-0.661
2013-07-31,-0.00013641851599821564,3.1236048194507627e-05,13.45,-0.661
2013-08-01,0.012462588230416571,1.8069704762760628e-05,12.94,-0.661
2013-08-02,0.0016391140879470356,1.2210076491392369e-05,11.98,-0.669
2013-08-05,-0.0014809308775634022,5.459116413146731e-06,11.84,-0.669
2013-08-06,-0.005739472830554426,1.7588774508573048e-05,12.72,-0.669
2013-08-07,-0.0038131256619413634,1.6299272708203016e-05,12.98,-0.669
2013-08-08,0.0038779210740464976,2.196101329163475e-05,12.73,-0.669
2013-08-09,-0.0035763480414265914,2.8384840231551265e-05,13.41,-0.673
2013-08-12,-0.0011535858605249416,1.1471391601424789e-05,12.81,-0.673
2013-08-13,0.0027722100072677947,3.36012038967688e-05,12.31,-0.673
2013-08-14,-0.005190063227857422,1.024861118547996e-05,13.04,-0.673
2013-08-15,-0.01438456494796192,3.299107038881386e-05,14.73,-0.673
2013-08-16,-0.0033100676234782966,1.7885682854586175e-05,14.37,-0.672
2013-08-19,-0.00591777795715398,2.0610122913268374e-05,15.1,-0.672
2013-08-20,0.003813913098371202,2.5830606287726487e-05,14.91,-0.672
2013-08-21,-0.005796369467346629,4.7953600663079876e-05,15.94,-0.672
2013-08-22,0.008582441743413938,1.844331501458379e-05,14.76,-0.672
2013-08-23,0.003939241910212665,1.6500942192916404e-05,13.98,-0.668
2013-08-26,-0.004047839230057804,2.5009223502892623e-05,14.99,-0.668
2013-08-27,-0.016001539229184125,3.2712414663189034e-05,16.77,-0.668
2013-08-28,0.0027438773089691892,3.1971612994593544e-05,16.49,-0.668
2013-08-29,0.00196147664909585,4.176250979477409e-05,16.81,-0.668
2013-08-30,-0.0031793671926347855,2.204069983245333e-05,17.01,-0.665
2013-09-03,0.004155575226959307,5.7557250719234055e-05,16.61,-0.665
2013-09-04,0.008084187928560027,4.007112941409777e-05,15.88,-0.665
2013-09-05,0.0012091315394675561,6.3262467368484295e-06,15.77,-0.665
2013-09-06,5.442965978197378e-05,0.00010656776124479806,15.85,-0.663
2013-09-09,0.009943282138970666,1.283520982681297e-05,15.63,-0.663
2013-09-10,0.00731894048480175,3.4941588213436675e-06,14.53,-0.663
2013-09-11,0.0030476346138188504,1.0278830479614342e-05,13.82,-0.663
2013-09-12,-0.0033861418278018363,6.732083924351867e-06,14.29,-0.663
2013-09-13,0.002711001653103118,6.277292106445963e-06,14.16,-0.665
2013-09-16,0.005677008295821295,2.5752006843162037e-05,14.38,-0.665
2013-09-17,0.0042088695965523115,3.882781833426328e-06,14.53,-0.665
2013-09-18,0.01210412155841567,9.253128239260997e-05,13.59,-0.665
2013-09-19,-0.0018446541484813395,1.2433552009645951e-05,13.16,-0.665
2013-09-20,-0.007243053962847412,2.468833184238361e-05,13.12,-0.67
2013-09-23,-0.004730758941951407,2.3176312701716066e-05,14.31,-0.67
2013-09-24,-0.0026005214977313784,2.4408885175342144e-05,14.08,-0.67
2013-09-25,-0.0027432251543784147,1.307674934570344e-05,14.01,-0.67
2013-09-26,0.0034793658479985723,1.7126891965420044e-05,14.06,-0.67
2013-09-27,-0.004082121663444127,1.0448734528613242e-05,15.46,-0.677
2013-09-30,-0.0060474799811904845,2.2196640424270604e-05,16.6,-0.677
2013-10-01,0.007966724683406312,1.5265103698717535e-05,15.54,-0.677
2013-10-02,-0.0006668918703409688,3.163481961444445e-05,16.6,-0.677
2013-10-03,-0.00901997250055242,6.00451265147391e-05,17.67,-0.677
2013-10-04,0.007028466704283254,1.8942059128884863e-05,16.74,-0.687
2013-10-07,-0.008542747536819384,1.0810457343838483e-05,19.41,-0.687
2013-10-08,-0.012408749931083207,2.525584735052574e-05,20.34,-0.687
2013-10-09,0.0005737417306050929,4.6713645837671054e-05,19.6,-0.687
2013-10-10,0.02159562288283645,4.059369234300729e-05,16.48,-0.687
2013-10-11,0.006266595617328008,1.902759792554879e-05,15.72,-0.699
2013-10-14,0.004066441145288202,4.764471365909952e-05,16.07,-0.699
2013-10-15,-0.007088789613758806,2.5705136656170983e-05,18.66,-0.699
2013-10-16,0.013732804307132085,1.8790484116457054e-05,14.71,-0.699
2013-10-17,0.006721314413737467,4.1044359328060235e-05,13.48,-0.699
2013-10-18,0.0065274054636228485,7.3986206826075895e-06,13.04,-0.713
2013-10-21,9.173220960434492e-05,8.29451346701721e-06,13.16,-0.713
2013-10-22,0.005721116239627122,1.841425606659028e-05,13.33,-0.713
2013-10-23,-0.004735753240036722,1.8332233967287788e-05,13.42,-0.713
2013-10-24,0.0032528385443555408,8.975469371703613e-06,13.2,-0.713
2013-10-25,0.004385214392774728,7.0389155550415e-06,13.09,-0.727
2013-10-28,0.0013288165192371082,7.734285547785122e-06,13.31,-0.727
2013-10-29,0.005568661214094384,3.3677652791992587e-06,13.41,-0.727
2013-10-30,-0.004887849694569901,4.1892065279932465e-05,13.65,-0.727
2013-10-31,-0.0038467705679376962,2.0825490732827588e-05,13.75,-0.727
2013-11-01,0.0028992144122090835,2.6101463866551344e-05,13.28,-0.739
2013-11-04,0.00356419937809882,5.822305296339246e-06,12.93,-0.739
2013-11-05,-0.002809530848340458,1.9564851204716e-05,13.27,-0.739
2013-11-06,0.0042564687122874645,1.021127500081155e-05,12.67,-0.739
2013-11-07,-0.013270435999594987,6.011003647129478e-05,13.91,-0.739
2013-11-08,0.013338208792264439,2.486702562641671e-05,12.9,-0.749
2013-11-11,0.0007226700649729523,4.524568142220502e-06,12.53,-0.749
2013-11-12,-0.0023732054456200302,1.4012490416350557e-05,12.82,-0.749
2013-11-13,0.008062752720499056,3.452144035489583e-05,12.52,-0.749
2013-11-14,0.004825596820451139,1.2558957859285394e-05,12.37,-0.749
2013-11-15,0.00421314627388103,2.0902513830363433e-06,12.19,-0.758
2013-11-18,-0.0037050524235047178,2.5490549125040335e-05,13.1,-0.758
2013-11-19,-0.0020450552776010156,1.7137129790085525e-05,13.39,-0.758
2013-11-20,-0.003642235996161425,4.543228202548928e-05,13.4,-0.758
2013-11-21,0.008095705420756438,1.0686913510728253e-05,12.66,-0.758
2013-11-22,0.004949190500028955,9.0825153038221e-06,12.26,-0.765
2013-11-25,-0.001264140787239576,6.926454577318156e-06,12.79,-0.765
2013-11-26,0.00014979323550345924,8.983688984405427e-06,12.81,-0.765
2013-11-27,0.002481998677461128,2.973021944174662e-06,12.98,-0.765
2013-11-29,-0.0007859984571165768,1.3016176065071448e-05,13.7,-0.77
2013-12-02,-0.0027227235347160317,1.623989176320803e-05,14.23,-0.77
2013-12-03,-0.003197955991893764,2.0384764015002725e-05,14.55,-0.77
2013-12-04,-0.0013043434697870282,6.69601781306877e-05,14.7,-0.77
2013-12-05,-0.004349015813080115,6.610752836707686e-06,15.08,-0.77
2013-12-06,0.011175194876876127,1.4896658010359803e-05,13.79,-0.774
2013-12-09,0.0018154512479506835,3.7570030976306494e-06,13.49,-0.774
2013-12-10,-0.0031847248956573537,4.092719926867364e-06,13.91,-0.774
2013-12-11,-0.011381397674607108,3.082971461771126e-05,15.42,-0.774
2013-12-12,-0.003777688379155819,1.3440338697646572e-05,15.54,-0.774
2013-12-13,-0.00010141528650642329,1.0497949582839733e-05,15.76,-0.777
2013-12-16,0.006300152129396608,2.411558470781339e-05,16.03,-0.777
2013-12-17,-0.003105805936371553,1.124482890327137e-05,16.21,-0.777
2013-12-18,0.016510906009174597,0.00018788431955540924,13.8,-0.777
2013-12-19,-0.0005800974283936,1.3878498354335e-05,14.15,-0.777
2013-12-20,0.004807155440690103,2.022215417210183e-05,13.79,-0.778
2013-12-23,0.005304028886206069,4.0129424947270875e-06,13.04,-0.778
2013-12-24,0.0029115043043068667,9.530204592790832e-07,12.48,-0.778
2013-12-26,0.004734304621131891,3.4848119678206817e-06,12.33,-0.778
2013-12-27,-0.0003366410106071527,3.520865489871696e-06,12.46,-0.779
2013-12-30,-0.00017926996201467205,2.0021514928429675e-06,13.56,-0.779
2013-12-31,0.003951856349111438,3.5017174045372322e-06,13.72,-0.779
2014-01-02,-0.008901413016629611,2.665193292546474e-05,14.23,-0.779
2014-01-03,-0.0003330205201601544,1.1951670618336375e-05,13.76,-0.777
2014-01-06,-0.00251492725375968,2.337424116169099e-05,13.55,-0.777
2014-01-07,0.006063345375391549,9.611700573804492e-06,12.92,-0.777
2014-01-08,-0.00021223150345139885,1.1005740237130316e-05,12.87,-0.777
2014-01-09,0.0003482485435144511,2.438452313330144e-05,12.89,-0.777
2014-01-10,0.0023040304904551334,1.6404481423913458e-05,12.14,-0.774
2014-01-13,-0.01265596645879441,6.04166574041268e-05,13.28,-0.774
2014-01-14,0.01075987611993412,1.2420195124806334e-05,12.28,-0.774
2014-01-15,0.005152889134683036,8.616964806456156e-06,12.28,-0.774
2014-01-16,-0.0013480284864257897,8.194759343623958e-06,12.53,-0.774
2014-01-17,-0.0039027803200157862,1.3762443079843233e-05,12.44,-0.77
2014-01-21,0.0027699122428179734,4.143140547084575e-05,12.87,-0.77
2014-01-22,0.0005747000497677845,5.274116577414636e-06,12.84,-0.77
2014-01-23,-0.008929324764570978,5.1754180819385445e-05,13.77,-0.77
2014-01-24,-0.02109642142734014,4.6744946694421625e-05,18.14,-0.766
2014-01-27,-0.0048882218533394806,7.293565664394284e-05,17.42,-0.766
2014-01-28,0.006121875622431716,2.148090066163691e-05,15.8,-0.766
2014-01-29,-0.01026170390849579,3.028287951424396e-05,17.35,-0.766
2014-01-30,0.011204044372218114,3.787984842386651e-05,17.29,-0.766
2014-01-31,-0.006486290214249735,6.519549071251216e-05,18.41,-0.763
2014-02-03,-0.023096604704487156,0.00012156382366993997,21.44,-0.763
2014-02-04,0.007612043683081993,1.989840614279263e-05,19.11,-0.763
2014-02-05,-0.0020302824086568805,5.1944623799210396e-05,19.95,-0.763
2014-02-06,0.01236305445337571,1.9461469575619513e-05,17.23,-0.763
2014-02-07,0.013214193504296645,2.2492406213137225e-05,15.29,-0.764
2014-02-10,0.0015680048032544747,8.613381114775615e-06,15.26,-0.764
2014-02-11,0.011001375944254654,3.7558267854405026e-05,14.51,-0.764
2014-02-12,-0.00026929864772107237,1.6787264285904603e-05,14.3,-0.764
2014-02-13,0.005793211978776469,4.057151384277124e-05,14.14,-0.764
2014-02-14,0.004797689385548587,2.6473014119949268e-05,13.57,-0.768
2014-02-18,0.001157803392558776,8.792873823410377e-06,13.87,-0.768
2014-02-19,-0.006545861773195938,5.047850433090625e-05,15.5,-0.768
2014-02-20,0.006013341826934138,3.6560266437558894e-05,14.79,-0.768
2014-02-21,-0.001920566673181412,1.370555595119925e-05,14.68,-0.772
2014-02-24,0.006167455552331447,5.708143814999497e-05,14.23,-0.772
2014-02-25,-0.0013485906767742861,2.2995341635628644e-05,13.67,-0.772
2014-02-26,2.1699742124958732e-05,2.1033455705719606e-05,14.35,-0.772
2014-02-27,0.004935881408416165,1.63379257281309e-05,14.04,-0.772
2014-02-28,0.0027788242813375774,5.730681422305119e-05,14.0,-0.777
2014-03-03,-0.007405866200454803,6.315535892076095e-05,16.0,-0.777
2014-03-04,0.015152322676142305,3.715489929708995e-05,14.1,-0.777
2014-03-05,-5.335274966444814e-05,4.17697841321937e-06,13.89,-0.777
2014-03-06,0.001716933496856754,7.644268752331909e-06,14.21,-0.777
2014-03-07,0.0005379445771156455,2.3994162996668664e-05,14.11,-0.78
2014-03-10,-0.00046335364121929956,1.6674256557664826e-05,14.2,-0.78
2014-03-11,-0.005095096975215263,3.617279403464223e-05,14.8,-0.78
2014-03-12,0.00030512432320950467,2.7819640904278832e-05,14.47,-0.78
2014-03-13,-0.011770091695883167,9.556455304266565e-05,16.22,-0.78
2014-03-14,-0.0028257664174455854,2.2538035412565292e-05,17.82,-0.78
2014-03-17,0.009567717695039057,2.6401440431786443e-05,15.64,-0.78
2014-03-18,0.007193682245473454,1.1890570210546843e-05,14.52,-0.78
2014-03-19,-0.00615052509673486,6.698845297554331e-05,15.12,-0.78
2014-03-20,0.006022334087521841,3.542202571732157e-05,14.52,-0.78
2014-03-21,-0.0029369801166092557,5.2826880544572775e-05,15.0,-0.779
2014-03-24,-0.00487658095936272,6.905345439325087e-05,15.09,-0.779
2014-03-25,0.004394270848822046,3.223251796665993e-05,14.02,-0.779
2014-03-26,-0.007024936954875827,5.493175701114178e-05,14.93,-0.779
2014-03-27,-0.0019018913439774465,2.5359941022077937e-05,14.62,-0.779
2014-03-28,0.004629489243409779,3.329767517782266e-05,14.41,-0.776
2014-03-31,0.00789287138479633,1.7530189113909794e-05,13.88,-0.776
2014-04-01,0.007014688044213457,5.358250702505871e-06,13.1,-0.776
2014-04-02,0.002849263831839366,1.034247616764391e-05,13.09,-0.776
2014-04-03,-0.001127085213011192,1.6669678519421115e-05,13.37,-0.776
2014-04-04,-0.012616542925314,9.432909394242378e-05,13.96,-0.774
2014-04-07,-0.010808312332149406,3.409569106407822e-05,15.57,-0.774
2014-04-08,0.003743537980176903,3.997345271659219e-05,14.89,-0.774
2014-04-09,0.010859039341966081,1.542774423098071e-05,13.82,-0.774
2014-04-10,-0.021105967737387488,8.015602429622249e-05,15.89,-0.774
2014-04-11,-0.00953205973989757,3.83993926320661e-05,17.03,-0.772
2014-04-14,0.008183708150740543,3.283891068887533e-05,16.11,-0.772
2014-04-15,0.0067345795177038426,9.957691407201827e-05,15.61,-0.772
2014-04-16,0.010433867948766107,8.787614077211165e-06,14.18,-0.772
2014-04-17,0.0013629237070942324,2.2922972349553517e-05,13.36,-0.772
2014-04-21,0.0037680156555719435,6.760351564563521e-06,13.25,-0.772
2014-04-22,0.00408378899612849,1.61541077513813e-05,13.19,-0.772
2014-04-23,-0.0022157668625224503,3.1483088855897127e-06,13.27,-0.772
2014-04-24,0.0017154882753311895,2.5868175199065393e-05,13.32,-0.772
2014-04-25,-0.008129344743501576,2.3855446322015273e-05,14.06,-0.769
2014-04-28,0.003230811162501901,9.814610797314978e-05,13.97,-0.769
2014-04-29,0.004749460504633873,7.438390895042144e-06,13.71,-0.769
2014-04-30,0.002987549802701217,1.7039090994676533e-05,13.41,-0.769
2014-05-01,-0.00014327174433237388,1.5635228575733457e-05,13.25,-0.769
2014-05-02,-0.0013493550298715462,2.1280423442749028e-05,12.91,-0.77
2014-05-05,0.0018694675823400786,4.692642423936703e-05,13.29,-0.77
2014-05-06,-0.009029031461991188,8.242641982898692e-06,13.8,-0.77
2014-05-07,0.005600754871033509,4.1559651470084184e-05,13.4,-0.77
2014-05-08,-0.001374569232786449,5.0861526964979987e-05,13.43,-0.77
2014-05-09,0.0015183231948787679,1.7887463406694308e-05,12.92,-0.773
2014-05-12,0.009626256172316161,1.1067325926405372e-05,12.23,-0.773
2014-05-13,0.00042166878828275856,5.122868640895819e-06,12.13,-0.773
2014-05-14,-0.00471208956501723,1.0061652582106003e-05,12.17,-0.773
2014-05-15,-0.009405904183934943,6.187904993878941e-05,13.17,-0.773
2014-05-16,0.003739962819000908,2.0971292147647904e-05,12.44,-0.777
2014-05-19,0.003837414189703736,1.8369401679793397e-05,12.42,-0.777
2014-05-20,-0.006519604608542728,2.390137716555074e-05,12.96,-0.777
2014-05-21,0.00808334054774651,1.0205646700927145e-05,11.91,-0.777
2014-05-22,0.002359444194714122,1.4738358335444586e-05,12.03,-0.777
2014-05-23,0.004239392917884999,3.1760875997486268e-06,11.36,-0.784
2014-05-27,0.005969950211528463,4.087892704740296e-06,11.51,-0.784
2014-05-28,-0.001114692750058488,6.600728812191443e-06,11.68,-0.784
2014-05-29,0.0053527586573611785,4.850209351821234e-06,11.57,-0.784
2014-05-30,0.0018419804431015763,6.306906980017176e-06,11.4,-0.79
2014-06-02,0.0007275613640587153,1.3154505355546489e-05,11.58,-0.79
2014-06-03,-0.00037928846953505513,5.195377385046858e-06,11.87,-0.79
2014-06-04,0.0018898766063628614,1.1173137624983629e-05,12.08,-0.79
2014-06-05,0.006504082119662691,3.266299171144672e-05,11.68,-0.79
2014-06-06,0.004617083548019707,1.4839864822222585e-06,10.73,-0.793
2014-06-09,0.0009383308564867576,8.70587351783112e-06,11.15,-0.793
2014-06-10,-0.0002460138818793922,5.078386167101511e-06,10.99,-0.793
2014-06-11,-0.003543311151666728,8.348793774811552e-06,11.6,-0.793
2014-06-12,-0.007114139088909788,2.318959747584516e-05,12.56,-0.793
2014-06-13,0.0031296591990708222,9.396223096818955e-06,12.18,-0.793
2014-06-16,0.0008363553307866312,1.309712123571482e-05,12.65,-0.793
2014-06-17,0.002170212444888797,1.1273538780358702e-05,12.06,-0.793
2014-06-18,0.007689243160729831,2.4196752851429127e-05,10.61,-0.793
2014-06-19,0.0012766632951644041,7.173025537652257e-06,10.62,-0.793
2014-06-20,0.0017285634956767382,2.331732130578312e-06,10.85,-0.79
2014-06-23,-0.00013247285289885724,3.0477784043280473e-06,10.98,-0.79
2014-06-24,-0.006456106498617942,3.675738347713704e-05,12.13,-0.79
2014-06-25,0.004885557422717568,1.2654295437227914e-05,11.59,-0.79
2014-06-26,-0.0011795794276396876,2.9591450776229415e-05,11.63,-0.79
2014-06-27,0.001909045238083884,9.320017248750905e-06,11.26,-0.783
2014-06-30,-0.00037232599700143254,4.679435825857296e-06,11.57,-0.783
2014-07-01,0.006655572896822726,2.203673232275491e-05,11.15,-0.783
2014-07-02,0.0006585960751230857,1.903920015080526e-06,10.82,-0.783
2014-07-03,0.005464550227672227,3.0165043061105293e-06,10.32,-0.783
2014-07-07,-0.0039312390543235765,6.881720558371969e-06,11.33,-0.783
2014-07-08,-0.007073762181680543,2.100295718028277e-05,11.98,-0.783
2014-07-09,0.004633516553258943,4.60228465107516e-06,11.65,-0.783
2014-07-10,-0.0041396283244736765,3.707891461133299e-05,12.59,-0.783
2014-07-11,0.0014698419980474497,1.0264452717378661e-05,12.08,-0.762
2014-07-14,0.004831860726996595,7.595622794226004e-06,11.82,-0.762
2014-07-15,-0.0019339645679457007,3.6227741000552493e-05,11.96,-0.762
2014-07-16,0.004192285009448682,6.036520343490531e-06,11.0,-0.762
2014-07-17,-0.01190460592747744,4.200575590608459e-05,14.54,-0.762
2014-07-18,0.010212608899671238,1.923827842166283e-05,12.06,-0.75
2014-07-21,-0.002322946423904959,1.494597598928337e-05,12.81,-0.75
2014-07-22,0.005003611167300193,8.168483279863025e-06,12.24,-0.75
2014-07-23,0.0017529007770127336,5.565899094445794e-06,11.52,-0.75
2014-07-24,0.00048803681255105147,3.9642923488613945e-06,11.84,-0.75
2014-07-25,-0.00486094604610976,9.498557738101418e-06,12.69,-0.739
2014-07-28,0.00028811339355350185,2.5855989979764783e-05,12.56,-0.739
2014-07-29,-0.004538068413713958,1.8326797756757504e-05,13.28,-0.739
2014-07-30,6.0910919409629116e-05,3.398776050765342e-05,13.33,-0.739
2014-07-31,-0.020201932155229585,3.5608275425479585e-05,16.95,-0.739
2014-08-01,-0.00286321623129826,5.702901512051596e-05,17.03,-0.73
2014-08-04,0.00716331444964613,4.7369046059269415e-05,15.12,-0.73
2014-08-05,-0.009732679197336225,4.170079969620728e-05,16.87,-0.73
2014-08-06,1.563842636009838e-05,3.584745264829782e-05,16.37,-0.73
2014-08-07,-0.0055721154467329725,6.004677899982263e-05,16.66,-0.73
2014-08-08,0.011465422557972005,2.6797994636348857e-05,15.77,-0.725
2014-08-11,0.0027556250258413684,1.623673750435737e-05,14.23,-0.725
2014-08-12,-0.0016379823741559107,1.6846996329067203e-05,14.13,-0.725
2014-08-13,0.006684767102511202,9.079050699570355e-06,12.9,-0.725
2014-08-14,0.004336398273697917,1.9049481486401324e-06,12.42,-0.725
2014-08-15,-6.137480757129055e-05,6.515310385324049e-05,13.15,-0.725
2014-08-18,0.00849548321965976,6.143008203446161e-06,12.32,-0.725
2014-08-19,0.004988190179197716,4.6036263447317764e-06,12.21,-0.725
2014-08-20,0.0024747482825437928,1.14831406555678e-05,11.78,-0.725
2014-08-21,0.002945547280270411,4.9477218555438064e-06,11.76,-0.725
2014-08-22,-0.0019945749188226003,8.021735260893772e-06,11.47,-0.724
2014-08-25,0.004776353863603866,9.364087961749762e-06,11.7,-0.724
2014-08-26,0.0010505288952433744,4.993378103561581e-06,11.63,-0.724
2014-08-27,4.998604328498857e-05,4.397180340829649e-06,11.78,-0.724
2014-08-28,-0.0016913305449461902,8.059629586973025e-06,12.05,-0.724
2014-08-29,0.003314914329020091,7.200373413278184e-06,11.98,-0.722
2014-09-02,-0.0005442142177027876,1.5560631551862487e-05,12.25,-0.722
2014-09-03,-0.0007794447528013393,1.46724524803342e-05,12.36,-0.722
2014-09-04,-0.001535599204713023,4.174367709271197e-05,12.64,-0.722
2014-09-05,0.005023247704959211,2.972755612996258e-05,12.09,-0.716
2014-09-08,-0.0030778458543165854,1.3662446560944465e-05,12.66,-0.716
2014-09-09,-0.006566521532684888,1.9197153244485968e-05,13.5,-0.716
2014-09-10,0.00363944360036772,1.8439389792298185e-05,12.88,-0.716
2014-09-11,0.0008815167647231448,1.5258225091455732e-05,12.8,-0.716
2014-09-12,-0.005980405492006291,2.212071818317336e-05,13.31,-0.705
2014-09-15,-0.0007104037481093783,9.268371570100324e-06,14.12,-0.705
2014-09-16,0.00745650732455605,3.9686465333588135e-05,12.73,-0.705
2014-09-17,0.0012948050790884125,3.74891267074888e-05,12.65,-0.705
2014-09-18,0.00487925712733972,4.070020922894554e-06,12.03,-0.705
2014-09-19,-0.00047738351040305105,1.9286801402909364e-05,12.11,-0.69
2014-09-22,-0.008045602530218687,1.9724781407897135e-05,13.69,-0.69
2014-09-23,-0.0057932500796260555,1.0394929161560488e-05,14.93,-0.69
2014-09-24,0.007801976758654128,3.476471184725469e-05,13.27,-0.69
2014-09-25,-0.016300913265170358,2.842258579843833e-05,15.64,-0.69
2014-09-26,0.008539261124001385,2.4576899316975052e-05,14.85,-0.673
2014-09-29,-0.002550050856915398,3.805681165681994e-05,15.98,-0.673
2014-09-30,-0.002789816544312096,3.014288493552951e-05,16.31,-0.673
2014-10-01,-0.01333710611263772,5.102578613648888e-05,16.71,-0.673
2014-10-02,5.1433282504120825e-06,9.189078878906796e-05,16.16,-0.673
2014-10-03,0.011103635523903144,2.9873915243699964e-05,14.55,-0.657
2014-10-06,-0.0015663860013983566,4.594286916469941e-05,15.46,-0.657
2014-10-07,-0.015241618619128872,2.392044984306464e-05,17.2,-0.657
2014-10-08,0.017310947498058837,0.00015553173930033708,15.11,-0.657
2014-10-09,-0.020877848454314396,5.357450387254582e-05,18.76,-0.657
2014-10-10,-0.01151708002621099,8.953818687122789e-05,21.24,-0.645
2014-10-13,-0.016605033202522712,9.763502485100372e-05,24.64,-0.645
2014-10-14,0.001577619680866782,0.00010191354932675909,22.79,-0.645
2014-10-15,-0.008133300726077763,0.00040456998731927996,26.25,-0.645
2014-10-16,0.0001449672004421032,0.00023884171486250244,25.2,-0.645
2014-10-17,0.012801813377146587,0.00010374012675512805,21.99,-0.637
2014-10-20,0.009101116121280839,3.565196403897658e-05,18.57,-0.637
2014-10-21,0.01938537082775138,4.1379589140765454e-05,16.08,-0.637
2014-10-22,-0.0073261006616123225,4.6510183926486915e-05,17.87,-0.637
2014-10-23,0.012228305721599497,8.605260363453549e-05,16.53,-0.637
2014-10-24,0.007028690175716612,3.0188770611939308e-05,16.11,-0.638
2014-10-27,-0.0015026968788385275,2.2786059519943876e-05,16.04,-0.638
2014-10-28,0.01186836456691065,1.2750978843797255e-05,14.39,-0.638
2014-10-29,-0.0013863159906426503,6.365592790956547e-05,15.15,-0.638
2014-10-30,0.006210797247873323,5.4461034216790804e-05,14.52,-0.638
2014-10-31,0.011663114233148697,8.57757704888703e-06,14.03,-0.643
2014-11-03,-0.00011892891639941894,1.4237602906224363e-05,14.73,-0.643
2014-11-04,-0.002833853252665719,2.6465350928200116e-05,14.89,-0.643
2014-11-05,0.005684311060805136,4.2280691394791955e-06,14.17,-0.643
2014-11-06,0.0037684036443277336,2.4448588481222157e-05,13.67,-0.643
2014-11-07,0.0003495251267811028,1.0232742921078949e-05,13.12,-0.651
2014-11-10,0.0031153270195591887,5.146382917851392e-06,12.67,-0.651
2014-11-11,0.0006964516302874202,4.129008139330328e-06,12.92,-0.651
2014-11-12,-0.0007013625789182854,8.445990151934212e-06,13.02,-0.651
2014-11-13,0.0005297044284002794,2.981467107713724e-05,13.79,-0.651
2014-11-14,0.0002402413485471655,5.927794374963919e-06,13.31,-0.656
2014-11-17,0.0007350887776578219,8.06515844363749e-06,13.99,-0.656
2014-11-18,0.005120849353688506,1.5569804641782555e-05,13.86,-0.656
2014-11-19,-0.001502286875618708,1.599512909891692e-05,13.96,-0.656
2014-11-20,0.0019651640132032355,1.690964445799424e-05,13.58,-0.656
2014-11-21,0.005223212603738148,2.207470329282419e-05,12.9,-0.655
2014-11-24,0.0028599298137388374,1.3394042813128849e-06,12.62,-0.655
2014-11-25,-0.0011506914684167313,9.569163694835731e-06,12.25,-0.655
2014-11-26,0.0028020524716030337,2.494300952429077e-06,12.07,-0.655
2014-11-28,-0.002545664637012557,8.660183692410212e-06,13.33,-0.649
2014-12-01,-0.0068527893448342425,1.7163060671161954e-05,14.29,-0.649
2014-12-02,0.0063641667588481,1.1612468701177376e-05,12.85,-0.649
2014-12-03,0.003757673834027031,6.542572743424321e-06,12.47,-0.649
2014-12-04,-0.0011625717317853557,2.59932921212092e-05,12.38,-0.649
2014-12-05,0.0016638315989210284,8.10528047580523e-06,11.82,-0.636
2014-12-08,-0.0072830221497151015,3.51731076745598e-05,14.21,-0.636
2014-12-09,-0.00023785182583413444,8.235062083766144e-05,14.89,-0.636
2014-12-10,-0.01648612118304893,4.448366544258877e-05,18.53,-0.636
2014-12-11,0.004525433971620529,8.629805375435388e-05,20.08,-0.636
2014-12-12,-0.016346465791658105,3.5341762872229864e-05,21.08,-0.616
2014-12-15,-0.00636278627172171,0.0001428579210430956,20.42,-0.616
2014-12-16,-0.00852525986538133,0.00022772886804262778,23.57,-0.616
2014-12-17,0.020148073243295705,8.323219809931937e-05,19.44,-0.616
2014-12-18,0.023731374885708867,4.877097556114693e-05,16.81,-0.616
2014-12-19,0.0045596379674188725,2.4672130405005672e-05,16.49,-0.593
2014-12-22,0.0038032224799273706,2.7449730433572816e-06,15.25,-0.593
2014-12-23,0.0017448386297047591,5.538438344255874e-06,14.8,-0.593
2014-12-24,-0.00013930624107505452,3.570646497158883e-06,14.37,-0.593
2014-12-26,0.0033041099821211617,6.3153086211551885e-06,14.5,-0.571
2014-12-29,0.0008614034280896021,6.201407371257391e-06,15.06,-0.571
2014-12-30,-0.004900593034504297,3.351419673932486e-06,15.92,-0.571
2014-12-31,-0.010364383561250357,4.04551476660648e-05,19.2,-0.571
2015-01-02,-0.00034002147313572095,8.16434332298865e-05,17.79,-0.549
2015-01-05,-0.01844721353258727,5.936040967447798e-05,19.92,-0.549
2015-01-06,-0.0089332546906995,0.00014027889523962698,21.12,-0.549
2015-01-07,0.011562735844876215,3.173392539387341e-05,19.31,-0.549
2015-01-08,0.01773016812715511,4.192657609048721e-05,17.01,-0.549
2015-01-09,-0.008439322147078876,4.9131827924014103e-05,17.55,-0.531
2015-01-12,-0.00812661684347038,5.6400819485415774e-05,19.6,-0.531
2015-01-13,-0.002581885435816389,0.00027995083980187854,20.56,-0.531
2015-01-14,-0.005830028967975132,0.00010698475826795092,21.48,-0.531
2015-01-15,-0.00929090300456803,6.811674953604741e-05,22.39,-0.531
2015-01-16,0.013334893186267571,5.930106840944947e-05,20.95,-0.516
2015-01-20,0.0015487524334005798,7.319042252918985e-05,19.89,-0.516
2015-01-21,0.0047204650221894795,7.061540317747258e-05,18.85,-0.516
2015-01-22,0.015154313070629755,9.815281125574665e-05,16.4,-0.516
2015-01-23,-0.0055066562793015805,6.9252758880200495e-06,16.66,-0.508
2015-01-26,0.0025651679986227194,2.8931990502615378e-05,15.52,-0.508
2015-01-27,-0.01347828781585747,6.326690269132513e-05,17.22,-0.508
2015-01-28,-0.013587502811021501,0.00011912630026363938,20.44,-0.508
2015-01-29,0.009489517058263175,0.00012237100915422048,18.76,-0.508
2015-01-30,-0.013077099006318704,5.422401159398831e-05,20.97,-0.506
2015-02-02,0.012879170000215545,0.000151447513758709,19.43,-0.506
2015-02-03,0.014336238577453031,2.2242256120316248e-05,17.33,-0.506
2015-02-04,-0.004164706572452381,3.3806921305483626e-05,18.33,-0.506
2015-02-05,0.010238810710909263,1.457362468189513e-05,16.85,-0.506
2015-02-06,-0.003424027611878877,5.4984443570781045e-05,17.29,-0.508
2015-02-09,-0.004256239310481469,2.012176732384161e-05,18.55,-0.508
2015-02-10,0.01061897955406188,2.4667304668822593e-05,17.23,-0.508
2015-02-11,-2.9034010157857892e-05,2.8114255909459827e-05,16.96,-0.508
2015-02-12,0.00959829506591614,9.215241481979777e-06,15.34,-0.508
2015-02-13,0.004066459227779262,6.248591266729749e-06,14.69,-0.514
2015-02-17,0.0015962996977982868,1.3744177562423716e-05,15.8,-0.514
2015-02-18,-0.00031435862322926056,7.4054803287434115e-06,15.45,-0.514
2015-02-19,-0.0010626217157181372,1.4344678664938993e-05,15.29,-0.514
2015-02-20,0.00610784272105569,5.800196572522942e-05,14.3,-0.522
2015-02-23,-0.0003033852119855851,5.5979226862891835e-06,14.56,-0.522
2015-02-24,0.0027549724688311628,1.2807466392200572e-05,13.69,-0.522
2015-02-25,-0.0007660169636025671,1.0340941091568565e-05,13.84,-0.522
2015-02-26,-0.0014771186302544592,1.071276126945149e-05,13.91,-0.522
2015-02-27,-0.0029606830486317293,5.552341554353399e-06,13.34,-0.531
2015-03-02,0.0061062381811325395,6.2064243227457646e-06,13.04,-0.531
2015-03-03,-0.004548872603817422,2.897589122823457e-05,13.86,-0.531
2015-03-04,-0.004398161230154685,1.2448304066864462e-05,14.23,-0.531
2015-03-05,0.0011953652510365842,8.699843389663416e-06,14.04,-0.531
2015-03-06,-0.014275356362467129,5.2236525907510214e-05,15.2,-0.537
2015-03-09,0.003936662357975962,1.0114093012143362e-05,15.06,-0.537
2015-03-10,-0.017106820937141443,2.7400270353835797e-05,16.69,-0.537
2015-03-11,-0.0019195206764850425,1.107485994472446e-05,16.87,-0.537
2015-03-12,0.012522702206037017,1.9369857406177114e-05,15.42,-0.537
2015-03-13,-0.0060932370901962685,5.3562213160465265e-05,16.0,-0.542
2015-03-16,0.013442909023855698,1.9074399380552447e-05,15.61,-0.542
2015-03-17,-0.00332569770778246,2.4430296785305724e-05,15.66,-0.542
2015-03-18,0.012085101501629225,0.00017652202567874171,13.97,-0.542
2015-03-19,-0.0048844891269501645,1.1875809366807256e-05,14.07,-0.542
2015-03-20,0.008972382193259243,3.5308066004436733e-05,13.02,-0.546
2015-03-23,-0.0017472566067135986,1.1135492884044704e-05,13.41,-0.546
2015-03-24,-0.006158345701591017,1.5925511291814707e-05,13.62,-0.546
2015-03-25,-0.01466592652723886,6.109645641035405e-05,15.44,-0.546
2015-03-26,-0.0023803307374734572,5.4115016389154146e-05,15.8,-0.546
2015-03-27,0.002365760729503563,8.998564804674699e-06,15.07,-0.549
2015-03-30,0.012162382647149528,2.7731939234448106e-05,14.51,-0.549
2015-03-31,-0.00883468621753103,1.0174613546524788e-05,15.29,-0.549
2015-04-01,-0.003973254201847354,3.8028227548087966e-05,15.11,-0.549
2015-04-02,0.003523452303713981,2.1506551475854173e-05,14.67,-0.549
2015-04-06,0.006587072647165293,8.585211115194663e-05,14.74,-0.549
2015-04-07,-0.0020640327085867938,1.988285502756818e-05,14.78,-0.549
2015-04-08,0.0026789415573471587,1.852279970946653e-05,13.98,-0.549
2015-04-09,0.004447575873625986,3.297565734675359e-05,13.09,-0.549
2015-04-10,0.0051893768994561995,4.22929023105889e-06,12.58,-0.554
2015-04-13,-0.004591806820961608,1.8515832675106032e-05,13.94,-0.554
2015-04-14,0.0016284322585136124,2.5936468172891643e-05,13.67,-0.554
2015-04-15,0.005134989044996097,1.5620456091997716e-05,12.84,-0.554
2015-04-16,-0.0007787467579856155,1.4266829540147364e-05,12.6,-0.554
2015-04-17,-0.011375704189052982,6.429485638575069e-05,13.89,-0.555
2015-04-20,0.009192748586536403,2.142183395121431e-05,13.3,-0.555
2015-04-21,-0.0014817025047682009,2.3673393496688723e-05,13.25,-0.555
2015-04-22,0.005074582853386467,3.240858785454226e-05,12.71,-0.555
2015-04-23,0.002354940842552722,3.071559178218707e-05,12.48,-0.555
2015-04-24,0.0022502668247534885,5.292327436492305e-06,12.29,-0.557
2015-04-27,-0.0041499132407345485,3.0492764597954305e-05,13.12,-0.557
2015-04-28,0.002765404437345964,4.6895702908306665e-05,12.41,-0.557
2015-04-29,-0.003747348127572714,2.698484090197723e-05,13.39,-0.557
2015-04-30,-0.010180553033248607,5.393892674928153e-05,14.55,-0.557
2015-05-01,0.01086377656345583,1.186528369122761e-05,12.7,-0.557
2015-05-04,0.00293643314776304,1.126686073880138e-05,12.85,-0.557
2015-05-05,-0.011908003358530372,3.4191709567371255e-05,14.31,-0.557
2015-05-06,-0.004465681140931821,9.615355745123768e-05,15.15,-0.557
2015-05-07,0.0037667104694749654,3.1181143993781435e-05,15.13,-0.557
2015-05-08,0.013368147987361745,2.3422699046968335e-05,12.86,-0.556
2015-05-11,-0.005102556456082041,1.0204769142300406e-05,13.85,-0.556
2015-05-12,-0.0029539964393672236,4.2030786829646924e-05,13.86,-0.556
2015-05-13,-0.0003050012906520294,2.2519656650871664e-05,13.76,-0.556
2015-05-14,0.010721604261759943,1.2532973235362046e-05,12.74,-0.556
2015-05-15,0.0007681188278665374,5.537102580410314e-06,12.38,-0.556
2015-05-18,0.003043312472570392,9.988939065301753e-06,12.73,-0.556
2015-05-19,-0.0006435815978420578,7.785675604531649e-06,12.85,-0.556
2015-05-20,-0.0009309494507938609,1.591445733661806e-05,12.88,-0.556
2015-05-21,0.002335145908745062,1.1797103719182146e-05,12.11,-0.556
2015-05-22,-0.002236385149483766,2.5135990437351094e-06,12.13,-0.555
2015-05-26,-0.01033520490750206,3.8092542148079496e-05,14.06,-0.555
2015-05-27,0.009120918929109934,2.058808891710071e-05,13.27,-0.555
2015-05-28,-0.00126756391748728,9.685463692498918e-06,13.31,-0.555
2015-05-29,-0.0063385151840975595,1.2635818572616098e-05,13.84,-0.554
2015-06-01,0.002057343499147102,3.0131139033399536e-05,13.97,-0.554
2015-06-02,-0.001009105165347357,3.823314492944818e-05,14.24,-0.554
2015-06-03,0.0021166294697554378,1.5906832397403907e-05,13.66,-0.554
2015-06-04,-0.00866056221510103,1.9911343710551275e-05,14.71,-0.554
2015-06-05,-0.001437215232732214,2.633058642282702e-05,14.21,-0.553
2015-06-08,-0.006495560338305673,7.054751079793844e-06,15.29,-0.553
2015-06-09,0.000418265519003036,2.0919514361846268e-05,14.47,-0.553
2015-06-10,0.011970491752514079,3.42947295978006e-05,13.22,-0.553
2015-06-11,0.001737116756528323,8.055406521896932e-06,12.85,-0.553
2015-06-12,-0.007018874653102358,1.3876368184938786e-05,13.78,-0.551
2015-06-15,-0.004633289621772008,3.675854953959089e-05,15.39,-0.551
2015-06-16,0.005673730515754372,1.4006163998984995e-05,14.81,-0.551
2015-06-17,0.0019776843950722878,3.571494557927379e-05,14.5,-0.551
2015-06-18,0.009854000054009049,3.6819249228839146e-05,13.19,-0.551
2015-06-19,-0.005317615237949269,6.02334247148118e-06,13.96,-0.548
2015-06-22,0.006076367981542319,2.4301569624410835e-05,12.74,-0.548
2015-06-23,0.0006356664251931932,7.25150592340932e-06,12.11,-0.548
2015-06-24,-0.007380465718305196,1.0861104553191734e-05,13.26,-0.548
2015-06-25,-0.0029780041565965476,1.7764742297737527e-05,14.01,-0.548
2015-06-26,-0.00039015574492218263,2.0632007744124764e-05,14.02,-0.545
2015-06-29,-0.021086969508611553,5.3947060333374165e-05,18.85,-0.545
2015-06-30,0.002654962352467649,3.7476223828879874e-05,18.23,-0.545
2015-07-01,0.006912096434636972,1.9152630682685447e-05,16.09,-0.545
2015-07-02,-0.00030807018954703835,2.2684683636931273e-05,16.79,-0.545
2015-07-06,-0.0038692326988973846,4.5306385218422674e-05,17.01,-0.545
2015-07-07,0.006062560593869115,0.00017267222995892125,16.09,-0.545
2015-07-08,-0.016792964912141883,4.098543979686359e-05,19.66,-0.545
2015-07-09,0.0022596476448200065,7.064766148162437e-05,19.97,-0.545
2015-07-10,0.012262986385008112,4.384771189492771e-05,16.83,-0.535
2015-07-13,0.011005268507354948,1.4871554144560642e-05,13.9,-0.535
2015-07-14,0.004443273236500289,1.4056299647615239e-05,13.37,-0.535
2015-07-15,-0.0007352563007367863,1.5041401072883908e-05,13.23,-0.535
2015-07-16,0.007982733444475087,5.186495252527103e-06,12.11,-0.535
2015-07-17,0.0011055716244507963,9.031789428109625e-06,11.95,-0.529
2015-07-20,0.000770936624001628,9.088168879752274e-06,12.25,-0.529
2015-07-21,-0.004270796242723307,1.3068409583967668e-05,12.22,-0.529
2015-07-22,-0.002390565020189861,6.678658811577232e-06,12.12,-0.529
2015-07-23,-0.005692210211379667,2.4908110838913398e-05,12.64,-0.529
2015-07-24,-0.01076102069666085,5.0506690908547476e-05,13.74,-0.518
2015-07-27,-0.00579175506506413,1.5085555177471914e-05,15.6,-0.518
2015-07-28,0.01231007380188931,3.592339756326246e-05,13.44,-0.518
2015-07-29,0.007292142927383338,1.4048298943740437e-05,12.5,-0.518
2015-07-30,2.836690402219233e-05,2.690646407533322e-05,12.13,-0.518
2015-07-31,-0.002274103801051197,1.1426383762498767e-05,12.12,-0.502
2015-08-03,-0.0027606939449054124,3.4832029534337196e-05,12.56,-0.502
2015-08-04,-0.0022522391669328456,2.035826931850461e-05,13.0,-0.502
2015-08-05,0.003109838185491043,3.2324207043979235e-05,12.51,-0.502
2015-08-06,-0.007783195922561603,6.237337104918532e-05,13.77,-0.502
2015-08-07,-0.0028790228563382314,2.2820614971380943e-05,13.39,-0.481
2015-08-10,0.01272683563202559,2.0294994210119877e-05,12.23,-0.481
2015-08-11,-0.00960306468018235,4.796393892164336e-05,13.71,-0.481
2015-08-12,0.0009496036382143913,0.00015722748285411112,13.61,-0.481
2015-08-13,-0.0012760258683810477,2.404143824679593e-05,13.49,-0.481
2015-08-14,0.00390433227435949,9.858381596976416e-06,12.83,-0.458
2015-08-17,0.005197891709402214,4.9256093455959345e-05,13.02,-0.458
2015-08-18,-0.002628982935632962,7.628075171524121e-06,13.79,-0.458
2015-08-19,-0.008289136409596942,5.2815986769583486e-05,15.25,-0.458
2015-08-20,-0.021325960454146475,4.4948689237128014e-05,19.14,-0.458
2015-08-21,-0.03236924252187823,0.00011324302317356096,28.03,-0.433
2015-08-24,-0.04021144434651891,0.0007749772000655108,40.74,-0.433
2015-08-25,-0.013614249742656348,0.0007997491737428883,36.02,-0.433
2015-08-26,0.038291299434532355,0.00019175041830708236,30.32,-0.433
2015-08-27,0.024007254489689878,8.209320297051064e-05,26.1,-0.433
2015-08-28,0.0006085511568763025,4.1706944852382854e-05,26.05,-0.412
2015-08-31,-0.008427078663983956,3.424538628677055e-05,28.43,-0.412
2015-09-01,-0.030022649842428528,0.00027492654162129365,31.4,-0.412
2015-09-02,0.018127671423214586,3.226888069923852e-05,26.09,-0.412
2015-09-03,0.0011641156994190993,0.00011942410538670032,25.61,-0.412
2015-09-04,-0.015448308754276496,0.00010671619895837321,27.8,-0.397
2015-09-08,0.024773637197038845,6.433227098201819e-05,24.9,-0.397
2015-09-09,-0.013995035769085007,0.0002468788601691234,26.23,-0.397
2015-09-10,0.005264075444936012,9.20323309486545e-05,24.37,-0.397
2015-09-11,0.004477006444986387,5.352613197239225e-05,23.2,-0.391
2015-09-14,-0.0040980412230444685,1.8460924990720015e-05,24.25,-0.391
2015-09-15,0.012749687631433027,5.4877984832476356e-05,22.54,-0.391
2015-09-16,0.008667740715376127,1.8031993064850384e-05,21.35,-0.391
2015-09-17,-0.0025643444425602624,0.00014250314696940248,21.14,-0.391
2015-09-18,-0.01629623095438415,6.94696820496331e-05,22.28,-0.391
2015-09-21,0.004555392033672945,6.963122870552549e-05,20.14,-0.391
2015-09-22,-0.012394930019378414,0.00010148591845196897,22.44,-0.391
2015-09-23,-0.002050744229593171,3.6070424082957e-05,22.13,-0.391
2015-09-24,-0.0033686518713071933,0.00010722299965923291,23.47,-0.391
2015-09-25,-0.00046590180122052516,0.00012911133421351863,23.62,-0.397
2015-09-28,-0.026001211162808957,0.00010519890379357349,27.63,-0.397
2015-09-29,0.0012320939129821795,0.00010636192386066087,26.83,-0.397
2015-09-30,0.018895898603564554,3.8478705126379696e-05,24.5,-0.397
2015-10-01,0.0019719386783378923,9.410805179625428e-05,22.55,-0.397
2015-10-02,0.01421379301640524,0.0003596295664341829,20.94,-0.407
2015-10-05,0.018124593518502152,4.962061504637275e-05,19.54,-0.407
2015-10-06,-0.003594689344143198,4.463470541818293e-05,19.4,-0.407
2015-10-07,0.008003519857552988,4.841375609547638e-05,18.4,-0.407
2015-10-08,0.00877978014455838,6.841294656779754e-05,17.42,-0.407
2015-10-09,0.0007248485605151345,1.9196902822949776e-05,17.08,-0.424
2015-10-12,0.001274664477333154,7.791542644598834e-06,16.17,-0.424
2015-10-13,-0.0068488236901274036,3.996939223882596e-05,17.67,-0.424
2015-10-14,-0.004727430911938946,3.573699852448689e-05,18.03,-0.424
2015-10-15,0.014743551351354967,2.3074239709780498e-05,16.05,-0.424
2015-10-16,0.004560061373696911,1.3650763015065997e-05,15.05,-0.44
2015-10-19,0.00027050894387325997,1.756206491727235e-05,14.98,-0.44
2015-10-20,-0.0014221010558941316,1.8414158825908436e-05,15.75,-0.44
2015-10-21,-0.005842448911133502,3.2501249373665156e-05,16.7,-0.44
2015-10-22,0.016490847012593512,4.625550387582816e-05,14.45,-0.44
2015-10-23,0.010969953969042656,2.8230636039247193e-05,14.46,-0.454
2015-10-26,-0.0019149330010996835,7.275979385081011e-06,15.29,-0.454
2015-10-27,-0.0025573858650878023,1.4854675860172944e-05,15.43,-0.454
2015-10-28,0.011770488488143549,3.507397141368074e-05,14.33,-0.454
2015-10-29,-0.0004498753806609912,1.1123125636889711e-05,14.61,-0.454
2015-10-30,-0.004821481688424889,1.570178754297796e-05,15.07,-0.465
2015-11-02,0.011803876338814412,2.5976817769696845e-05,14.15,-0.465
2015-11-03,0.0027243529250675635,3.606614359616482e-05,14.54,-0.465
2015-11-04,-0.003551666939647369,2.8984889949995996e-05,15.51,-0.465
2015-11-05,-0.0011327897564985534,3.800810464404804e-05,15.05,-0.465
2015-11-06,-0.00034768178002320127,3.765754852008363e-05,14.33,-0.469
2015-11-09,-0.009871290656502829,6.382281975615394e-05,16.52,-0.469
2015-11-10,0.0015094551534495793,2.0116295529061186e-05,15.29,-0.469
2015-11-11,-0.003233307321568901,1.055784261054987e-05,16.06,-0.469
2015-11-12,-0.01408916333663246,2.0526025401552186e-05,18.37,-0.469
2015-11-13,-0.011270640432154977,1.8308509451330936e-05,20.08,-0.464
2015-11-16,0.014793302794234187,4.7959269679061505e-05,18.16,-0.464
2015-11-17,-0.0013402770182464607,5.0153667130922735e-05,18.84,-0.464
2015-11-18,0.016033229877171706,3.956330062027042e-05,16.85,-0.464
2015-11-19,-0.001123740328979217,6.8010384498941125e-06,16.99,-0.464
2015-11-20,0.0038029552801495115,1.963318943365816e-05,15.47,-0.454
2015-11-23,-0.0012356238416844079,2.2475641936909747e-05,15.62,-0.454
2015-11-24,0.0012212499449608671,6.351501050202352e-05,15.93,-0.454
2015-11-25,-0.00012914061496704932,5.123684064975586e-06,15.19,-0.454
2015-11-27,0.0005934415594808229,9.46933569468158e-06,15.12,-0.439
2015-11-30,-0.004651800139618523,1.0745833165733954e-05,16.13,-0.439
2015-12-01,0.010623938946739742,1.3450971219476175e-05,14.67,-0.439
2015-12-02,-0.01105659263944947,4.082424241174781e-05,15.91,-0.439
2015-12-03,-0.014477826444149855,0.0001260269395232145,18.11,-0.439
2015-12-04,0.020317856363851305,6.395118485699587e-05,14.81,-0.419
2015-12-07,-0.007014043960397842,4.881813023231478e-05,15.84,-0.419
2015-12-08,-0.00651105262559426,4.578380744611239e-05,17.6,-0.419
2015-12-09,-0.0077690863656929565,0.00020959715430027292,19.61,-0.419
2015-12-10,0.002248856578594527,5.540938942924179e-05,19.34,-0.419
2015-12-11,-0.019613867755815306,6.572125243103274e-05,24.39,-0.395
2015-12-14,0.004744288064068236,0.00010211523492303497,22.73,-0.395
2015-12-15,0.010562580105914599,6.66207880652417e-05,20.95,-0.395
2015-12-16,0.014410635650770942,7.432200748567247e-05,17.86,-0.395
2015-12-17,-0.015154776635876388,4.943833577473836e-05,18.94,-0.395
2015-12-18,-0.017957495007106417,3.645696415473556e-05,20.7,-0.372
2015-12-21,0.007748306727155985,2.4230154108725496e-05,18.7,-0.372
2015-12-22,0.008778095591568835,3.653681367684253e-05,16.6,-0.372
2015-12-23,0.012341596527553733,1.547680975503055e-05,15.57,-0.372
2015-12-24,-0.0015999154038626173,8.168187260197881e-06,15.74,-0.372
2015-12-28,-0.0021809364563063482,2.174107670011106e-05,16.91,-0.372
2015-12-29,0.01057366417302319,2.2862627788459566e-05,16.08,-0.372
2015-12-30,-0.007243398783778332,9.962510518719367e-06,17.29,-0.372
2015-12-31,-0.009456485041468454,1.703596653414134e-05,18.21,-0.372
2016-01-04,-0.015422041797806152,0.0002288174938496449,20.7,-0.372
2016-01-05,0.002010204139359928,3.8144828505688195e-05,19.34,-0.372
2016-01-06,-0.013202163002625333,8.956719182840307e-05,20.59,-0.372
2016-01-07,-0.02398581651934517,0.00010216144479572445,24.99,-0.372
2016-01-08,-0.01089753744584776,0.00017464535480524792,27.01,-0.312
2016-01-11,0.0008529082958226297,0.0001615641219967632,24.3,-0.312
2016-01-12,0.007772514117774243,0.00013415280482827042,22.47,-0.312
2016-01-13,-0.02528237507790898,0.0002912922906366464,25.22,-0.312
2016-01-14,0.0165580609343845,0.0003276534138939752,23.95,-0.312
2016-01-15,-0.021835772698162614,0.0003446430534092019,27.02,-0.296
2016-01-19,0.0005316801874286625,0.00018555172001612577,26.05,-0.296
2016-01-20,-0.011762766025898763,0.0005687516723778247,27.59,-0.296
2016-01-21,0.005181988635948542,0.0002327066489599254,26.69,-0.296
2016-01-22,0.020080726882213185,4.409683553338543e-05,22.34,-0.284
2016-01-25,-0.015761545172821023,3.639963784806167e-05,24.15,-0.284
2016-01-26,0.014045237830368151,4.2311808049875894e-05,22.5,-0.284
2016-01-27,-0.01092292230052827,0.000231897780062468,23.11,-0.284
2016-01-28,0.005513350717590626,0.00011329745098164222,22.42,-0.284
2016-01-29,0.02445865099455702,6.615474315907138e-05,20.2,-0.276
2016-02-01,-0.00044333484554215374,9.61452601591504e-05,19.98,-0.276
2016-02-02,-0.018920968718231457,8.736539738329298e-05,21.98,-0.276
2016-02-03,0.004979620021574149,0.0002886463173009727,21.65,-0.276
2016-02-04,0.0015255682925232605,9.67511317855613e-05,21.84,-0.276
2016-02-05,-0.01865415827635175,0.00011091116084570674,23.38,-0.272
2016-02-08,-0.014255057923056924,0.0002491772692416838,26.0,-0.272
2016-02-09,-0.0006638406467605051,0.0001602408203663466,26.54,-0.272
2016-02-10,-0.0001889681307609692,0.00013742998175503702,26.29,-0.272
2016-02-11,-0.012377447329256164,0.00016690953586209387,28.14,-0.272
2016-02-12,0.019330015207046358,3.2748600899303994e-05,25.4,-0.272
2016-02-16,0.01638173774168461,1.9968165532479823e-05,24.11,-0.272
2016-02-17,0.016346110625641508,5.571998629040949e-05,22.31,-0.272
2016-02-18,-0.004676632123934432,2.0159920453181846e-05,21.64,-0.272
2016-02-19,-2.603328180228459e-05,3.768105680394265e-05,20.53,-0.283
2016-02-22,0.014350731099076697,2.0370909993956555e-05,19.38,-0.283
2016-02-23,-0.012532577570788739,2.444582360500093e-05,20.98,-0.283
2016-02-24,0.004429960034632252,0.00021529932462322152,20.72,-0.283
2016-02-25,0.011284366730450301,5.2579732929114046e-05,19.11,-0.283
2016-02-26,-0.001871865329564848,3.380801194314469e-05,19.81,-0.298
2016-02-29,-0.008154131091571593,6.973988433327451e-05,20.55,-0.298
2016-03-01,0.023588385401619227,5.050933674214677e-05,17.7,-0.298
2016-03-02,0.004085949861101668,3.055148150266485e-05,17.09,-0.298
2016-03-03,0.0034926343203167676,2.7842175777614746e-05,16.7,-0.298
2016-03-04,0.003300439865942195,5.9161862289837296e-05,16.86,-0.318
2016-03-07,0.0008846228008634327,3.202157999231178e-05,17.35,-0.318
2016-03-08,-0.011303756056006087,1.7557688312372297e-05,18.67,-0.318
2016-03-09,0.005039672782814364,1.4933516103254227e-05,18.34,-0.318
2016-03-10,0.00015579279712252259,0.00016237055635026336,18.05,-0.318
2016-03-11,0.016262545588850763,2.250877911096377e-05,16.5,-0.337
2016-03-14,-0.001261768616611647,1.9226745981385935e-05,16.92,-0.337
2016-03-15,-0.0018386309343174645,1.4145982100377996e-05,16.84,-0.337
2016-03-16,0.00558472788177955,4.320216143333836e-05,14.99,-0.337
2016-03-17,0.006573583068596456,5.2561719988544465e-05,14.44,-0.337
2016-03-18,0.004395967251025645,8.42557719352028e-06,14.02,-0.355
2016-03-21,0.0009850919042930784,1.2547731270851871e-05,13.79,-0.355
2016-03-22,-0.0008777728967723775,3.0491708712596154e-05,14.17,-0.355
2016-03-23,-0.00640650953066757,9.50079844387183e-06,14.94,-0.355
2016-03-24,-0.0003781417793762287,2.117590054166017e-05,14.74,-0.355
2016-03-28,0.0005451068880724108,1.3752222967515143e-05,15.24,-0.355
2016-03-29,0.008778012054237117,5.70829679435583e-05,13.82,-0.355
2016-03-30,0.004340879993566027,1.9846409537702303e-05,13.56,-0.355
2016-03-31,-0.0020418423596204605,1.138181010746931e-05,13.95,-0.355
2016-04-01,0.0063109590665995086,9.028132850650256e-05,13.1,-0.377
2016-04-04,-0.003213480045854311,1.0828293444004354e-05,14.12,-0.377
2016-04-05,-0.01019629841179448,1.9686058995949467e-05,15.42,-0.377
2016-04-06,0.010452797932012814,2.8875317120101714e-05,14.09,-0.377
2016-04-07,-0.01204807397000529,6.0848847844153565e-05,16.16,-0.377
2016-04-08,0.0027827026046169934,4.2240514659049395e-05,15.36,-0.382
2016-04-11,-0.0027435458896043485,4.6331083615722914e-05,16.26,-0.382
2016-04-12,0.009615753881390354,4.633694776301077e-05,14.85,-0.382
2016-04-13,0.00999006976855732,1.0164931357379467e-05,13.84,-0.382
2016-04-14,0.0001729124301323992,1.0864585023237937e-05,13.72,-0.382
2016-04-15,-0.0009847695761457942,5.018694549721638e-06,13.62,-0.385
2016-04-18,0.006519725613798322,2.9468493516479564e-05,13.35,-0.385
2016-04-19,0.0030797379028664196,1.5405281258687543e-05,13.24,-0.385
2016-04-20,0.0007612550492348547,2.4446438882814215e-05,13.28,-0.385
2016-04-21,-0.005207562857292736,1.6608296652511733e-05,13.95,-0.385
2016-04-22,4.785857954114903e-05,1.9745647488896926e-05,13.22,-0.387
2016-04-25,-0.0018136896207625597,1.5954198626692713e-05,14.08,-0.387
2016-04-26,0.001871000174236137,1.3703908271012863e-05,13.96,-0.387
2016-04-27,0.0016479941117468755,3.463839011881014e-05,13.77,-0.387
2016-04-28,-0.009273636061561064,6.774012193455762e-05,15.22,-0.387
2016-04-29,-0.005075949230557875,5.082038820504219e-05,15.7,-0.387
2016-05-02,0.007779606697244645,1.6546895014295872e-05,14.68,-0.387
2016-05-03,-0.008714499388395858,4.101161303014218e-05,15.6,-0.387
2016-05-04,-0.0059545827054732214,1.8108134535269705e-05,16.05,-0.387
2016-05-05,-0.0002390366927933485,2.431055178486684e-05,15.91,-0.387
2016-05-06,0.00316961055355236,3.171828742467076e-05,14.72,-0.384
2016-05-09,0.0007532133076093572,1.1298144987133206e-05,14.57,-0.384
2016-05-10,0.012406365236037331,1.4966707611431891e-05,13.63,-0.384
2016-05-11,-0.009607522877868035,9.37404558456784e-06,14.69,-0.384
2016-05-12,-0.00016947926796451185,5.024713678169387e-05,14.41,-0.384
2016-05-13,-0.008514434161752682,4.317663291239538e-05,15.04,-0.381
2016-05-16,0.009748976389612807,3.876693653775679e-05,14.68,-0.381
2016-05-17,-0.009455863552163102,4.430878909309852e-05,15.57,-0.381
2016-05-18,0.00020515768640194665,8.039504640387139e-05,15.95,-0.381
2016-05-19,-0.003713594522721131,3.8820843051825945e-05,16.33,-0.381
2016-05-20,0.006001459222805039,2.2223564627055028e-05,15.2,-0.377
2016-05-23,-0.002087636568101736,6.611116604646366e-06,15.82,-0.377
2016-05-24,0.013588637533989534,3.5833365181767517e-05,14.42,-0.377
2016-05-25,0.0069505296515837145,1.6681732642774107e-05,13.9,-0.377
2016-05-26,-0.0002104660499284705,5.804326761701366e-06,13.43,-0.377
2016-05-27,0.004277694939439414,2.09933971926925e-06,13.12,-0.373
2016-05-31,-0.0010057686205895422,2.4108546462724115e-05,14.19,-0.373
2016-06-01,0.001134398653926283,2.619225248369888e-05,14.2,-0.373
2016-06-02,0.002820696166986103,2.6613025452232218e-05,13.63,-0.373
2016-06-03,-0.0029160622366948274,3.775615212826635e-05,13.47,-0.366
2016-06-06,0.004885328519363519,1.1264191110859731e-05,13.65,-0.366
2016-06-07,0.0012886156291971318,8.807674016140795e-06,14.05,-0.366
2016-06-08,0.0033041019719552978,3.3146261005971195e-06,14.08,-0.366
2016-06-09,-0.0017192355978936646,1.0998750228028724e-05,14.64,-0.366
2016-06-10,-0.009217532410166207,2.7689357221563418e-05,17.03,-0.36
2016-06-13,-0.008148298789709685,3.0012768754578038e-05,20.97,-0.36
2016-06-14,-0.0018005050719720472,3.427303048497807e-05,20.5,-0.36
2016-06-15,-0.0018424090638102797,2.5757039271292626e-05,20.14,-0.36
2016-06-16,0.0031280931110462262,8.81544897288763e-05,19.37,-0.36
2016-06-17,-0.003263284144609635,2.3143957468328057e-05,19.41,-0.353
2016-06-20,0.005791382778423504,6.687492726395991e-05,18.37,-0.353
2016-06-21,0.0027083906042095762,1.1758424724807606e-05,18.48,-0.353
2016-06-22,-0.0016529289965756533,2.527913437871384e-05,21.17,-0.353
2016-06-23,0.013275567071954875,1.0825328467522298e-05,17.25,-0.353
2016-06-24,-0.036580792805582796,0.00019605524318716148,25.76,-0.349
2016-06-27,-0.018262246511702607,0.00010463770375757784,23.85,-0.349
2016-06-28,0.017614121604087707,2.4087095538106426e-05,18.75,-0.349
2016-06-29,0.016889242971254603,3.739399403848313e-05,16.64,-0.349
2016-06-30,0.01347386314946597,3.778949355059518e-05,15.63,-0.349
2016-07-01,0.0019467062930313972,1.206737020740779e-05,14.77,-0.348
2016-07-05,-0.006871028985598215,1.936366160377499e-05,15.58,-0.348
2016-07-06,0.005338687058276115,6.114853311812102e-05,14.96,-0.348
2016-07-07,-0.0008719578867335542,4.3433273586755554e-05,14.76,-0.348
2016-07-08,0.015138186565992306,2.2877457382357857e-05,13.2,-0.35
2016-07-11,0.003402819311999039,1.1813705086519139e-05,13.54,-0.35
2016-07-12,0.006984842307344863,1.4006900439898179e-05,13.55,-0.35
2016-07-13,0.0001347586749824714,1.1169373977562149e-05,13.04,-0.35
2016-07-14,0.0052454228016962645,1.0335363966946288e-05,12.82,-0.35
2016-07-15,-0.000929379059870783,1.7852547320381743e-05,12.67,-0.356
2016-07-18,0.0023794618218691,6.179800608259675e-06,12.44,-0.356
2016-07-19,-0.0014362045004157054,3.3789627312262063e-06,11.97,-0.356
2016-07-20,0.004261208315764264,8.315053577681731e-06,11.77,-0.356
2016-07-21,-0.003619069856525492,1.8432213944462748e-05,12.74,-0.356
2016-07-22,0.004543626789510036,8.965513122777727e-06,12.02,-0.362
2016-07-25,-0.0030160187399292937,1.2472597835654308e-05,12.87,-0.362
2016-07-26,0.000322732160719319,1.900414126553617e-05,13.05,-0.362
2016-07-27,-0.0011992609468087778,2.609413976046691e-05,12.83,-0.362
2016-07-28,0.0016049204480923507,1.699109206497862e-05,12.72,-0.362
2016-07-29,0.0016299801176575812,1.7770106669654623e-05,11.87,-0.367
2016-08-01,-0.0012705941474910887,1.5026068855139192e-05,12.44,-0.367
2016-08-02,-0.006381940812667075,4.113553379215881e-05,13.37,-0.367
2016-08-03,0.003129042716071062,9.505333892811447e-06,12.86,-0.367
2016-08-04,0.00021254929948888446,8.838299398963715e-06,12.42,-0.367
2016-08-05,0.008566697289380087,4.761515591957828e-06,11.39,-0.37
2016-08-08,-0.0009075772915414504,5.383416794939814e-06,11.5,-0.37
2016-08-09,0.00038971798655573764,8.571601368923485e-06,11.66,-0.37
2016-08-10,-0.0028687970634884152,9.366943814297476e-06,12.05,-0.37
2016-08-11,0.004723415102444228,6.5590529529991914e-06,11.68,-0.37
2016-08-12,-0.0007963633869145781,4.930596571879518e-06,11.55,-0.371
2016-08-15,0.0027890162945221064,4.89323671484711e-06,11.81,-0.371
2016-08-16,-0.005494142216478259,1.5798440660727509e-06,12.64,-0.371
2016-08-17,0.0018668460061554981,2.0892943910597273e-05,12.19,-0.371
2016-08-18,0.0021972016963829333,2.403697118665601e-06,11.43,-0.371
2016-08-19,-0.001441309568768645,1.0237820834646448e-05,11.34,-0.369
2016-08-22,-0.0005634818833231137,8.789894879720193e-06,12.27,-0.369
2016-08-23,0.0019498671783617638,4.5012442711613e-06,12.38,-0.369
2016-08-24,-0.005254055259671375,1.7440123413587732e-05,13.45,-0.369
2016-08-25,-0.0013661603966461655,9.013306605178661e-06,13.63,-0.369
2016-08-26,-0.0015800642387127084,7.727935184793402e-05,13.65,-0.363
2016-08-29,0.005214428428674367,1.0160140535685873e-05,12.94,-0.363
2016-08-30,-0.0019555914071229807,1.3945860627601353e-05,13.12,-0.363
2016-08-31,-0.002378691105562325,1.5911114124991413e-05,13.42,-0.363
2016-09-01,-4.138538941145242e-05,2.8909581083365518e-05,13.48,-0.363
2016-09-02,0.004192241599034752,1.2891790968845579e-05,11.98,-0.356
2016-09-06,0.002977242370004518,1.1910343927139405e-05,12.02,-0.356
2016-09-07,-0.00014639593829279818,8.042445709838325e-06,11.94,-0.356
2016-09-08,-0.0022254881924705927,5.659915786774928e-06,12.51,-0.356
2016-09-09,-0.024827742410836073,4.195942742480464e-05,17.5,-0.35
2016-09-12,0.014570387233434623,8.990727822640894e-05,15.16,-0.35
2016-09-13,-0.014941748278211264,5.357159462027494e-05,17.85,-0.35
2016-09-14,-0.0005878493998130452,5.021159218021328e-05,18.14,-0.35
2016-09-15,0.010058516449440447,5.118179228581627e-05,16.3,-0.35
2016-09-16,-0.0037794277955720545,2.101116808477313e-05,15.37,-0.345
2016-09-19,-1.8603233825409404e-05,3.205689205050024e-05,15.53,-0.345
2016-09-20,0.0002990934842346249,1.148621921907913e-05,15.92,-0.345
2016-09-21,0.010858000333636042,4.1781749815343596e-05,13.3,-0.345
2016-09-22,0.006478751917641468,5.470724698653663e-06,12.02,-0.345
2016-09-23,-0.005753292959718159,4.0937943484862815e-06,12.29,-0.343
2016-09-26,-0.008624850117916694,6.776126692568702e-06,14.5,-0.343
2016-09-27,0.006423495165297943,2.533855090019124e-05,13.1,-0.343
2016-09-28,0.005282576603643285,3.797541443046509e-05,12.39,-0.343
2016-09-29,-0.009365127730081468,5.480558563981145e-05,14.02,-0.343
2016-09-30,0.007936392588027807,2.620623515891202e-05,13.29,-0.346
2016-10-03,-0.0032660231815277996,9.153472230045785e-06,13.57,-0.346
2016-10-04,-0.004967881786361872,3.577489747647208e-05,13.63,-0.346
2016-10-05,0.004287486231197235,6.561661507952658e-06,12.99,-0.346
2016-10-06,0.00048144385260417977,1.6664401722032716e-05,12.84,-0.346
2016-10-07,-0.0032587874416138973,3.846054881054145e-05,13.48,-0.353
2016-10-10,0.004595330317324731,8.165221204658127e-06,13.38,-0.353
2016-10-11,-0.012524577697756278,6.56247694155394e-05,15.36,-0.353
2016-10-12,0.00114593220639847,1.712874742172203e-05,15.91,-0.353
2016-10-13,-0.0031040764122334252,6.046447691853667e-05,16.69,-0.353
2016-10-14,0.000201584159120749,2.4860117359579583e-05,16.12,-0.362
2016-10-17,-0.003042618111839701,1.0232214542173909e-05,16.21,-0.362
2016-10-18,0.00614150560569815,8.488538718153634e-06,15.28,-0.362
2016-10-19,0.0021895721553502057,1.050593973683905e-05,14.41,-0.362
2016-10-20,-0.0013766711313802915,2.0490697883858333e-05,13.75,-0.362
2016-10-21,-8.414514015520069e-05,1.6974416218816696e-05,13.34,-0.373
2016-10-24,0.004738594647427874,6.04208245720252e-06,13.02,-0.373
2016-10-25,-0.0038049574647063267,6.204632389156929e-06,13.46,-0.373
2016-10-26,-0.0017419279211878802,2.1345260709691062e-05,14.24,-0.373
2016-10-27,-0.0029911959060084925,1.3050614266458955e-05,15.36,-0.373
2016-10-28,-0.003113140139625159,4.739441614612345e-05,16.19,-0.386
2016-10-31,-0.00012228388419810443,5.447740145372167e-06,17.06,-0.386
2016-11-01,-0.006810019108735688,0.0001015184933042572,18.56,-0.386
2016-11-02,-0.00654688445345375,2.414033533273074e-05,19.32,-0.386
2016-11-03,-0.004433213022609017,2.5189647397398513e-05,22.08,-0.386
2016-11-04,-0.00166752027169359,2.651745510049082e-05,22.51,-0.398
2016-11-07,0.021980199729465077,2.7610613671277465e-05,18.71,-0.398
2016-11-08,0.003764878397158,5.17135536972285e-05,18.74,-0.398
2016-11-09,0.011016119879656117,0.0001329027409219333,14.38,-0.398
2016-11-10,0.0019488457160949935,0.00010321316677442121,14.74,-0.398
2016-11-11,-0.0013989283477977565,1.909355133678141e-05,14.17,-0.412
2016-11-14,-0.00011550945718319383,2.4764707492120883e-05,14.48,-0.412
2016-11-15,0.007452955022089647,1.0166241507048106e-05,13.37,-0.412
2016-11-16,-0.0015835165223760939,5.176920268616477e-06,13.72,-0.412
2016-11-17,0.004665469361198049,7.796796087250579e-06,13.35,-0.412
2016-11-18,-0.002389651365549028,7.486734009122914e-06,12.85,-0.425
2016-11-21,0.007433702070874126,4.5620667286160084e-06,12.42,-0.425
2016-11-22,0.002163091103593473,1.0790334791590531e-05,12.41,-0.425
2016-11-23,0.0008076981569082875,7.73894037644938e-06,12.43,-0.425
2016-11-25,0.0039067456134240786,1.1672098757860169e-06,12.34,-0.436
2016-11-28,-0.005268389254735162,6.220211538026621e-06,13.15,-0.436
2016-11-29,0.0013344023532617655,1.4382790595006249e-05,12.9,-0.436
2016-11-30,-0.002656930555156478,2.0987192012808066e-05,13.33,-0.436
2016-12-01,-0.003521722966763896,1.7229962876294123e-05,14.07,-0.436
2016-12-02,0.0003969277200850385,9.484576814492982e-06,14.12,-0.446
2016-12-05,0.005804426926743211,7.873705322634212e-06,12.14,-0.446
2016-12-06,0.003405084468874442,9.509700078411361e-06,11.79,-0.446
2016-12-07,0.01307735874472371,3.4830046245855714e-05,12.22,-0.446
2016-12-08,0.0021570150168708224,1.7820615746086553e-05,12.64,-0.446
2016-12-09,0.005921418532969902,3.692221686702614e-06,11.75,-0.455
2016-12-12,-0.001138082290599307,1.3065228678583913e-05,12.64,-0.455
2016-12-13,0.006518483201237046,1.4284838326601569e-05,12.72,-0.455
2016-12-14,-0.00815029546185908,5.812149270379875e-05,13.19,-0.455
2016-12-15,0.003875707687553742,2.770808896254586e-05,12.79,-0.455
2016-12-16,-0.0017521567509799496,1.2886366811479786e-05,12.2,-0.461
2016-12-19,0.0019731727152114686,7.555083280863281e-06,11.71,-0.461
2016-12-20,0.0036309124011522087,2.6397330125786326e-06,11.45,-0.461
2016-12-21,-0.0024603857246772165,1.434865082899935e-06,11.27,-0.461
2016-12-22,-0.001864711222396842,4.643219431207484e-06,11.43,-0.461
2016-12-23,0.00125093253507913,1.4496867802507247e-06,11.44,-0.467
2016-12-27,0.0022458489045487084,5.181114066508201e-06,11.99,-0.467
2016-12-28,-0.008391640709771053,1.7041204936352395e-05,12.95,-0.467
2016-12-29,-0.00029334773186828755,9.777605882097968e-06,13.37,-0.467
2016-12-30,-0.0046478346968550355,2.705744737690512e-05,14.04,-0.473
2017-01-03,0.008450766753157701,3.1606226124175e-05,12.85,-0.473
2017-01-04,0.005705963770549438,5.947901800795488e-06,11.85,-0.473
2017-01-05,-0.0007709676024818535,1.1839741789799688e-05,11.67,-0.473
2017-01-06,0.0035107891805798985,2.894570320333515e-05,11.32,-0.479
2017-01-09,-0.0035549054715602324,2.558635489650782e-06,11.56,-0.479
2017-01-10,0.0,1.893011024059676e-05,11.49,-0.479
2017-01-11,0.002825642389102434,1.702821153153573e-05,11.26,-0.479
2017-01-12,-0.0021471123937297776,2.9966302571278475e-05,11.54,-0.479
2017-01-13,0.0018481313951461686,4.696205721250482e-06,11.23,-0.485
2017-01-17,-0.0029719144562179167,8.239876320171925e-06,11.87,-0.485
2017-01-18,0.0017622004698090166,6.725118866867152e-06,12.48,-0.485
2017-01-19,-0.0036158376243191626,1.96093209947354e-05,12.78,-0.485
2017-01-20,0.0033605840613004645,1.3707881561525518e-05,11.54,-0.489
2017-01-23,-0.002693749646070387,2.0743601112492096e-05,11.77,-0.489
2017-01-24,0.006543140528962432,2.000796235038285e-05,11.07,-0.489
2017-01-25,0.007994052795968543,4.20201883746811e-06,10.81,-0.489
2017-01-26,-0.0007356549352630637,4.244408676215978e-06,10.63,-0.489
2017-01-27,-0.0008668394897410892,3.823889910524994e-06,10.58,-0.493
2017-01-30,-0.006027673496096675,2.9206466020606634e-05,11.88,-0.493
2017-01-31,-0.0008903016080328285,1.1903584748052684e-05,11.99,-0.493
2017-02-01,0.0002983189881167192,2.410121200089463e-05,11.81,-0.493
2017-02-02,0.0005701468386902775,1.333980444118807e-05,11.93,-0.493
2017-02-03,0.007238496854554022,4.551129434717022e-06,10.97,-0.495
2017-02-06,-0.00211759751370888,5.292753339467359e-06,11.37,-0.495
2017-02-07,0.00022680346384529315,7.535297294568955e-06,11.29,-0.495
2017-02-08,0.0006930821486097472,8.63873573244998e-06,11.45,-0.495
2017-02-09,0.005736063735960251,1.063100847674482e-05,10.88,-0.495
2017-02-10,0.0035597068220090122,5.1074763201309795e-06,10.85,-0.496
2017-02-13,0.0052321335840117555,6.488739991337759e-06,11.07,-0.496
2017-02-14,0.003999327195672642,1.2543612981552083e-05,10.74,-0.496
2017-02-15,0.0049798886657344,1.1609590583142527e-05,11.97,-0.496
2017-02-16,-0.0008644916015505544,1.3659683955002032e-05,11.76,-0.496
2017-02-17,0.0016771493272376148,7.530951160756359e-06,11.49,-0.496
2017-02-21,0.006029850020069283,4.889483215865162e-06,11.57,-0.496
2017-02-22,-0.0010827861468039046,3.930120909561873e-06,11.74,-0.496
2017-02-23,0.00041889897125901854,1.4609011859639354e-05,11.71,-0.496
2017-02-24,0.0014922502320313669,9.458206641679784e-06,11.47,-0.494
2017-02-27,0.0010174652677337193,6.938904299515377e-06,12.09,-0.494
2017-02-28,-0.002581706115194926,6.568374222660323e-06,12.92,-0.494
2017-03-01,0.013581211083725009,2.1061225322592514e-05,12.54,-0.494
2017-03-02,-0.005877116972104801,7.4996975848761456e-06,11.81,-0.494
2017-03-03,0.0005037503685345612,6.0499231112561326e-06,10.96,-0.492
2017-03-06,-0.0032826227635656124,1.0391421156343675e-05,11.24,-0.492
2017-03-07,-0.002917625902089327,7.838961365259529e-06,11.45,-0.492
2017-03-08,-0.0022868279640642086,9.804491270685414e-06,11.86,-0.492
2017-03-09,0.0007995756127661124,1.881856473584456e-05,12.3,-0.492
2017-03-10,0.00326333970585857,1.7002125345350897e-05,11.66,-0.489
2017-03-13,0.0003665656191698119,2.844406515439361e-06,11.35,-0.489
2017-03-14,-0.003384748980891139,8.964060697563906e-06,12.3,-0.489
2017-03-15,0.008339879124686256,2.399624068011289e-05,11.63,-0.489
2017-03-16,-0.0016280347991832755,7.78075721261803e-06,11.21,-0.489
2017-03-17,-0.0013151792642318583,3.709282377034745e-06,11.28,-0.487
2017-03-20,-0.002011916080379983,7.11636504236629e-06,11.34,-0.487
2017-03-21,-0.012485594590102345,5.7319209643133594e-05,12.47,-0.487
2017-03-22,0.0018881028474631023,1.9383118420292578e-05,12.81,-0.487
2017-03-23,-0.001060832144830215,2.5512162805742204e-05,13.12,-0.487
2017-03-24,-0.0008443522139387483,3.519743259525882e-05,12.96,-0.485
2017-03-27,-0.0010201075858455866,3.607314271023673e-05,12.5,-0.485
2017-03-28,0.007225308829624133,3.718941496541581e-05,11.53,-0.485
2017-03-29,0.0010847362038299835,8.300298312617364e-06,11.42,-0.485
2017-03-30,0.002930810911704995,9.389152034945291e-06,11.54,-0.485
2017-03-31,-0.0022575939382667443,5.057616338501759e-06,12.37,-0.486
2017-04-03,-0.0016434753080130093,3.94316719956379e-05,12.38,-0.486
2017-04-04,0.0005593660746612272,6.644900165002899e-06,11.79,-0.486
2017-04-05,-0.0030595368115227117,5.641416017459957e-05,12.89,-0.486
2017-04-06,0.0019276502937355389,2.001402247471549e-05,12.39,-0.486
2017-04-07,-0.0008274724629453445,1.5177286337153783e-05,12.87,-0.49
2017-04-10,0.0006874501357838625,1.9868711006834792e-05,14.05,-0.49
2017-04-11,-0.001434908291958692,2.9329575186624563e-05,15.07,-0.49
2017-04-12,-0.003767037418986874,8.437823358952365e-06,15.77,-0.49
2017-04-13,-0.006838020289804625,2.2065673016979372e-05,15.96,-0.49
2017-04-17,0.008576465691107593,6.297377012991655e-06,14.66,-0.49
2017-04-18,-0.002907602845833246,1.7385702722002005e-05,14.42,-0.49
2017-04-19,-0.0017178253968683777,2.289746255110711e-05,14.93,-0.49
2017-04-20,0.0075288503629735715,2.576135382441522e-05,14.15,-0.49
2017-04-21,-0.0030396881071155235,9.770006750706485e-06,14.63,-0.503
2017-04-24,0.01078173658811199,4.386363471841692e-06,10.84,-0.503
2017-04-25,0.006072214211751081,7.843451523644323e-06,10.76,-0.503
2017-04-26,-0.00048582147568687617,1.115383463694513e-05,10.85,-0.503
2017-04-27,0.0005527670002987151,7.726173363663496e-06,10.36,-0.503
2017-04-28,-0.001914979471489886,5.1519659279857114e-06,10.82,-0.513
2017-05-01,0.0017307918268940625,8.16848197834289e-06,10.11,-0.513
2017-05-02,0.0011883435858113245,4.426181947950001e-06,10.59,-0.513
2017-05-03,-0.001272169395827305,8.735277090868713e-06,10.68,-0.513
2017-05-04,0.000581933287869596,1.0778008914885417e-05,10.46,-0.513
2017-05-05,0.004080359407478085,5.343069890030208e-06,10.57,-0.523
2017-05-08,3.744527190807645e-05,4.793669651740487e-06,9.77,-0.523
2017-05-09,-0.001025774556793202,9.901185806804003e-06,9.96,-0.523
2017-05-10,0.001129962717449473,3.6642853797871035e-06,10.21,-0.523
2017-05-11,-0.0021651513741067774,1.7115038233991068e-05,10.6,-0.523
2017-05-12,-0.0014795353407937029,2.252847852269557e-06,10.4,-0.533
2017-05-15,0.004765142303014613,4.208175163704468e-06,10.42,-0.533
2017-05-16,-0.0006871330369859763,7.187509747803042e-06,10.65,-0.533
2017-05-17,-0.018345468171115265,2.688117942370835e-05,15.59,-0.533
2017-05-18,0.00368003862721622,3.8966600524195156e-05,14.66,-0.533
2017-05-19,0.00674470320820042,2.3303344929995343e-05,12.04,-0.542
2017-05-22,0.005146863296008775,3.2429376537026325e-06,10.93,-0.542
2017-05-23,0.001836185172380489,4.098695063527648e-06,10.72,-0.542
2017-05-24,0.0024860338045762376,4.399276977879369e-06,10.02,-0.542
2017-05-25,0.004432112041977909,7.798519264912772e-06,9.99,-0.542
2017-05-26,0.00031050178530289685,1.6060276300404793e-06,9.81,-0.551
2017-05-30,-0.0012053507295339827,2.818317137777018e-06,10.38,-0.551
2017-05-31,-0.00046007461995145604,1.2266305491684257e-05,10.41,-0.551
2017-06-01,0.007542595584847156,9.600990186170569e-06,9.89,-0.551
2017-06-02,0.00370087461804669,9.276643931318712e-06,9.75,-0.558
2017-06-05,-0.0012184071404286456,2.1082682476211016e-06,10.07,-0.558
2017-06-06,-0.0027829086662043423,5.093220497062068e-06,10.45,-0.558
2017-06-07,0.0015670287963471807,9.308442407898245e-06,10.39,-0.558
2017-06-08,0.00026716903566459393,1.0822680638017436e-05,10.16,-0.558
2017-06-09,-0.0008303338661868054,7.73182595416805e-05,10.7,-0.564
2017-06-12,-0.0009792424797181454,8.404990529113592e-06,11.46,-0.564
2017-06-13,0.004501358843230108,6.280729808937394e-06,10.42,-0.564
2017-06-14,-0.0009963269653177065,1.780405610435618e-05,10.64,-0.564
2017-06-15,-0.0022421097968399195,1.5661297912862732e-05,10.9,-0.564
2017-06-16,0.000283599150058933,8.707430769043518e-06,10.38,-0.568
2017-06-19,0.00831258320689443,4.404274403219442e-06,10.37,-0.568
2017-06-20,-0.00671916044693166,4.5364541841336655e-06,10.86,-0.568
2017-06-21,-0.0005828141932715525,1.0229360562643027e-05,10.75,-0.568
2017-06-22,-0.00045588597243817475,5.320466331697751e-06,10.48,-0.568
2017-06-23,0.0015596985554084952,8.052481797387178e-06,10.02,-0.571
2017-06-26,0.0003157519397332109,1.3840594019616153e-05,9.9,-0.571
2017-06-27,-0.008105586575672952,1.7684860754694743e-05,11.06,-0.571
2017-06-28,0.008769501646550992,9.47139538367794e-06,10.03,-0.571
2017-06-29,-0.008637216844141982,8.304623444359601e-05,11.44,-0.571
2017-06-30,0.0015320576108743822,8.182193748009051e-06,11.18,-0.574
2017-07-03,0.0023081679791472354,8.899459870424615e-06,11.22,-0.574
2017-07-05,0.0014522240362886407,1.3796763880064339e-05,11.07,-0.574
2017-07-06,-0.009412987306865794,1.1151136380494946e-05,12.54,-0.574
2017-07-07,0.006382712569615201,6.35481064803177e-06,11.19,-0.577
2017-07-10,0.0009273361035129213,7.475779122670877e-06,11.11,-0.577
2017-07-11,-0.0007829870660822635,2.3034758344303335e-05,10.89,-0.577
2017-07-12,0.007279050947821553,4.7586834101672115e-06,10.3,-0.577
2017-07-13,0.0018728294734726703,4.346777764962211e-06,9.9,-0.577
2017-07-14,0.004662616170009848,1.6996866470718367e-05,9.51,-0.58
2017-07-17,-5.291423670694684e-05,2.6387579389812264e-06,9.82,-0.58
2017-07-18,0.0005976786981110038,7.850864438057117e-06,9.89,-0.58
2017-07-19,0.00535825821605318,1.858046792394521e-06,9.79,-0.58
2017-07-20,-0.00015367108860697698,6.624082408161877e-06,9.58,-0.58
2017-07-21,-0.0003679393292088662,2.9169068050236364e-06,9.36,-0.582
2017-07-24,-0.0010643009954085514,3.4811944077689606e-06,9.43,-0.582
2017-07-25,0.002918907519897651,3.2271685681325582e-06,9.43,-0.582
2017-07-26,0.0002826240061200025,3.421208567391619e-06,9.6,-0.582
2017-07-27,-0.0009731616373942487,4.417817456957774e-05,10.11,-0.582
2017-07-28,-0.001342015678115871,5.890886324890337e-06,10.29,-0.581
2017-07-31,-0.0007284108345597673,5.2596976672908134e-06,10.26,-0.581
2017-08-01,0.002446120774938443,4.398932032008024e-06,10.09,-0.581
2017-08-02,0.0004925274073475094,1.5294241739620566e-05,10.28,-0.581
2017-08-03,-0.002186041834946195,3.27135114996573e-06,10.44,-0.581
2017-08-04,0.0018873214175396669,5.115451287270154e-06,10.03,-0.578
2017-08-07,0.0016458446442806363,1.1990291341180115e-06,9.93,-0.578
2017-08-08,-0.0024173522303856387,3.357437368843478e-05,10.96,-0.578
2017-08-09,-0.00036367479271248726,7.7163349748448e-06,11.11,-0.578
2017-08-10,-0.01458021840074153,1.607219864977044e-05,16.04,-0.578
2017-08-11,0.0012747571279874137,8.779761068878834e-06,15.51,-0.573
2017-08-14,0.009993651246049673,6.954707972267987e-06,12.33,-0.573
2017-08-15,-0.0004989323268835832,3.330671333347594e-06,12.04,-0.573
2017-08-16,0.0014190955233326363,1.0030689396084348e-05,11.74,-0.573
2017-08-17,-0.015557342487191761,3.2278549139041604e-05,15.55,-0.573
2017-08-18,-0.001837053661351895,3.2163836840518475e-05,14.26,-0.568
2017-08-21,0.0011619757145657772,1.4354650446974348e-05,13.19,-0.568
2017-08-22,0.00989169526062561,1.448484157881914e-05,11.35,-0.568
2017-08-23,-0.0034595701326392003,4.645957285278363e-06,12.25,-0.568
2017-08-24,-0.002076616747138438,1.1717568387467871e-05,12.23,-0.568
2017-08-25,0.001671471668937663,1.1318432902942078e-05,11.28,-0.563
2017-08-28,0.00048695347329630323,7.897174971507182e-06,11.32,-0.563
2017-08-29,0.0008424667620099413,2.365151445396014e-05,11.7,-0.563
2017-08-30,0.0046045317880603065,1.420768441883977e-05,11.22,-0.563
2017-08-31,0.005704673584713937,7.39179782184653e-06,10.59,-0.563
2017-09-01,0.0019805780423354236,3.1883409569308133e-06,10.13,-0.561
2017-09-05,-0.007579458552145368,4.348079499490386e-05,12.23,-0.561
2017-09-06,0.0031238424931441244,8.787069048275622e-06,11.63,-0.561
2017-09-07,-0.00017845204485311683,5.156224171549954e-06,11.55,-0.561
2017-09-08,-0.0014899601434583687,4.855869021449263e-06,12.12,-0.561
2017-09-11,0.010780975197147491,5.316220759153939e-06,10.73,-0.561
2017-09-12,0.0033583025948829004,2.013736616947082e-06,10.58,-0.561
2017-09-13,0.0007568342480830381,1.8726121992495026e-06,10.5,-0.561
2017-09-14,-0.001101323850828173,3.956644510595253e-06,10.44,-0.561
2017-09-15,0.0018454775461593798,2.7221326467645444e-06,10.17,-0.563
2017-09-18,0.0014548619291288034,5.512402195473165e-06,10.15,-0.563
2017-09-19,0.0011095796167319705,1.7143399296035274e-06,10.18,-0.563
2017-09-20,0.000634146702309657,1.1722021148193806e-05,9.78,-0.563
2017-09-21,-0.003050565946915107,2.6622438241837056e-06,9.67,-0.563
2017-09-22,0.0006475839951667339,2.3210588650718943e-06,9.59,-0.568
2017-09-25,-0.00222452269985407,1.6445674020630703e-05,10.21,-0.568
2017-09-26,7.21641258953909e-05,4.543143838265658e-06,10.17,-0.568
2017-09-27,0.004076822401987812,1.9150479212730632e-05,9.87,-0.568
2017-09-28,0.001203890628937998,2.2218099616955454e-06,9.55,-0.568
2017-09-29,0.0036982630684985196,4.976046238239159e-06,9.51,-0.573
2017-10-02,0.003866518829712895,2.315395838596402e-06,9.45,-0.573
2017-10-03,0.0021565111846602036,1.9928069601512602e-06,9.51,-0.573
2017-10-04,0.0012459436611136354,4.834000436970101e-06,9.63,-0.573
2017-10-05,0.0056309040312934044,4.544593733544244e-06,9.19,-0.573
2017-10-06,-0.00107421116523998,2.222508739223585e-06,9.65,-0.58
2017-10-09,-0.001806063868014185,5.4131596521962676e-06,10.33,-0.58
2017-10-10,0.0023197196304787226,8.243331362671818e-06,10.08,-0.58
2017-10-11,0.0018018829296631012,2.8163480198756316e-06,9.85,-0.58
2017-10-12,-0.0016881771203509643,3.558417946272102e-06,9.91,-0.58
2017-10-13,0.0008777220048461487,2.0007905925588793e-06,9.61,-0.587
2017-10-16,0.0017492225323056942,3.316912457109711e-06,9.91,-0.587
2017-10-17,0.0006723529054335486,1.6437347821526838e-06,10.31,-0.587
2017-10-18,0.0007420595113298845,1.3493737452076538e-06,10.07,-0.587
2017-10-19,0.00032794411501058107,1.1489565305085997e-05,10.05,-0.587
2017-10-20,0.005103796185029985,1.276036609276703e-06,9.97,-0.594
2017-10-23,-0.003980395312996876,4.712725679919206e-06,11.07,-0.594
2017-10-24,0.0016166008745583937,3.287355875079541e-06,11.16,-0.594
2017-10-25,-0.004673955687260367,3.674862757203018e-05,11.23,-0.594
2017-10-26,0.0012701392506020426,4.015555522745757e-06,11.3,-0.594
2017-10-27,0.008040609979727442,1.5100427953643207e-05,9.8,-0.599
2017-10-30,-0.003197577376741201,9.061401842610338e-06,10.5,-0.599
2017-10-31,0.0009440129366797834,2.8114531763946353e-06,10.18,-0.599
2017-11-01,0.0015908441079037772,1.2772495398402966e-05,10.2,-0.599
2017-11-02,0.00018994776966696492,1.684073466744103e-05,9.93,-0.599
2017-11-03,0.0030922893263145568,8.15481919993815e-06,9.14,-0.603
2017-11-06,0.0012704438847759292,3.672108682761896e-06,9.4,-0.603
2017-11-07,-0.00018912080508215467,1.1834533699293146e-05,9.89,-0.603
2017-11-08,0.0014426139320606879,6.288927594667629e-06,9.78,-0.603
2017-11-09,-0.003768981339369759,3.062216484002019e-05,10.5,-0.603
2017-11-10,-0.000898046976053557,4.840792262024667e-06,11.29,-0.605
2017-11-13,0.0009831509112929737,9.032125239364195e-06,11.5,-0.605
2017-11-14,-0.0023122805602824315,1.2886586441078609e-05,11.59,-0.605
2017-11-15,-0.0055409987421235485,1.6630917427970542e-05,13.13,-0.605
2017-11-16,0.008162652782972124,1.2691434008117362e-05,11.76,-0.605
2017-11-17,-0.002629416978897403,2.04728206373079e-06,11.43,-0.606
2017-11-20,0.001274869888790775,2.6659628977324954e-06,10.65,-0.606
2017-11-21,0.006519838879752271,5.1452614420846595e-06,9.73,-0.606
2017-11-22,-0.0007505427033294154,1.8183002650919992e-06,9.88,-0.606
2017-11-24,0.0020539842782323348,8.322391815932963e-07,9.67,-0.607
2017-11-27,-0.00038433158680373225,4.108525419168924e-06,9.87,-0.607
2017-11-28,0.009800332196793882,1.1033342742902769e-05,10.03,-0.607
2017-11-29,-0.00036929388279105524,1.5201641174998822e-05,10.7,-0.607
2017-11-30,0.008157586662811411,3.0170790276027714e-05,11.28,-0.607
2017-12-01,-0.0020265829358052656,0.00014679730814366924,11.43,-0.608
2017-12-04,-0.001052710549286573,3.129499424003712e-05,11.68,-0.608
2017-12-05,-0.0037463905259551566,2.584898111985446e-05,11.33,-0.608
2017-12-06,-0.0001141121705305892,6.233905516392633e-06,11.02,-0.608
2017-12-07,0.002928067010109281,1.094920810420061e-05,10.16,-0.608
2017-12-08,0.005491202035518228,2.524166824617116e-06,9.58,-0.609
2017-12-11,0.0031968421216959086,2.233079738366523e-06,9.34,-0.609
2017-12-12,0.0015477237220897777,6.64845489536248e-06,9.92,-0.609
2017-12-13,-0.00047306897015086946,4.50826089276367e-06,10.18,-0.609
2017-12-14,-0.004079167730762556,7.774990766715935e-06,10.49,-0.609
2017-12-15,0.008934313410143169,1.6956694449181643e-05,9.42,-0.612
2017-12-18,0.005348478579596971,4.696380244669973e-06,9.53,-0.612
2017-12-19,-0.003235498043117957,6.233163782968586e-06,10.03,-0.612
2017-12-20,-0.0008282360735725192,1.113700495340181e-05,9.72,-0.612
2017-12-21,0.001983687012658386,7.129974582589488e-06,9.62,-0.612
2017-12-22,-0.00045827163811384963,3.5828893359403226e-06,9.9,-0.615
2017-12-26,-0.0010589757000589728,1.4832575932270727e-06,10.25,-0.615
2017-12-27,0.0007906283102423473,3.133168116928751e-06,10.47,-0.615
2017-12-28,0.0018323190029194691,1.6019519856209074e-06,10.18,-0.615
2017-12-29,-0.005196632292747694,1.082604421685268e-05,11.04,-0.619
2018-01-02,0.008269078218397397,4.865383059586104e-06,9.77,-0.619
2018-01-03,0.006378433243936499,6.606054815166773e-06,9.15,-0.619
2018-01-04,0.004020542855326603,5.8950047345488925e-06,9.22,-0.619
2018-01-05,0.007009145888585699,8.910265849576725e-06,9.22,-0.622
2018-01-08,0.0016609637672972966,6.607327557064095e-06,9.52,-0.622
2018-01-09,0.0013020835172978806,8.389785075849035e-06,10.08,-0.622
2018-01-10,-0.0011128458115203799,1.4066042859231505e-05,9.82,-0.622
2018-01-11,0.007009025768881294,3.5439464552412415e-06,9.88,-0.622
2018-01-12,0.006726926399094779,8.56485531701935e-06,10.16,-0.622
2018-01-16,-0.0035307132616031467,7.208111500488415e-05,11.66,-0.622
2018-01-17,0.009371006206502663,3.738160803147412e-05,11.91,-0.622
2018-01-18,-0.0016176974974735359,1.0296201137501327e-05,12.22,-0.622
2018-01-19,0.004375647986989861,6.63375681901026e-06,11.27,-0.618
2018-01-22,0.00803436438221361,1.1480123635929286e-05,11.03,-0.618
2018-01-23,0.0021720049682221187,7.635992734081123e-06,11.1,-0.618
2018-01-24,-0.0005601325472319729,4.622667728037048e-05,11.47,-0.618
2018-01-25,0.0006024393988326437,1.6914387073744806e-05,11.58,-0.618
2018-01-26,0.011771638106083948,1.3118681789722466e-05,11.08,-0.609
2018-01-29,-0.006754736284862339,1.351597470359889e-05,13.84,-0.609
2018-01-30,-0.010958642805337426,1.8588211114626573e-05,14.79,-0.609
2018-01-31,0.0004888658586947869,3.946583878290682e-05,13.54,-0.609
2018-02-01,-0.000648298352023069,3.242647806114056e-05,13.47,-0.609
2018-02-02,-0.021436680516699447,4.553116871543527e-05,17.31,-0.595
2018-02-05,-0.041842540938381134,0.0006237787341059897,37.32,-0.595
2018-02-06,0.017290573348937244,0.00047813608314647326,29.98,-0.595
2018-02-07,-0.005014138223752518,0.00014218010288382732,27.73,-0.595
2018-02-08,-0.038259052245801506,0.0001880730548235065,33.46,-0.595
2018-02-09,0.014825645199524118,0.0008223160978837854,29.06,-0.577
2018-02-12,0.013818665678186015,0.00015904657008986234,25.61,-0.577
2018-02-13,0.0026095219802773073,5.6427451920261115e-05,24.97,-0.577
2018-02-14,0.013313439808896987,7.652122770998136e-05,19.26,-0.577
2018-02-15,0.011996861776776058,0.00010187248661426995,19.13,-0.577
2018-02-16,0.00037339964992089136,5.58860072060537e-05,19.46,-0.562
2018-02-20,-0.005858517106837269,6.181108660776438e-05,20.6,-0.562
2018-02-21,-0.005511664483310419,0.00012602448728623537,20.02,-0.562
2018-02-22,0.0009730774855780666,7.390775738259538e-05,18.72,-0.562
2018-02-23,0.015901278245120665,2.623191338128395e-05,16.49,-0.547
2018-02-26,0.011688438620627295,2.2201863845180104e-05,15.8,-0.547
2018-02-27,-0.01278831144146686,6.563716118302939e-05,18.59,-0.547
2018-02-28,-0.011157806083656574,7.110550558946605e-05,19.85,-0.547
2018-03-01,-0.013413965854875975,0.000274437158849551,22.47,-0.547
2018-03-02,0.005058785485198669,0.00011117291378443203,19.59,-0.532
2018-03-05,0.010971617610525897,0.00010342248647817067,18.73,-0.532
2018-03-06,0.0026353829319969435,2.9039497648461713e-05,18.36,-0.532
2018-03-07,-0.00048399182571667865,4.201061843003501e-05,17.76,-0.532
2018-03-08,0.004453148208884983,1.9235630324415866e-05,16.54,-0.532
2018-03-09,0.017229546741207358,2.29665248209816e-05,14.64,-0.519
2018-03-12,-0.0012747973379978461,1.738361333329816e-05,15.78,-0.519
2018-03-13,-0.006383910414315075,8.436047745786227e-05,16.35,-0.519
2018-03-14,-0.005740969825188458,3.967940887685431e-05,17.23,-0.519
2018-03-15,-0.0007822363990968029,2.822431342845503e-05,16.59,-0.519
2018-03-16,0.0017019979472321367,9.185636765980577e-06,15.8,-0.508
2018-03-19,-0.014306040541374188,0.00010611300806489098,19.02,-0.508
2018-03-20,0.0014807086617194543,1.3411254574247309e-05,18.2,-0.508
2018-03-21,-0.001845692125629128,5.753541136473506e-05,17.86,-0.508
2018-03-22,-0.02548488697285478,8.205244106414519e-05,23.34,-0.508
2018-03-23,-0.021189807311750464,0.00018219057099863074,24.87,-0.501
2018-03-26,0.02679504070603489,0.00017081697767569551,21.03,-0.501
2018-03-27,-0.017427285645321255,0.000278126189333765,22.5,-0.501
2018-03-28,-0.0029209188994627766,0.00011254122663214224,22.87,-0.501
2018-03-29,0.013675777493843633,0.00013630031656609493,19.97,-0.501
2018-04-02,-0.022590682343496482,0.00037873591459709966,23.62,-0.501
2018-04-03,0.012535961315741417,0.00011292916919397154,21.1,-0.501
2018-04-04,0.011500102346446717,0.0002183243104835369,20.06,-0.501
2018-04-05,0.006839421401651613,3.411307618934174e-05,18.94,-0.501
2018-04-06,-0.02216406705706575,0.0002669198300877326,21.49,-0.504
2018-04-09,0.0033309949675937034,0.0001310455322371502,21.77,-0.504
2018-04-10,0.016588598996313486,4.387044126582542e-05,20.47,-0.504
2018-04-11,-0.005540685772460918,3.485827567455244e-05,20.24,-0.504
2018-04-12,0.008216898697656738,2.5098763008843996e-05,18.49,-0.504
2018-04-13,-0.0028907998267069246,6.438131164623576e-05,17.41,-0.514
2018-04-16,0.0080763368015635,2.8535383934064696e-05,16.56,-0.514
2018-04-17,0.010605071613866812,2.1150295066266118e-05,15.25,-0.514
2018-04-18,0.0008310204075527849,1.2959607681997222e-05,15.6,-0.514
2018-04-19,-0.005742581795832535,2.682177448346518e-05,15.96,-0.514
2018-04-20,-0.008573177188352155,5.048473270382403e-05,16.88,-0.528
2018-04-23,5.6230111184163434e-05,4.195632272550085e-05,16.34,-0.528
2018-04-24,-0.013470888006475334,0.0001952991833822525,18.02,-0.528
2018-04-25,0.001835374232824094,7.591210661338418e-05,17.84,-0.528
2018-04-26,0.010380144187376317,4.789642970760986e-05,16.24,-0.528
2018-04-27,0.0011130052713639316,2.1951810326897752e-05,15.41,-0.541
2018-04-30,-0.00822119254892062,2.0802025318501996e-05,15.93,-0.541
2018-05-01,0.0025458021710269563,5.623225131904115e-05,15.49,-0.541
2018-05-02,-0.007231951201402076,4.1713194584753026e-05,15.97,-0.541
2018-05-03,-0.00225621758506378,0.00013195776122771098,15.9,-0.541
2018-05-04,0.012729810028334398,0.00012389001965511348,14.77,-0.553
2018-05-07,0.003451980554990186,2.1116749239810197e-05,14.75,-0.553
2018-05-08,-0.00026567661173348966,3.129532601566703e-05,14.71,-0.553
2018-05-09,0.009635647934868707,3.0260577310254162e-05,13.42,-0.553
2018-05-10,0.009327011603848412,1.446636246047468e-05,13.23,-0.553
2018-05-11,0.0017061392709614154,1.4677583073699473e-05,12.65,-0.562
2018-05-14,0.0008830995101263284,1.4908782604305672e-05,12.93,-0.562
2018-05-15,-0.006865655043990948,1.626723464173339e-05,14.63,-0.562
2018-05-16,0.004052339847514297,1.1361834248962927e-05,13.42,-0.562
2018-05-17,-0.0008562387886099643,2.8634858305133903e-05,13.43,-0.562
2018-05-18,-0.002635665254550723,6.222513939103814e-06,13.42,-0.567
2018-05-21,0.007359604547933607,1.1894206740661195e-05,13.08,-0.567
2018-05-22,-0.003140688592875307,1.7764170502904697e-05,13.22,-0.567
2018-05-23,0.0032431452068992783,1.8791958342677256e-05,12.58,-0.567
2018-05-24,-0.002025262957722873,4.035103961047831e-05,12.53,-0.567
2018-05-25,-0.002360003054185711,1.0063950733318988e-05,13.22,-0.567
2018-05-29,-0.011631572511792143,6.665598360629913e-05,17.02,-0.567
2018-05-30,0.012615875351923656,2.4651671715737786e-05,14.94,-0.567
2018-05-31,-0.006903333243434062,1.942533087313538e-05,15.43,-0.567
2018-06-01,0.010790799709239352,9.162356569671863e-06,13.46,-0.562
2018-06-04,0.004469594898352192,3.5439138380445396e-06,12.74,-0.562
2018-06-05,0.000702346269576104,1.1372995989009626e-05,12.4,-0.562
2018-06-06,0.008530900637311767,1.9112995602877e-05,11.64,-0.562
2018-06-07,-0.000714443621984806,2.438805867620999e-05,12.13,-0.562
2018-06-08,0.0031210289077518993,7.506389914922751e-06,12.18,-0.556
2018-06-11,0.0010681370069400842,6.331839101251021e-06,12.35,-0.556
2018-06-12,0.0017418672787039569,7.754866508155322e-06,12.34,-0.556
2018-06-13,-0.004034254541411819,1.0698738057904347e-05,12.94,-0.556
2018-06-14,0.0024685005225038026,1.0127470558489446e-05,12.12,-0.556
2018-06-15,-0.0010176203154941277,2.8733161626540006e-05,11.98,-0.55
2018-06-18,-0.0021283911808867018,1.767818746371366e-05,12.31,-0.55
2018-06-19,-0.00403151795139145,2.5812607663296712e-05,13.35,-0.55
2018-06-20,0.001710690224112632,7.524444640592127e-06,12.79,-0.55
2018-06-21,-0.006365728843220175,2.1428363912175444e-05,14.64,-0.55
2018-06-22,0.0018602032551342518,6.901266599110914e-06,13.77,-0.544
2018-06-25,-0.013819722967770787,9.768879599869773e-05,17.33,-0.544
2018-06-26,0.0022021505056963875,2.014051415254553e-05,15.92,-0.544
2018-06-27,-0.008641586313141048,0.00010360523702284321,17.91,-0.544
2018-06-28,0.006159680019031555,5.498720458354736e-05,16.85,-0.544
2018-06-29,0.0007581158875167304,3.868699483855242e-05,16.09,-0.541
2018-07-02,0.0030632608342937573,2.9641909609344324e-05,15.6,-0.541
2018-07-03,-0.004959629280533839,2.2607061289266145e-05,16.14,-0.541
2018-07-05,0.00858385674553741,2.399144533007686e-05,14.97,-0.541
2018-07-06,0.00844551760058021,3.807363341065345e-05,13.37,-0.542
2018-07-09,0.00878429078534193,8.902717057157036e-06,12.69,-0.542
2018-07-10,0.003467249318822141,4.217587817366057e-06,12.64,-0.542
2018-07-11,-0.007119486371916395,1.3162067712124658e-05,13.63,-0.542
2018-07-12,0.008710991580171523,8.710838313907808e-06,12.58,-0.542
2018-07-13,0.0010786555366086858,9.582869740337754e-06,12.18,-0.547
2018-07-16,-0.0010286646208985673,3.831199528158685e-06,12.83,-0.547
2018-07-17,0.0039658243434432805,1.9519163789576856e-05,12.06,-0.547
2018-07-18,0.002158182076737347,6.585314466085584e-06,12.1,-0.547
2018-07-19,-0.003960826849048971,8.409187253591568e-06,12.87,-0.547
2018-07-20,-0.0009488977712743818,5.603800141468839e-06,12.86,-0.555
2018-07-23,0.001836362343230924,8.557544011683757e-06,12.62,-0.555
2018-07-24,0.004769518886053703,2.23752625167837e-05,12.41,-0.555
2018-07-25,0.009060435070372463,1.8514019756168326e-05,12.29,-0.555
2018-07-26,-0.003036902748867476,6.405074091233167e-06,12.14,-0.555
2018-07-27,-0.006583834644844799,4.92710832410771e-05,13.03,-0.564
2018-07-30,-0.005770789315587166,2.2209181628843625e-05,14.26,-0.564
2018-07-31,0.004872837219302539,1.4854622918526233e-05,12.83,-0.564
2018-08-01,-0.001040893067570714,2.2205188898866162e-05,13.15,-0.564
2018-08-02,0.004914349582208821,3.6317797887292496e-05,12.19,-0.564
2018-08-03,0.004633432065348053,5.004078024334467e-06,11.64,-0.573
2018-08-06,0.0035319826508013463,1.3637842464987036e-05,11.27,-0.573
2018-08-07,0.0028202017464860063,3.1455087512487557e-06,10.93,-0.573
2018-08-08,-0.0002624143932949963,5.312962534650486e-06,10.85,-0.573
2018-08-09,-0.0014427146770401578,6.13501017797032e-06,11.27,-0.573
2018-08-10,-0.007139312263245046,1.5206543534740999e-05,13.16,-0.582
2018-08-13,-0.004014037665980297,2.565862010852491e-05,14.78,-0.582
2018-08-14,0.006368930016417806,9.981332780515246e-06,13.31,-0.582
2018-08-15,-0.007631208581378779,3.644667743303503e-05,14.64,-0.582
2018-08-16,0.007888214552638217,1.837261222503896e-05,13.45,-0.582
2018-08-17,0.003317606375262905,2.2974050301768034e-05,12.64,-0.589
2018-08-20,0.002425074902128621,4.662480144248454e-06,12.49,-0.589
2018-08-21,0.002066399954626874,8.527666511242231e-06,12.86,-0.589
2018-08-22,-0.0003982310542438583,8.027461641557354e-06,12.25,-0.589
2018-08-23,-0.0016926939235348826,1.2768161638547369e-05,12.41,-0.589
2018-08-24,0.006179705928285095,4.43404314622094e-06,11.99,-0.595
2018-08-27,0.007641141407110474,4.28403577130637e-06,12.16,-0.595
2018-08-28,0.000269242077598264,5.566973754771865e-06,12.5,-0.595
2018-08-29,0.005685242468912222,1.1147459046948764e-05,12.25,-0.595
2018-08-30,-0.004440172044458457,1.4831807844185827e-05,13.53,-0.595
2018-08-31,0.0001344684673050267,1.2208617211084172e-05,12.86,-0.599
2018-09-04,-0.0016556920488790539,1.3532232480181397e-05,13.16,-0.599
2018-09-05,-0.0028070628012661913,1.7538126715339838e-05,13.91,-0.599
2018-09-06,-0.0036589910366187084,3.1754259026893306e-05,14.65,-0.599
2018-09-07,-0.0022157978950136936,2.2920728709700533e-05,14.88,-0.601
2018-09-10,0.0018960282146931462,6.4279515787363245e-06,14.16,-0.601
2018-09-11,0.0037328656897148704,2.7543196787534358e-05,13.22,-0.601
2018-09-12,0.00035660834989403867,1.4302037622951473e-05,13.14,-0.601
2018-09-13,0.005268352159391476,3.919683769512501e-06,12.37,-0.601
2018-09-14,0.0002754439007661702,9.231501572507288e-06,12.07,-0.601
2018-09-17,-0.00558529099154903,9.987737219954545e-06,13.68,-0.601
2018-09-18,0.005354652867625376,1.7086818023841446e-05,12.79,-0.601
2018-09-19,0.0012524880331721278,4.228683159660663e-06,11.75,-0.601
2018-09-20,0.007810014185328562,7.769625217904815e-06,11.8,-0.601
2018-09-21,-0.0003686009370067467,8.803983760836062e-06,11.68,-0.598
2018-09-24,-0.0035218823140139577,7.0386626844345895e-06,12.2,-0.598
2018-09-25,-0.0013059484931181586,4.4284802069889555e-06,12.42,-0.598
2018-09-26,-0.0032946996811595852,4.0112035349530606e-05,12.89,-0.598
2018-09-27,0.0027594762285110264,1.866569778380356e-05,12.41,-0.598
2018-09-28,-6.870144138027001e-06,9.28645516606234e-06,12.12,-0.593
2018-10-01,0.003634492342198037,2.1265332006458134e-05,12.0,-0.593
2018-10-02,-0.0003967689102788441,8.477058015406309e-06,12.05,-0.593
2018-10-03,0.0007112667367188408,1.8204940079468904e-05,11.61,-0.593
2018-10-04,-0.008203035421010085,6.200641912721408e-05,14.22,-0.593
2018-10-05,-0.0055433145846226495,8.422422939128543e-05,14.82,-0.586
2018-10-08,-0.0003951947083491447,4.307558968173713e-05,15.69,-0.586
2018-10-09,-0.0014189098341548245,2.5182826511683486e-05,15.95,-0.586
2018-10-10,-0.03341638904260158,0.0001210659846208091,22.96,-0.586
2018-10-11,-0.020787579972541437,0.00035270699562160225,24.98,-0.586
2018-10-12,0.0141062354083763,0.0001410680171638376,21.31,-0.576
2018-10-15,-0.005922482291300213,3.898214988436973e-05,21.3,-0.576
2018-10-16,0.021267828034901015,4.786920612709967e-05,17.62,-0.576
2018-10-17,-0.0002526942626648321,7.844716959119787e-05,17.4,-0.576
2018-10-18,-0.014496490575340637,0.00011234106299585369,20.06,-0.576
2018-10-19,-0.0003612351352799692,8.792412106214996e-05,19.89,-0.565
2018-10-22,-0.00430879709647769,4.1324593454488526e-05,19.64,-0.565
2018-10-23,-0.005527076180694479,0.00024065011843202606,20.71,-0.565
2018-10-24,-0.03135077386114027,0.0002103420315792542,25.23,-0.565
2018-10-25,0.01845371797871387,0.00015688479451973902,24.22,-0.565
2018-10-26,-0.017479138010003226,0.00028682793258189503,24.16,-0.551
2018-10-29,-0.006581208295194152,0.0006636921979006791,24.7,-0.551
2018-10-30,0.01554532297187805,8.129685425548246e-05,23.35,-0.551
2018-10-31,0.0107928787545708,6.328507972838694e-05,21.23,-0.551
2018-11-01,0.010502498868529386,4.557550370510106e-05,19.34,-0.551
2018-11-02,-0.0063367210558800124,0.00018556107558187956,19.51,-0.536
2018-11-05,0.005584693697194609,3.909680495594258e-05,19.96,-0.536
2018-11-06,0.006239787744408254,1.0937984241998523e-05,19.91,-0.536
2018-11-07,0.020987078560773753,2.9497839970910066e-05,16.36,-0.536
2018-11-08,-0.0025120689884907677,2.4805526551107235e-05,16.72,-0.536
2018-11-09,-0.009241585915372497,4.9202198967504386e-05,17.36,-0.52
2018-11-12,-0.0198981509854681,7.660484692684403e-05,20.45,-0.52
2018-11-13,-0.0014830188221734986,0.00010172715201132772,20.02,-0.52
2018-11-14,-0.007596188818451033,0.00018370746945913785,21.25,-0.52
2018-11-15,0.010538032742642756,0.0002151946537473473,19.98,-0.52
2018-11-16,0.0022208375374832556,6.397879124690295e-05,18.14,-0.501
2018-11-19,-0.01678316123572099,0.00010083338866581213,20.1,-0.501
2018-11-20,-0.018317995556586197,9.344760628378219e-05,22.48,-0.501
2018-11-21,0.003038669310766906,2.7544918260138682e-05,20.8,-0.501
2018-11-23,-0.006576419711855408,1.9411050572366317e-05,21.52,-0.48
2018-11-26,0.015412975845366716,1.1874668146015028e-05,18.9,-0.48
2018-11-27,0.003256384364612508,3.146156292486417e-05,19.02,-0.48
2018-11-28,0.022714051303114324,9.797691525590524e-05,18.49,-0.48
2018-11-29,-0.0021854945453938512,6.326217452538648e-05,18.79,-0.48
2018-11-30,0.008137547716617455,2.672920634514367e-05,18.07,-0.46
2018-12-03,0.010882001794362495,4.624179328787015e-05,16.44,-0.46
2018-12-04,-0.03290022883855581,0.00017523043099445916,20.74,-0.46
2018-12-06,-0.001523387914144081,0.0003372570419375222,21.19,-0.46
2018-12-07,-0.02359633545632267,0.00032869461160506253,23.23,-0.441
2018-12-10,0.0017606032229169344,0.00029944490596438836,22.64,-0.441
2018-12-11,-0.0003564096753061463,0.0001586541697251539,21.76,-0.441
2018-12-12,0.005404871010351364,8.413594508728876e-05,21.46,-0.441
2018-12-13,-0.00019995031241482053,7.329592634532763e-05,20.65,-0.441
2018-12-14,-0.01927121226870021,7.441329843298895e-05,21.63,-0.428
2018-12-17,-0.020992284828576402,0.0002608938457960983,24.52,-0.428
2018-12-18,8.639685378852846e-05,0.00014630601916595665,25.58,-0.428
2018-12-19,-0.015515459175936108,0.0006237358864589755,25.58,-0.428
2018-12-20,-0.015897809484104464,0.000328351337170072,28.38,-0.428
2018-12-21,-0.020803120498540828,0.0006074538731810123,30.11,-0.422
2018-12-24,-0.02748657287831424,0.00014219196153649564,36.07,-0.422
2018-12-26,0.0484031776708056,0.0005432728209375488,30.41,-0.422
2018-12-27,0.008526228968816163,0.0005596677885192139,29.96,-0.422
2018-12-28,-0.0012423539102313086,0.00016953421768408025,28.34,-0.425
2018-12-31,0.00845662586220719,5.2161430123222965e-05,25.42,-0.425
2019-01-02,0.0012676930626263072,0.00014968682234782634,23.22,-0.425
2019-01-03,-0.025068331818915546,7.570190371002951e-05,25.45,-0.425
2019-01-04,0.033759399060347306,0.00011881571151542962,21.38,-0.437
2019-01-07,0.006985975995229765,0.00012171421529642344,21.4,-0.437
2019-01-08,0.009648587336497094,7.685452723402823e-05,20.47,-0.437
2019-01-09,0.004089671332821787,5.096281336438537e-05,19.98,-0.437
2019-01-10,0.004508241374462152,6.535450651950154e-05,19.5,-0.437
2019-01-11,-0.0001463085444823875,2.2787876788709457e-05,18.19,-0.457
2019-01-14,-0.005271394587249567,2.655730528940015e-05,19.07,-0.457
2019-01-15,0.010664618879761001,2.1593416388308146e-05,18.6,-0.457
2019-01-16,0.00221952052908847,1.2366550346987197e-05,19.04,-0.457
2019-01-17,0.007562730706236032,6.864248466541812e-05,18.06,-0.457
2019-01-18,0.013096912839855257,3.428781839625272e-05,17.8,-0.48
2019-01-22,-0.014258476827971656,8.408808792520923e-05,20.8,-0.48
2019-01-23,0.0022004899194500993,0.00011604325024061058,19.52,-0.48
2019-01-24,0.0013747801109778024,2.8633438818419263e-05,18.89,-0.48
2019-01-25,0.008452867700517785,1.3024303093274748e-05,17.42,-0.504
2019-01-28,-0.007877775848708524,3.142833306561293e-05,18.87,-0.504
2019-01-29,-0.0014573079351150042,2.7008578993437504e-05,19.13,-0.504
2019-01-30,0.015429609891559615,8.352005696969016e-05,17.66,-0.504
2019-01-31,0.0085606488097687,4.4837539125203815e-05,16.57,-0.504
2019-02-01,0.000898206584806438,2.5764742561426762e-05,16.14,-0.528
2019-02-04,0.006753381117479584,2.9117545523646173e-05,15.73,-0.528
2019-02-05,0.004697370437350301,1.0447013291853588e-05,15.57,-0.528
2019-02-06,-0.0022269157175083265,1.2395999728537592e-05,15.38,-0.528
2019-02-07,-0.009401193202230651,6.340430291305764e-05,16.37,-0.528
2019-02-08,0.0006759725660128169,3.464046637925449e-05,15.72,-0.548
2019-02-11,0.000708851803818078,1.3479727773072036e-05,15.97,-0.548
2019-02-12,0.01280785290283859,1.843226926946644e-05,15.43,-0.548
2019-02-13,0.003019431593711097,1.113121465819224e-05,15.65,-0.548
2019-02-14,-0.0026551633836984223,4.695926235182274e-05,16.22,-0.548
2019-02-15,0.010820004664958027,3.6214127917983473e-06,14.91,-0.565
2019-02-19,0.0014976213265915916,2.0521442852951845e-05,14.88,-0.565
2019-02-20,0.001775533560740783,1.4575137038178956e-05,14.02,-0.565
2019-02-21,-0.0035326693258417308,1.7418873474004e-05,14.46,-0.565
2019-02-22,0.006390638694711015,7.498124557974143e-06,13.51,-0.578
2019-02-25,0.0012311044497517187,1.841645713477858e-05,14.85,-0.578
2019-02-26,-0.000790769672840419,1.1797226390691698e-05,15.17,-0.578
2019-02-27,-0.0005441974362980773,2.6245841169267192e-05,14.7,-0.578
2019-02-28,-0.00282950759895062,7.445050303329503e-06,14.78,-0.578
2019-03-01,0.006871656588713471,2.5741027930308978e-05,13.57,-0.587
2019-03-04,-0.003888107395255247,0.00013252246016982373,14.63,-0.587
2019-03-05,-0.0011321734897071778,1.0534265659902469e-05,14.74,-0.587
2019-03-06,-0.00654547360412483,1.2447519707833986e-05,15.74,-0.587
2019-03-07,-0.008158911138330893,3.657439987830535e-05,16.59,-0.587
2019-03-08,-0.002133964131454391,2.4206926722895205e-05,16.05,-0.592
2019-03-11,0.014559535563489767,2.2215592986574696e-05,14.33,-0.592
2019-03-12,0.0029489657278052306,7.745509937746315e-06,13.77,-0.592
2019-03-13,0.006925546757019063,2.3060296423980616e-05,13.41,-0.592
2019-03-14,-0.0008683993315958816,8.260787080233453e-06,13.5,-0.592
2019-03-15,0.004972519408430465,1.8331555536649236e-05,12.88,-0.596
2019-03-18,0.0036990967989085632,6.09891172848739e-06,13.1,-0.596
2019-03-19,-0.00013057007992678393,4.953625917418928e-05,13.56,-0.596
2019-03-20,-0.0029486967407699183,5.8067876526812244e-05,13.91,-0.596
2019-03-21,0.010794015494688836,5.502615927344233e-05,13.63,-0.596
2019-03-22,-0.019156827134272802,3.7888138912747706e-05,16.48,-0.6
2019-03-25,-0.000839372833310037,3.8930176491370944e-05,16.33,-0.6
2019-03-26,0.007157052947934339,4.056503153350551e-05,14.68,-0.6
2019-03-27,-0.004655143276599105,8.083377127374843e-05,15.15,-0.6
2019-03-28,0.0035830547152615466,2.5999247602552254e-05,14.43,-0.6
2019-03-29,0.006711706043324384,1.5839478228750483e-05,13.71,-0.602
2019-04-01,0.011502195518044545,1.0096181768365089e-05,13.4,-0.602
2019-04-02,1.745555485843653e-05,1.2142343996124297e-05,13.36,-0.602
2019-04-03,0.00214607242008924,2.4049097025392464e-05,13.74,-0.602
2019-04-04,0.002082465242994047,1.0740432895302083e-05,13.58,-0.602
2019-04-05,0.00462571762309949,2.889245193124097e-06,12.82,-0.606
2019-04-08,0.001046911750523627,1.1324321049417322e-05,13.18,-0.606
2019-04-09,-0.006085976435669771,7.801537146249221e-06,14.28,-0.606
2019-04-10,0.0034718377544997736,4.555545535859809e-06,13.3,-0.606
2019-04-11,3.812234034228368e-05,7.234127734010888e-06,13.02,-0.606
2019-04-12,0.006587578389545712,6.813537458933181e-06,12.01,-0.61
2019-04-15,-0.000629567244356366,9.86951141330743e-06,12.32,-0.61
2019-04-16,0.0005092283251393326,1.269429068485825e-05,12.18,-0.61
2019-04-17,-0.0022764008207385444,1.8991886646411088e-05,12.6,-0.61
2019-04-18,0.0015778468242499954,1.6182287069359896e-05,12.09,-0.61
2019-04-22,0.0010115058169324342,6.405288537098204e-06,12.42,-0.61
2019-04-23,0.00880235117499506,1.9786582073431887e-05,12.28,-0.61
2019-04-24,-0.0021941686030357843,4.712288695119673e-06,13.14,-0.61
2019-04-25,-0.00036904174027263537,2.3663273539160707e-05,13.25,-0.61
2019-04-26,0.0046743503233042105,2.014987370897651e-05,12.73,-0.611
2019-04-29,0.0010709485042346145,5.696965681401744e-06,13.11,-0.611
2019-04-30,0.0009509646987915232,3.0341809475983866e-05,13.12,-0.611
2019-05-01,-0.007530445850291834,1.8209802437705944e-05,14.8,-0.611
2019-05-02,-0.002126244648682274,5.618907082185517e-05,14.42,-0.611
2019-05-03,0.009592127478916801,8.033873756240647e-06,12.87,-0.607
2019-05-06,-0.004481013189072236,6.465865283020736e-05,15.44,-0.607
2019-05-07,-0.01664948808890543,0.00011387040442608596,19.32,-0.607
2019-05-08,-0.0016067153894203656,3.657336471155529e-05,19.4,-0.607
2019-05-09,-0.0030259986619283197,9.040234295754223e-05,19.1,-0.607
2019-05-10,0.003713394069919218,0.0002502778956773529,16.04,-0.601
2019-05-13,-0.024426469138497886,5.56139235765906e-05,20.55,-0.601
2019-05-14,0.007983987523216385,5.5458340903028215e-05,18.06,-0.601
2019-05-15,0.005821994327722457,7.318142038699213e-05,16.44,-0.601
2019-05-16,0.008855957116499447,6.0185375460052636e-05,15.29,-0.601
2019-05-17,-0.0058544371740438805,5.9246030958103155e-05,15.96,-0.593
2019-05-20,-0.00677225797540526,3.138225973623831e-05,16.31,-0.593
2019-05-21,0.008459949093190922,8.432113149863861e-06,14.95,-0.593
2019-05-22,-0.0028283923638996455,1.2617926867731582e-05,14.75,-0.593
2019-05-23,-0.011985692241282209,5.110805556324267e-05,16.92,-0.593
2019-05-24,0.0013526437720372542,2.6018965397879494e-05,15.85,-0.585
2019-05-28,-0.008410950000260264,5.800925588503924e-05,17.5,-0.585
2019-05-29,-0.00693591016723083,4.106410119347751e-05,17.9,-0.585
2019-05-30,0.002096272674997124,3.1693959632855096e-05,17.3,-0.585
2019-05-31,-0.013283205250453456,1.2297645041077104e-05,18.71,-0.577
2019-06-03,-0.0027690706543079813,7.527058128904976e-05,18.86,-0.577
2019-06-04,0.021205927081077824,3.0684227262262983e-05,16.97,-0.577
2019-06-05,0.008128726978813283,4.0721647107292954e-05,16.09,-0.577
2019-06-06,0.00611684067600482,4.382672888390135e-05,15.93,-0.577
2019-06-07,0.010442979247259565,4.2850117278930556e-05,16.3,-0.571
2019-06-10,0.004649220074766092,2.2090698102100263e-05,15.94,-0.571
2019-06-11,-0.0003499414579515303,4.721457950154895e-05,15.99,-0.571
2019-06-12,-0.002039657827237029,1.1228817038127202e-05,15.91,-0.571
2019-06-13,0.00408901050284971,9.170573274740794e-06,15.82,-0.571
2019-06-14,-0.0016128117861526903,1.3191718191947737e-05,15.28,-0.569
2019-06-17,0.0009313154323526973,5.940934484502456e-06,15.35,-0.569
2019-06-18,0.009670489592970455,3.2182260788989793e-05,15.15,-0.569
2019-06-19,0.0029807167930240297,2.258483953599334e-05,14.33,-0.569
2019-06-20,0.009427605335873501,3.974520254995386e-05,14.75,-0.569
2019-06-21,-0.001260016279728049,1.6867184107448718e-05,15.4,-0.569
2019-06-24,-0.0017333884605870153,5.153700448540391e-06,15.26,-0.569
2019-06-25,-0.00954177564038794,1.7914617200845545e-05,16.28,-0.569
2019-06-26,-0.0012346956788036323,1.5641511990049872e-05,16.21,-0.569
2019-06-27,0.003815885792590734,5.481843151500739e-06,15.82,-0.569
2019-06-28,0.005740941840599589,9.44179266517955e-06,15.08,-0.571
2019-07-01,0.007643018610953511,3.539475472195727e-05,14.06,-0.571
2019-07-02,0.0029238472769890222,1.3951743009172543e-05,12.93,-0.571
2019-07-03,0.007643095660683663,4.291188538944758e-06,12.57,-0.571
2019-07-05,-0.0018075342045484888,3.656974329201221e-05,13.28,-0.575
2019-07-08,-0.0048471730101233845,5.794069212339527e-06,13.96,-0.575
2019-07-09,0.0012357930584538934,1.0577885714993406e-05,14.09,-0.575
2019-07-10,0.0045005469360823724,1.8191035866526677e-05,13.03,-0.575
2019-07-11,0.002282619578949152,1.0196659514008566e-05,12.93,-0.575
2019-07-12,0.0046095343020660096,3.3994586021578715e-06,12.39,-0.577
2019-07-15,0.00017585372838446744,3.9700210246095666e-06,12.68,-0.577
2019-07-16,-0.00340958455501017,7.836496835042885e-06,12.86,-0.577
2019-07-17,-0.006552665466093899,6.1888350029170255e-06,13.97,-0.577
2019-07-18,0.0035755977088189894,2.4172200655694905e-05,13.53,-0.577
2019-07-19,-0.006195889464843951,1.7816923000350047e-05,14.45,-0.577
2019-07-22,0.002824701686249931,1.06859438329148e-05,13.53,-0.577
2019-07-23,0.006824145139276538,1.1793547344642641e-05,12.61,-0.577
2019-07-24,0.0046771928134763385,1.0208327382623945e-05,12.07,-0.577
2019-07-25,-0.005276296483600618,1.3354377890116036e-05,12.74,-0.577
2019-07-26,0.007360535770782661,6.245093521418873e-06,12.16,-0.573
2019-07-29,-0.0016174219290565617,6.495018912262396e-06,12.83,-0.573
2019-07-30,-0.0025819853720445707,1.3283143843332476e-05,13.94,-0.573
2019-07-31,-0.010945206952139408,0.00014191465635824272,16.12,-0.573
2019-08-01,-0.009039527568805994,0.0002318154104742051,17.87,-0.573
2019-08-02,-0.007309388539565198,5.111166405255363e-05,17.61,-0.565
2019-08-05,-0.030230182169694864,0.00021936691646769213,24.59,-0.565
2019-08-06,0.012933023911166686,6.338892037773466e-05,20.17,-0.565
2019-08-07,0.0007665823338589561,0.00024015786379328854,19.49,-0.565
2019-08-08,0.018588462466865074,3.5474442811361736e-05,16.91,-0.565
2019-08-09,-0.006638593133657444,6.807361246428766e-05,17.97,-0.554
2019-08-12,-0.012393809115915033,4.361528206343223e-05,21.09,-0.554
2019-08-13,0.015018346267301474,0.0001639377782230419,17.52,-0.554
2019-08-14,-0.02973035245453559,4.603140009070225e-05,22.1,-0.554
2019-08-15,0.0024612366981804357,6.005179210167371e-05,21.18,-0.554
2019-08-16,0.014323058172244885,2.3588646645176298e-05,18.47,-0.543
2019-08-19,0.012033175564397425,1.328209969504483e-05,16.88,-0.543
2019-08-20,-0.007946215312115257,1.844173076327789e-05,17.5,-0.543
2019-08-21,0.008212979557352895,6.591611595974816e-06,15.8,-0.543
2019-08-22,-0.0005062029592783901,6.711866605619298e-05,16.68,-0.543
2019-08-23,-0.026288881122837893,0.0003197437285050336,19.87,-0.533
2019-08-26,0.010923112730798046,2.6538025753371677e-05,19.32,-0.533
2019-08-27,-0.003208321800556746,6.122646788385301e-05,20.31,-0.533
2019-08-28,0.0065241515305629605,4.9698558296315534e-05,19.35,-0.533
2019-08-29,0.01260748244109422,2.703811284087127e-05,17.88,-0.533
2019-08-30,0.0006425807598766653,3.7818071214255436e-05,18.98,-0.523
2019-09-03,-0.006923009332685304,2.9797041559981452e-05,19.66,-0.523
2019-09-04,0.010783725278421308,9.060930213332687e-06,17.33,-0.523
2019-09-05,0.012925912921759597,2.5692080777272353e-05,16.27,-0.523
2019-09-06,0.0009101908043769313,8.718768228574844e-06,15.0,-0.516
2019-09-09,-9.401467889968984e-05,1.828092283755937e-05,15.27,-0.516
2019-09-10,0.00032225242593053594,2.536067300185327e-05,15.2,-0.516
2019-09-11,0.007203672326387078,2.0305136819578012e-05,14.61,-0.516
2019-09-12,0.002875016278233389,2.165736722198576e-05,14.22,-0.516
2019-09-13,-0.0007246768769650913,1.0500042390342e-05,13.74,-0.511
2019-09-16,-0.0031405129163566414,7.287102793743059e-06,14.67,-0.511
2019-09-17,0.002578425372462334,4.336957703049104e-06,14.44,-0.511
2019-09-18,0.00034263328426753503,4.661009597444536e-05,13.95,-0.511
2019-09-19,1.9974521929810862e-05,1.8990518954933266e-05,14.05,-0.511
2019-09-20,-0.004907599104880589,4.430228690311312e-05,15.32,-0.507
2019-09-23,-9.694061782816732e-05,1.3036856747426243e-05,14.91,-0.507
2019-09-24,-0.008451988963551926,8.622886655212692e-05,17.05,-0.507
2019-09-25,0.006139685241963733,6.546544835355082e-05,15.96,-0.507
2019-09-26,-0.0024318710096125074,2.8516812659556987e-05,16.07,-0.507
2019-09-27,-0.0053305345791292424,7.469057430365423e-05,17.22,-0.507
2019-09-30,0.005034910215249155,1.1812181469191294e-05,16.24,-0.507
2019-10-01,-0.01233412694541336,8.165534720045959e-05,18.56,-0.507
2019-10-02,-0.018065404187643352,8.457248268149559e-05,20.56,-0.507
2019-10-03,0.007940304773866202,0.00015384919728014582,19.12,-0.507
2019-10-04,0.014116785239259855,2.1614719269036875e-05,17.04,-0.511
2019-10-07,-0.004488352273681606,3.2018262290921896e-05,17.86,-0.511
2019-10-08,-0.015683159552110304,2.9429371919487014e-05,20.28,-0.511
2019-10-09,0.009063296514845831,2.5051764747058066e-05,18.64,-0.511
2019-10-10,0.006395202411782819,3.982639411380415e-05,17.57,-0.511
2019-10-11,0.010879579673789053,4.917374354991635e-05,15.58,-0.52
2019-10-14,-0.0013880816732187995,5.558561082803583e-06,14.57,-0.52
2019-10-15,0.009906445376488549,2.8163541598968047e-05,13.54,-0.52
2019-10-16,-0.0020015445531935683,8.508779211566084e-06,13.68,-0.52
2019-10-17,0.002759021969774622,1.4783180545139607e-05,13.79,-0.52
2019-10-18,-0.003927045709799515,2.6539659078621277e-05,14.25,-0.532
2019-10-21,0.006848114105334702,3.470373304175825e-06,14.0,-0.532
2019-10-22,-0.0035750492583765947,1.1817902093163095e-05,14.46,-0.532
2019-10-23,0.0028431033458300448,5.500632397566006e-06,14.01,-0.532
2019-10-24,0.0019186046591705974,1.2674520858256891e-05,13.71,-0.532
2019-10-25,0.004064429510655998,1.9898339828797696e-05,12.65,-0.546
2019-10-28,0.005565819916117931,5.515067576442467e-06,13.11,-0.546
2019-10-29,-0.0008327519564801378,9.125726574835829e-06,13.2,-0.546
2019-10-30,0.0032480894008575234,2.9508287892682447e-05,12.33,-0.546
2019-10-31,-0.003027438634539692,2.687352585611108e-05,13.22,-0.546
2019-11-01,0.009615930559647268,3.2546152628185437e-06,12.3,-0.558
2019-11-04,0.003697245805312832,5.604610006127347e-06,12.83,-0.558
2019-11-05,-0.0011864027118200227,5.7907990159654185e-06,13.1,-0.558
2019-11-06,0.0007022505922886779,8.096768540134056e-06,12.62,-0.558
2019-11-07,0.0027263752442809874,1.598387674917126e-05,12.73,-0.558
2019-11-08,0.0025574031451167656,1.4346680593504868e-05,12.07,-0.567
2019-11-11,-0.0019643954133385932,6.42488382115689e-06,12.69,-0.567
2019-11-12,0.0015634233012633558,1.643683078905876e-05,12.68,-0.567
2019-11-13,0.0007112815701173503,1.5509462044618677e-05,13.0,-0.567
2019-11-14,0.0008366926144560694,1.0287399259312853e-05,13.05,-0.567
2019-11-15,0.0076660287779724,6.718416630211761e-06,12.05,-0.572
2019-11-18,0.0005030263228107401,6.867977878918617e-06,12.46,-0.572
2019-11-19,-0.0005927700996934959,8.217344382529581e-06,12.86,-0.572
2019-11-20,-0.003763256420940664,3.7853916337728276e-05,12.78,-0.572
2019-11-21,-0.001584006086188694,1.1597093569991564e-05,13.13,-0.572
2019-11-22,0.0021725739423761325,9.549987153077791e-06,12.34,-0.572
2019-11-25,0.007479251887467342,3.37105122986288e-06,11.87,-0.572
2019-11-26,0.0021931636449394887,5.682594114083633e-06,11.54,-0.572
2019-11-27,0.00416573562529976,3.3563895701357093e-06,11.75,-0.572
2019-11-29,-0.0040192862299885945,4.57078449885981e-06,12.62,-0.566
2019-12-02,-0.008668483693965001,2.200345336409963e-05,14.91,-0.566
2019-12-03,-0.00666022525804344,3.058900705719554e-05,15.96,-0.566
2019-12-04,0.0063036576087700524,1.1239392983158509e-05,14.8,-0.566
2019-12-05,0.0014991269266300122,1.2587054916245206e-05,14.52,-0.566
2019-12-06,0.009094246030425523,7.93538936139414e-06,13.62,-0.558
2019-12-09,-0.003167833684475596,7.742264189741267e-06,15.86,-0.558
2019-12-10,-0.0010975361689826713,1.2762921603520006e-05,15.68,-0.558
2019-12-11,0.0029039375293500314,4.5318460523618204e-06,14.99,-0.558
2019-12-12,0.00853866737555542,4.2693582996361025e-05,13.94,-0.558
2019-12-13,7.257915021519068e-05,3.390772756003259e-05,12.63,-0.55
2019-12-16,0.007122360942542372,7.4118040402772866e-06,12.14,-0.55
2019-12-17,0.00033523602846052825,2.2186282505519114e-06,12.29,-0.55
2019-12-18,-0.00043239364052283236,2.011673459716814e-06,12.58,-0.55
2019-12-19,0.004449378821865579,2.032848280556461e-06,12.5,-0.55
2019-12-20,0.004932595804334028,4.294717414241503e-06,12.51,-0.546
2019-12-23,0.0008657687142985537,1.2890660919034013e-06,12.61,-0.546
2019-12-24,-0.0001954673024684439,1.5271623394296954e-06,12.67,-0.546
2019-12-26,0.005115062410053994,1.9645732720641206e-06,12.65,-0.546
2019-12-27,3.3984139657050605e-05,6.842822994410941e-06,13.43,-0.551
2019-12-30,-0.005797596079348821,1.535680070059951e-05,14.82,-0.551
2019-12-31,0.0029416906441905866,9.624066331265944e-06,13.78,-0.551
2020-01-02,0.008343895362315834,1.7898178250819335e-05,12.47,-0.551
2020-01-03,-0.007084909364953873,2.443030463504465e-05,14.02,-0.564
2020-01-06,0.003527145194272663,1.914319617104214e-05,13.85,-0.564
2020-01-07,-0.002807175084594604,6.618199109912006e-06,13.79,-0.564
2020-01-08,0.004890473485641422,3.603133551947759e-05,13.45,-0.564
2020-01-09,0.006633214116906316,3.919608909714621e-06,12.54,-0.564
2020-01-10,-0.002859262487506342,1.3106750144706405e-05,12.56,-0.584
2020-01-13,0.006951994045934384,7.676245393089313e-06,12.32,-0.584
2020-01-14,-0.0015156808368956831,1.330607367724702e-05,12.39,-0.584
2020-01-15,0.0018684502436876471,1.3156460762488762e-05,12.42,-0.584
2020-01-16,0.008331747422232638,2.5653308255048123e-06,12.32,-0.584
2020-01-17,0.0038547232474837045,4.254090863402283e-06,12.1,-0.606
2020-01-21,-0.002655500369584729,7.862724612595082e-06,12.85,-0.606
2020-01-22,0.0002890342966814785,1.1795119693832472e-05,12.91,-0.606
2020-01-23,0.001140326193358021,2.5126201588513646e-05,12.98,-0.606
2020-01-24,-0.00908328942619363,7.21464394762063e-05,14.56,-0.619
2020-01-27,-0.015855752356843666,2.7668319023808195e-05,18.23,-0.619
2020-01-28,0.01000338350035257,3.3783164905146624e-05,16.28,-0.619
2020-01-29,-0.0008672501435853519,1.2355255843341717e-05,16.39,-0.619
2020-01-30,0.0031294569302104946,6.045832140652421e-05,15.49,-0.619
2020-01-31,-0.017864443571362187,9.91021376976643e-05,18.84,-0.617
2020-02-03,0.00722842576123206,4.434103821571414e-05,17.97,-0.617
2020-02-04,0.014869315917506398,2.1607183307540376e-05,16.05,-0.617
2020-02-05,0.011187778658973357,2.234002402886291e-05,15.15,-0.617
2020-02-06,0.0033201550570023386,8.222240421531525e-06,14.96,-0.617
2020-02-07,-0.005415491009459927,1.4643811509358682e-05,15.47,-0.591
2020-02-10,0.007299690120573743,1.3778319148932558e-05,15.04,-0.591
2020-02-11,0.001687048686003223,2.0934283196970387e-05,15.18,-0.591
2020-02-12,0.006441853105203066,3.3416740095079506e-06,13.74,-0.591
2020-02-13,-0.0016317763599893453,2.4335232046926714e-05,14.15,-0.591
2020-02-14,0.0018418360984853166,9.142502495590815e-06,13.68,-0.531
2020-02-18,-0.002924213986148061,1.6562645283620024e-05,14.83,-0.531
2020-02-19,0.004694748284284955,8.290391946616105e-06,14.38,-0.531
2020-02-20,-0.0038228174279968385,0.00010052154006047744,15.56,-0.531
2020-02-21,-0.010573809232820253,2.8837235773471302e-05,17.08,-0.431
2020-02-24,-0.034088079420440565,6.0321748434285874e-05,25.03,-0.431
2020-02-25,-0.03074790437535313,0.0003442115337227806,27.85,-0.431
2020-02-26,-0.0037856973235292912,0.0002513118783078809,27.56,-0.431
2020-02-27,-0.045168136352262245,0.00047934997205062197,39.16,-0.431
2020-02-28,-0.008272463109652683,0.0005758310124750214,40.11,-0.293
2020-03-02,0.04501086876941329,0.0006018695756473339,33.42,-0.293
2020-03-03,-0.02851048492291497,0.0010122143628880811,36.82,-0.293
2020-03-04,0.04133634936063402,0.00020255318419797335,31.99,-0.293
2020-03-05,-0.03451078243998218,0.00026302782497267203,39.62,-0.293
2020-03-06,-0.017200943652385448,0.00039644847973687727,41.94,-0.132
2020-03-09,-0.07901041294037192,0.0003939244930838057,54.46,-0.132
2020-03-10,0.048215052425859106,0.0011752986761574269,47.3,-0.132
2020-03-11,-0.05010289280860558,0.0005621533487490025,53.9,-0.132
2020-03-12,-0.09994485240247286,0.0011769666532414984,75.47,-0.132
2020-03-13,0.08880840694923542,0.0024427697503018216,57.83,0.033
2020-03-16,-0.12765219747281709,0.0017464287838537653,82.69,0.033
2020-03-17,0.05822631263569189,0.0022126716802306017,75.91,0.033
2020-03-18,-0.05322227233208032,0.002577291993128027,76.45,0.033
2020-03-19,0.004696760970401392,0.0018752948573432494,72.0,0.033
2020-03-20,-0.04432762405336721,0.0010888278603922886,66.04,0.177
2020-03-23,-0.02973150100957689,0.0009607649954118396,61.59,0.177
2020-03-24,0.08968323251796306,0.00025198353075123366,61.67,0.177
2020-03-25,0.0114689904208225,0.0021484726187136834,63.95,0.177
2020-03-26,0.06054383107424677,0.0004344270749780263,61.0,0.177
2020-03-27,-0.03426784554162676,0.0006849982910399489,65.54,0.269
2020-03-30,0.032966590569975196,0.0002955367636599876,57.08,0.269
2020-03-31,-0.01614231078841577,0.000311417577848676,53.54,0.269
2020-04-01,-0.04514636273278683,0.0004110264847567061,57.06,0.269
2020-04-02,0.02257265705696021,0.00019126945642521,50.91,0.269
2020-04-03,-0.015252860825945014,0.0004473196086950894,46.8,0.306
2020-04-06,0.06796824414483105,0.0003486834344029637,45.24,0.306
2020-04-07,-0.0016043390483631015,0.00033872911197310366,46.7,0.306
2020-04-08,0.033489371191285144,0.0004248191835586028,43.35,0.306
2020-04-09,0.014383470303699575,0.00019468787963686286,41.67,0.306
2020-04-13,-0.010156059444677012,0.0002262421721809259,41.17,0.306
2020-04-14,0.03011455957230691,5.542141800299117e-05,37.76,0.306
2020-04-15,-0.022276732672368738,9.76690290432454e-05,40.84,0.306
2020-04-16,0.005799837839541411,0.00011471399290114749,40.11,0.306
2020-04-17,0.026440932021320585,9.453708429334335e-05,38.15,0.236
2020-04-20,-0.018042845615347858,0.00012138846414558728,43.83,0.236
2020-04-21,-0.031155115236330744,0.00010677738814905788,45.41,0.236
2020-04-22,0.022671300582136844,9.161170871070079e-05,41.98,0.236
2020-04-23,-0.0005395676601960275,0.00015346678211537295,41.38,0.236
2020-04-24,0.013822090566839584,0.00013542389173482467,35.93,0.158
2020-04-27,0.014606868181735955,4.693010733863406e-05,33.29,0.158
2020-04-28,-0.005256170190484077,0.0001180181847958851,33.57,0.158
2020-04-29,0.026236704045073722,8.599007736099678e-05,31.23,0.158
2020-04-30,-0.00925514331905486,7.169332578658195e-05,34.15,0.158
2020-05-01,-0.02846021101477625,6.916982932601945e-05,37.19,0.061
2020-05-04,0.004240822578849723,9.80932647113798e-05,35.97,0.061
2020-05-05,0.008999935197779863,7.244845734730439e-05,33.61,0.061
2020-05-06,-0.00700388039904265,5.800560535241002e-05,34.12,0.061
2020-05-07,0.0114389557548904,3.836626486655857e-05,31.44,0.061
2020-05-08,0.016730795065226012,3.0428577518849072e-05,27.98,-0.038
2020-05-11,0.00013306936679136072,8.76002887914266e-05,27.57,-0.038
2020-05-12,-0.020713365772047965,0.00012330327498116415,33.04,-0.038
2020-05-13,-0.01761699662428029,0.0003079831812700957,35.28,-0.038
2020-05-14,0.011458917804072044,0.00030745749129184544,32.61,-0.038
2020-05-15,0.003918675203722799,8.982247785223045e-05,31.89,-0.127
2020-05-18,0.031015208770073244,9.80306587480624e-05,29.3,-0.127
2020-05-19,-0.010539747711598935,7.164956966714781e-05,30.53,-0.127
2020-05-20,0.016513990613415075,2.6143268375424643e-05,27.99,-0.127
2020-05-21,-0.007803968309953113,7.080342747569311e-05,29.53,-0.127
2020-05-22,0.002350945686812267,2.8517984443619496e-05,28.16,-0.206
2020-05-26,0.012214285021459936,5.581604931971106e-05,28.01,-0.206
2020-05-27,0.014718447490315256,0.00022751399580765822,27.62,-0.206
2020-05-28,-0.0021101393249196576,9.851813829508019e-05,28.59,-0.206
2020-05-29,0.0048007935523077805,0.00012442151207997846,27.51,-0.269
2020-06-01,0.003744216478363427,3.861264531530815e-05,28.23,-0.269
2020-06-02,0.008177307282400292,3.553333921793578e-05,26.84,-0.269
2020-06-03,0.013556670812562288,2.9966748330915837e-05,25.66,-0.269
2020-06-04,-0.0033743890836088752,7.661885694134712e-05,25.81,-0.269
2020-06-05,0.025874012821637038,7.81906658892677e-05,24.52,-0.315
2020-06-08,0.01196965640580494,2.7334137975453253e-05,25.81,-0.315
2020-06-09,-0.007829743419721424,4.115753519683921e-05,27.57,-0.315
2020-06-10,-0.0053272557351817795,6.468634596233804e-05,27.57,-0.315
2020-06-11,-0.060752692996288715,0.00021364211895835152,40.79,-0.315
2020-06-12,0.012976286605210774,0.0005495452435055916,36.09,-0.344
2020-06-15,0.008277860818175498,0.0004894351392061559,34.4,-0.344
2020-06-16,0.018784852866710722,0.000307151833678272,33.67,-0.344
2020-06-17,-0.0036067962326296055,3.5934254275221625e-05,33.47,-0.344
2020-06-18,0.0005940434038027576,2.8848029702474786e-05,32.94,-0.344
2020-06-19,-0.0056655135656740185,0.00019763411655807536,35.12,-0.366
2020-06-22,0.006474093296658268,6.773164320042035e-05,31.77,-0.366
2020-06-23,0.004298169191484291,3.695253000351723e-05,31.37,-0.366
2020-06-24,-0.02619526559566232,0.00019669880911202004,33.84,-0.366
2020-06-25,0.010899827728216849,0.00015075321933580267,32.22,-0.366
2020-06-26,-0.024525204274830514,8.65955947039885e-05,34.73,-0.384
2020-06-29,0.01457888811353314,0.00010971428192181864,31.78,-0.384
2020-06-30,0.015292349435755526,0.00011130504958002993,30.43,-0.384
2020-07-01,0.0050095639758716,3.438121066351792e-05,28.62,-0.384
2020-07-02,0.004530970476816165,7.88826826631762e-05,27.68,-0.384
2020-07-06,0.015756930832163007,1.4129490307562488e-05,27.94,-0.384
2020-07-07,-0.010877477869643215,6.758823779339144e-05,29.43,-0.384
2020-07-08,0.0077969862634308384,5.152130399474448e-05,28.08,-0.384
2020-07-09,-0.005659591476195658,0.00018478038943867833,29.26,-0.384
2020-07-10,0.010411809774444336,8.727350134463077e-05,27.29,-0.419
2020-07-13,-0.009406645216058607,0.0002670157216999475,32.19,-0.419
2020-07-14,0.013317300582903258,0.00014586839281884235,29.52,-0.419
2020-07-15,0.009041056936354153,6.789594156854955e-05,27.76,-0.419
2020-07-16,-0.003411915214114103,2.1121368491212942e-05,28.0,-0.419
2020-07-17,0.0028445625875832548,3.7457325364147595e-05,25.68,-0.438
2020-07-20,0.008371797255140478,6.213347423106922e-05,24.46,-0.438
2020-07-21,0.0016776293345603932,3.636786085536691e-05,24.84,-0.438
2020-07-22,0.00573063059447243,1.6001323156958544e-05,24.32,-0.438
2020-07-23,-0.012396378412246278,0.00010822676861326375,26.08,-0.438
2020-07-24,-0.006209640024275487,3.5520469774463706e-05,25.84,-0.457
2020-07-27,0.007367928821482295,2.12688444881339e-05,24.74,-0.457
2020-07-28,-0.0064944354186469155,2.70776926922253e-05,25.44,-0.457
2020-07-29,0.01235178335174325,3.100095383317689e-05,24.1,-0.457
2020-07-30,-0.003757301763455345,9.738891876664378e-05,24.76,-0.457
2020-07-31,0.007641236242175609,0.0001278437383585779,24.46,-0.474
2020-08-03,0.007155362664359899,1.382949373324372e-05,24.28,-0.474
2020-08-04,0.0036054230261335363,9.504791716379068e-06,23.76,-0.474
2020-08-05,0.006409160435516981,4.340519690039085e-06,22.99,-0.474
2020-08-06,0.006407126020665288,2.51990556622993e-05,22.65,-0.474
2020-08-07,0.0006328292699571136,2.106936892008492e-05,22.21,-0.488
2020-08-10,0.0027384652733921655,3.389814863825465e-05,22.13,-0.488
2020-08-11,-0.008001055401377855,8.620502894598702e-05,24.03,-0.488
2020-08-12,0.013899502293613253,2.5158216878579598e-05,22.28,-0.488
2020-08-13,-0.0020492726761567326,2.5040495033496377e-05,22.13,-0.488
2020-08-14,-0.00017189739627809786,1.1932420370451053e-05,22.05,-0.498
2020-08-17,0.002706177507423746,3.016898391055495e-06,21.35,-0.498
2020-08-18,0.002300740419816094,2.686332020963794e-05,21.51,-0.498
2020-08-19,-0.004414123345181764,2.8447091720857282e-05,22.54,-0.498
2020-08-20,0.003153654768345504,3.604281074469496e-05,22.72,-0.498
2020-08-21,0.0034351999829738133,1.438179446433414e-05,22.54,-0.505
2020-08-24,0.009993615364901842,9.61404971130771e-06,22.37,-0.505
2020-08-25,0.003589899745540137,1.2378895494615734e-05,22.03,-0.505
2020-08-26,0.010144001344842835,3.0222742785675296e-05,23.27,-0.505
2020-08-27,0.0016716460318093596,4.4906486179498746e-05,24.47,-0.505
2020-08-28,0.006710002849569463,1.9782998007442795e-05,22.96,-0.507
2020-08-31,-0.0021973751755091087,1.6069196956222617e-05,26.41,-0.507
2020-09-01,0.007496831420706229,3.3797500369596155e-05,26.12,-0.507
2020-09-02,0.015249050143870235,6.836588484925425e-05,26.57,-0.507
2020-09-03,-0.03575759414218638,0.00039564797341046714,33.6,-0.507
2020-09-04,-0.008166280754274169,0.0006964869982441083,30.75,-0.505
2020-09-08,-0.028148829086466876,5.908885668306096e-05,31.46,-0.505
2020-09-09,0.019944760662180983,0.00011687854076928105,28.81,-0.505
2020-09-10,-0.017741245925396498,0.00022407145567708494,29.71,-0.505
2020-09-11,0.000532930158087197,0.00014857148486569372,26.87,-0.501
2020-09-14,0.0126613350250242,5.415822922064617e-05,25.85,-0.501
2020-09-15,0.005205785930499474,3.8004495133825776e-05,25.59,-0.501
2020-09-16,-0.00462964689215184,6.304088085466736e-05,26.04,-0.501
2020-09-17,-0.008447949528552101,9.206148890677823e-05,26.46,-0.501
2020-09-18,-0.011245576947828795,0.00017067764280758818,25.83,-0.497
2020-09-21,-0.011638564027299125,0.00014955141801834397,27.78,-0.497
2020-09-22,0.010463016398377434,9.827887234361343e-05,26.86,-0.497
2020-09-23,-0.0240073389143749,0.0001347843006994876,28.58,-0.497
2020-09-24,0.002983005554629159,0.00021243201766833162,28.51,-0.497
2020-09-25,0.01585043922418805,0.00014995654823121482,26.38,-0.491
2020-09-28,0.015982191853854744,2.374205941998814e-05,26.19,-0.491
2020-09-29,-0.004824282704444016,3.304963569865969e-05,26.27,-0.491
2020-09-30,0.008219842568379931,0.00010799227320924144,26.37,-0.491
2020-10-01,0.005278949564294422,5.521831772244228e-05,26.7,-0.491
2020-10-02,-0.00962381286637104,8.896839248928438e-05,27.63,-0.488
2020-10-05,0.01781310900290123,2.043363069314962e-05,27.96,-0.488
2020-10-06,-0.014072064387523397,0.0001807102942503374,29.48,-0.488
2020-10-07,0.01724716377024116,3.436681568103792e-05,28.06,-0.488
2020-10-08,0.00797821289486933,1.0343585378555957e-05,26.36,-0.488
2020-10-09,0.008755095180752903,1.4656592176121883e-05,25.0,-0.488
2020-10-12,0.016282530158324704,6.505960606360063e-05,25.07,-0.488
2020-10-13,-0.006326891629163001,2.9236661298322098e-05,26.07,-0.488
2020-10-14,-0.006645172084059681,6.882353703383268e-05,26.4,-0.488
2020-10-15,-0.0015289235142130764,6.85447758050937e-05,26.97,-0.488
2020-10-16,0.0001349104566301662,4.796562413514469e-05,27.41,-0.491
2020-10-19,-0.01646466351494169,0.0001403196566201566,29.18,-0.491
2020-10-20,0.004716195320000338,7.086837185382552e-05,29.35,-0.491
2020-10-21,-0.002198114011569885,4.1888028627741246e-05,28.65,-0.491
2020-10-22,0.005205354003491536,7.90818510109743e-05,28.11,-0.491
2020-10-23,0.003439838320389299,2.8354974404905958e-05,27.55,-0.497
2020-10-26,-0.018764472985321135,0.00019907283466987234,32.46,-0.497
2020-10-27,-0.0030302053504467352,1.351708742705875e-05,33.35,-0.497
2020-10-28,-0.035925542108577346,6.744669541311035e-05,40.28,-0.497
2020-10-29,0.011876524939998134,0.00026426445276350724,37.59,-0.497
2020-10-30,-0.0122037134452615,0.00021572273111534134,38.02,-0.506
2020-11-02,0.012242950890591686,0.00010930495580074557,37.13,-0.506
2020-11-03,0.01764273768407776,8.81057857595683e-05,35.55,-0.506
2020-11-04,0.02180752565509181,0.00023183806919526616,29.57,-0.506
2020-11-05,0.019273265776702075,5.696573388427971e-05,27.58,-0.506
2020-11-06,-0.0002877565853740549,5.6472257265420105e-05,24.86,-0.519
2020-11-09,0.011631974746343587,0.00034296604147534296,25.75,-0.519
2020-11-10,-0.0014007752208673452,8.200888732945956e-05,24.8,-0.519
2020-11-11,0.0076227283629926035,2.0207293662716945e-05,23.45,-0.519
2020-11-12,-0.010028651547070666,8.11123653806703e-05,25.35,-0.519
2020-11-13,0.013518546706293932,3.393018426680938e-05,23.1,-0.536
2020-11-16,0.011580734922832292,9.59361854779999e-06,22.45,-0.536
2020-11-17,-0.004803443784647143,4.5567695076249825e-05,22.71,-0.536
2020-11-18,-0.011631210647481183,4.492967418319125e-05,23.84,-0.536
2020-11-19,0.003938675690733362,5.2098837074242144e-05,23.11,-0.536
2020-11-20,-0.006815737372919628,8.953450641159011e-06,23.7,-0.552
2020-11-23,0.005620108181849659,5.0274753527855036e-05,22.66,-0.552
2020-11-24,0.016032458814033035,3.77953802425105e-05,21.64,-0.552
2020-11-25,-0.0015856747555105244,1.096199854963456e-05,21.25,-0.552
2020-11-27,0.002394111025902035,8.481845672447916e-06,20.84,-0.567
2020-11-30,-0.004606140636973066,5.597868405042139e-05,20.57,-0.567
2020-12-01,0.011208140661594257,3.1620460923184744e-05,20.77,-0.567
2020-12-02,0.0017895645286039041,1.881100598928776e-05,21.17,-0.567
2020-12-03,-0.0006243520802939884,2.4183742508989137e-05,21.28,-0.567
2020-12-04,0.008797463715186638,6.81481245726326e-06,20.79,-0.579
2020-12-07,-0.0019375134389640891,1.240412405938913e-05,21.3,-0.579
2020-12-08,0.0027832711701716306,2.1710313957837816e-05,20.68,-0.579
2020-12-09,-0.007980964948473002,6.770822209005202e-05,22.27,-0.579
2020-12-10,-0.0012859345277718148,3.905834590078348e-05,22.52,-0.579
2020-12-11,-0.0012657980842316618,3.810327182995994e-05,23.31,-0.59
2020-12-14,-0.00436878824514686,7.716515174590935e-05,24.72,-0.59
2020-12-15,0.012838482022218045,2.434770606176757e-05,22.89,-0.59
2020-12-16,0.0017712256203239463,1.8137298635421967e-05,22.5,-0.59
2020-12-17,0.0057411428089828576,5.166071236062992e-06,21.93,-0.59
2020-12-18,-0.003517296952148641,5.605784275835526e-05,21.57,-0.597
2020-12-21,-0.003913928486909413,0.00016059427379854093,25.16,-0.597
2020-12-22,-0.0020752446917704503,1.4645799422998986e-05,24.23,-0.597
2020-12-23,0.000745533271818033,1.7280909489970773e-05,23.31,-0.597
2020-12-24,0.0035303499794867577,5.390550182631425e-06,21.53,-0.597
2020-12-28,0.00868470753841244,6.747436697256607e-06,21.7,-0.597
2020-12-29,-0.002229864827279826,2.390405050077676e-05,23.08,-0.597
2020-12-30,0.00134064809508061,6.965976804497971e-06,22.77,-0.597
2020-12-31,0.006418204711703623,2.5290875745529364e-05,22.75,-0.597
2021-01-04,-0.014864762712026192,0.000303280529090173,26.97,-0.597
2021-01-05,0.00705763138336124,4.287800632872405e-05,25.34,-0.597
2021-01-06,0.005693603382475487,0.0001794800690320419,25.07,-0.597
2021-01-07,0.0147382601077517,3.5249994578392585e-05,22.37,-0.597
2021-01-08,0.005476837393516121,6.16639186347092e-05,21.56,-0.613
2021-01-11,-0.006576327616620858,2.8415364123297806e-05,24.08,-0.613
2021-01-12,0.0004157020305690651,4.079797230916943e-05,23.33,-0.613
2021-01-13,0.0022730563867252584,2.840919038760486e-05,22.21,-0.613
2021-01-14,-0.00376051306874281,2.2496975183329266e-05,23.25,-0.613
2021-01-15,-0.0072160007982784435,4.248552072608625e-05,24.34,-0.616
2021-01-19,0.008103457635762368,1.249398278043418e-05,23.24,-0.616
2021-01-20,0.013839417376511065,3.0959063882062684e-05,21.58,-0.616
2021-01-21,0.00031667316131311907,8.556453214069395e-06,21.32,-0.616
2021-01-22,-0.0030151526629378367,1.605089630361478e-05,21.91,-0.617
2021-01-25,0.003609317513017629,0.00013109913018803478,23.19,-0.617
2021-01-26,-0.0014899431611539171,1.3321376843179115e-05,23.02,-0.617
2021-01-27,-0.026013315126100167,0.0001813556788536452,37.21,-0.617
2021-01-28,0.009713298778759594,0.0001670205919921539,30.21,-0.617
2021-01-29,-0.019500377654791734,0.00014026674842995977,33.09,-0.618
2021-02-01,0.015924300234678057,7.219766786240985e-05,30.24,-0.618
2021-02-02,0.013802528814311543,5.848494441815415e-05,25.56,-0.618
2021-02-03,0.0010082606153449802,2.9684093375538915e-05,22.91,-0.618
2021-02-04,0.010794847643921912,1.1033464742128822e-05,21.77,-0.618
2021-02-05,0.0038899196077633036,1.0902537455781526e-05,20.87,-0.62
2021-02-08,0.007372107476289358,4.218163839349881e-06,21.24,-0.62
2021-02-09,-0.001114145421722057,8.056130446960737e-06,21.63,-0.62
2021-02-10,-0.00034524452239104164,6.797186860874326e-05,21.99,-0.62
2021-02-11,0.001661074814588659,4.148842593159908e-05,21.25,-0.62
2021-02-12,0.0046999709261612566,1.8674059735258153e-05,19.97,-0.622
2021-02-16,-0.0005694345154143576,2.155977112153767e-05,21.46,-0.622
2021-02-17,-0.0003204533489178374,3.1749615020798785e-05,21.5,-0.622
2021-02-18,-0.004425614227242747,4.4711680987142937e-05,22.49,-0.622
2021-02-19,-0.0018566190956654793,1.9096855803689204e-05,22.05,-0.624
2021-02-22,-0.007762892893710571,2.4210892153901994e-05,23.45,-0.624
2021-02-23,0.0012555296115266401,0.0002602820782251079,23.11,-0.624
2021-02-24,0.011287667670986323,8.926254487540996e-05,21.34,-0.624
2021-02-25,-0.024783394424172656,0.00021877256207671462,28.89,-0.624
2021-02-26,-0.004761532293798609,0.00015343148058585363,27.95,-0.626
2021-03-01,0.023512173225693545,8.163774065119686e-05,23.35,-0.626
2021-03-02,-0.008113678739508856,1.8936235259388566e-05,24.1,-0.626
2021-03-03,-0.013152335894801581,5.320703308318226e-05,26.67,-0.626
2021-03-04,-0.013508038064390604,0.0004385542301540325,28.57,-0.626
2021-03-05,0.019308356338710198,0.00045170790070242066,24.66,-0.63
2021-03-08,-0.00537364322402567,0.0001149113970362351,25.47,-0.63
2021-03-09,0.014055400743931301,7.502063697098081e-05,24.03,-0.63
2021-03-10,0.006012203770987767,3.16578885248968e-05,22.56,-0.63
2021-03-11,0.010341825500656654,5.032693559564063e-05,21.91,-0.63
2021-03-12,0.001014883327531635,1.986778516065963e-05,20.69,-0.635
2021-03-15,0.006470939539413578,5.2864151595562926e-05,20.03,-0.635
2021-03-16,-0.0015709169785971255,2.1296041556912812e-05,19.79,-0.635
2021-03-17,0.0028752446501592033,5.903676573113946e-05,19.23,-0.635
2021-03-18,-0.014870560065947558,7.508950696100253e-05,21.58,-0.635
2021-03-19,-0.0006028856737536614,6.156785540986827e-05,20.95,-0.641
2021-03-22,0.007000556898342225,4.013787065790887e-05,18.88,-0.641
2021-03-23,-0.007660118119334314,5.5004228509951443e-05,20.3,-0.641
2021-03-24,-0.005482336600348248,6.762306669630584e-05,21.2,-0.641
2021-03-25,0.0052265834327283045,0.00012117313707502569,19.81,-0.641
2021-03-26,0.01649441865871637,3.785822875551788e-05,18.86,-0.648
2021-03-29,-0.0008683896263868007,4.7319882573184964e-05,20.74,-0.648
2021-03-30,-0.0031628294096499587,1.7318326806861354e-05,19.61,-0.648
2021-03-31,0.0036159535924209507,2.2961747158797884e-05,19.4,-0.648
2021-04-01,0.011755830427674141,6.494672249317694e-06,17.33,-0.648
2021-04-05,0.0143349877622434,2.84423849935593e-05,17.91,-0.648
2021-04-06,-0.0009740049407973572,9.781277282928184e-06,18.12,-0.648
2021-04-07,0.001474145698107776,5.866272296606551e-06,17.16,-0.648
2021-04-08,0.00421175094059123,6.117635664522606e-06,16.95,-0.648
2021-04-09,0.0076902881356879504,9.706777185866009e-06,16.69,-0.663
2021-04-12,-0.00019609807474019192,8.195195605468631e-06,16.91,-0.663
2021-04-13,0.0032890718770630656,1.3254652917815956e-05,16.65,-0.663
2021-04-14,-0.004096104320730376,2.1285866764627334e-05,16.99,-0.663
2021-04-15,0.011033101401119794,1.189247872346891e-05,16.57,-0.663
2021-04-16,0.003602323390516915,9.252374022430207e-06,16.25,-0.67
2021-04-19,-0.0053206898937574465,2.04508979486541e-05,17.29,-0.67
2021-04-20,-0.006825561005078029,3.539317093790291e-05,18.68,-0.67
2021-04-21,0.009263020919853204,2.3347489642984773e-05,17.5,-0.67
2021-04-22,-0.009253337860554822,6.238667208742225e-05,18.71,-0.67
2021-04-23,0.0108694098955322,5.0120123403469614e-05,17.33,-0.676
2021-04-26,0.0017806845645829128,3.841206449201133e-06,17.64,-0.676
2021-04-27,-0.0002149189814453223,8.326315751844648e-06,17.56,-0.676
2021-04-28,-0.0008458975873963936,1.1015540910877979e-05,17.28,-0.676
2021-04-29,0.0067400415367036,4.936170852236951e-05,17.61,-0.676
2021-04-30,-0.007220713417121161,9.113327944907955e-06,18.61,-0.681
2021-05-03,0.002744321649512216,1.2930506298740993e-05,18.31,-0.681
2021-05-04,-0.0067007374898473415,6.916892797285856e-05,19.48,-0.681
2021-05-05,0.00070321644711413,1.8589111070877943e-05,19.15,-0.681
2021-05-06,0.008132299498631923,6.468228549603517e-05,18.39,-0.681
2021-05-07,0.007346291419187523,2.646229369064961e-05,16.69,-0.686
2021-05-10,-0.0104904805031385,3.097854254309756e-05,19.66,-0.686
2021-05-11,-0.008711750141781494,7.44747700562999e-05,21.84,-0.686
2021-05-12,-0.021682782358302788,7.574740101276819e-05,27.59,-0.686
2021-05-13,0.012099644578093205,6.267225420148908e-05,23.13,-0.686
2021-05-14,0.014807778563623586,3.907604503087913e-05,18.81,-0.688
2021-05-17,-0.0025332581839609958,2.3739572332900258e-05,19.72,-0.688
2021-05-18,-0.00855377238403321,2.1518172856253277e-05,21.34,-0.688
2021-05-19,-0.0029477518113782963,8.537691333971613e-05,22.18,-0.688
2021-05-20,0.010499429334508648,4.400697007298875e-05,20.67,-0.688
2021-05-21,-0.0007841880752526009,3.573573286131128e-05,20.15,-0.69
2021-05-24,0.009862497481215371,2.8166966650712347e-05,18.4,-0.69
2021-05-25,-0.002127545400828268,2.0133939708098992e-05,18.84,-0.69
2021-05-26,0.0018750575506114586,9.306450017453933e-06,17.36,-0.69
2021-05-27,0.001164636089862725,6.855177568058253e-06,16.74,-0.69
2021-05-28,0.0007685864528870212,5.200080691102272e-06,16.76,-0.692
2021-06-01,-0.0004924547586302452,3.2970058194946784e-05,17.9,-0.692
2021-06-02,0.0014458890369013488,1.0265267157363083e-05,17.48,-0.692
2021-06-03,-0.0036353030560487554,3.788510349731832e-05,18.04,-0.692
2021-06-04,0.008795303383015707,8.74140579071435e-06,16.42,-0.693
2021-06-07,-0.0007970562694215033,7.6246569949835845e-06,16.42,-0.693
2021-06-08,0.00017500954944082991,2.1580732069099334e-05,17.07,-0.693
2021-06-09,-0.001825532590615353,5.5114121495455614e-06,17.89,-0.693
2021-06-10,0.00464145477646305,2.166655514588515e-05,16.1,-0.693
2021-06-11,0.0019465389328079397,6.793156406848161e-06,15.65,-0.693
2021-06-14,0.0018135563851373604,1.1851268197788938e-05,16.39,-0.693
2021-06-15,-0.0020137199542773487,8.190368211495189e-06,17.02,-0.693
2021-06-16,-0.005404703747025508,5.4760030456584294e-05,18.15,-0.693
2021-06-17,-0.00043581054367258787,3.692901977082144e-05,17.75,-0.693
2021-06-18,-0.013211355687284154,1.4164003182656228e-05,20.7,-0.689
2021-06-21,0.013905163512319518,2.1290187783498814e-05,17.89,-0.689
2021-06-22,0.005111406378990324,3.118083973222892e-05,16.66,-0.689
2021-06-23,-0.0010838705186486663,5.190079652901904e-06,16.32,-0.689
2021-06-24,0.005794429545916913,3.7030980681853515e-06,15.97,-0.689
2021-06-25,0.0033250631646861706,5.287844104018304e-06,15.62,-0.685
2021-06-28,0.0023122888604731884,7.632380898001085e-06,15.76,-0.685
2021-06-29,0.0002772977426861445,4.8862982720709456e-06,16.02,-0.685
2021-06-30,0.0013272784229076962,4.691814282877384e-06,15.83,-0.685
2021-07-01,0.005208041432254618,3.015323563800662e-06,15.48,-0.685
2021-07-02,0.007472095894691222,8.462593863686686e-06,15.07,-0.68
2021-07-06,-0.002023902770021735,4.371934103933174e-05,16.44,-0.68
2021-07-07,0.003353346553662817,2.622954590054658e-05,16.2,-0.68
2021-07-08,-0.008597881009555053,4.637516199818353e-05,19.0,-0.68
2021-07-09,0.01121482590241385,1.4141414745760338e-05,16.18,-0.673
2021-07-12,0.003445232695593603,1.0390993836901163e-05,16.17,-0.673
2021-07-13,-0.003523011181165714,1.4045523341115417e-05,17.12,-0.673
2021-07-14,0.001164256565468591,2.4909416134714403e-05,16.33,-0.673
2021-07-15,-0.0032675735627449853,1.950587637823279e-05,17.01,-0.673
2021-07-16,-0.007567415006812794,3.989098911111473e-05,18.45,-0.666
2021-07-19,-0.015996781399984172,7.97076511775197e-05,22.5,-0.666
2021-07-20,0.015048806004799076,8.094965313132828e-05,19.73,-0.666
2021-07-21,0.008208041662143728,6.071802100092878e-06,17.91,-0.666
2021-07-22,0.00201463920924283,9.540230606477438e-06,17.69,-0.666
2021-07-23,0.0100943323862559,1.1144137640908339e-05,17.2,-0.66
2021-07-26,0.00237936692272811,4.457409084583426e-06,17.58,-0.66
2021-07-27,-0.004723583382176599,4.540810052996051e-05,19.36,-0.66
2021-07-28,-0.00018627923155278836,2.0801317313000758e-05,18.31,-0.66
2021-07-29,0.0041973318452726005,1.3030920604510364e-05,17.7,-0.66
2021-07-30,-0.005420713608261352,1.3185203605754876e-05,18.24,-0.654
2021-08-02,-0.00184450567006067,2.825651969366259e-05,19.46,-0.654
2021-08-03,0.008169961338918341,4.828734871204903e-05,18.04,-0.654
2021-08-04,-0.004643150661296502,3.028265638045344e-06,17.97,-0.654
2021-08-05,0.005987485990420538,3.0786783274703757e-06,17.28,-0.654
2021-08-06,0.0016738645485290249,2.418512886188416e-06,16.15,-0.649
2021-08-09,-0.0009403502649565354,4.8860528244291625e-06,16.72,-0.649
2021-08-10,0.0009921869538640493,5.83283334715441e-06,16.79,-0.649
2021-08-11,0.0012749307180150993,4.292894741497817e-06,16.06,-0.649
2021-08-12,0.00413780773547856,1.2591260696159882e-05,15.59,-0.649
2021-08-13,0.001606016320923942,1.236610098050464e-06,15.45,-0.647
2021-08-16,0.002617422261993241,3.933345936399138e-05,16.12,-0.647
2021-08-17,-0.007085743507136755,4.591748080972976e-05,17.91,-0.647
2021-08-18,-0.010806652845255726,4.945029548252891e-05,21.57,-0.647
2021-08-19,0.0012559032561583194,5.615073706497132e-05,21.67,-0.647
2021-08-20,0.008108603890741861,1.6912534741923894e-05,18.56,-0.645
2021-08-23,0.008487667984411473,2.2653394555437792e-05,17.15,-0.645
2021-08-24,0.0014946188019617779,2.688854999000656e-06,17.22,-0.645
2021-08-25,0.0022176574032517493,5.747971635683975e-06,16.79,-0.645
2021-08-26,-0.005841949827603443,7.1727265988958645e-06,18.84,-0.645
2021-08-27,0.0087690715404527,1.4288601631578608e-05,16.39,-0.646
2021-08-30,0.004297324106874001,9.328322565500636e-06,16.19,-0.646
2021-08-31,-0.001350026915892144,4.996546157210548e-06,16.48,-0.646
2021-09-01,0.00031164006095174557,5.130908282004801e-06,16.11,-0.646
2021-09-02,0.002838605754405421,1.0800521572290554e-05,16.41,-0.646
2021-09-03,-0.00033508726118114396,9.717030061503146e-06,16.41,-0.647
2021-09-07,-0.0034013524523217598,7.7950260019193e-06,18.14,-0.647
2021-09-08,-0.0013194368138158552,1.8764473453038173e-05,17.96,-0.647
2021-09-09,-0.004616247150002195,2.7741486295673744e-05,18.8,-0.647
2021-09-10,-0.007752552286277137,5.296741390823346e-05,20.95,-0.649
2021-09-13,0.0022739003463705387,5.526545099506076e-05,19.37,-0.649
2021-09-14,-0.005763213966258007,3.783213983748532e-05,19.46,-0.649
2021-09-15,0.008438294222079534,3.7679233011287656e-05,18.18,-0.649
2021-09-16,-0.001552344712765219,4.4178133851050065e-05,18.69,-0.649
2021-09-17,-0.009152630275798046,2.2030031607700768e-05,20.81,-0.651
2021-09-20,-0.017123077726381553,0.00020716965871219817,25.71,-0.651
2021-09-21,-0.0008126886585468895,4.9254664849454095e-05,24.36,-0.651
2021-09-22,0.009474585224218401,4.703617818563855e-05,20.87,-0.651
2021-09-23,0.012061680369937378,5.2263546501723694e-05,18.63,-0.651
2021-09-24,0.0014599428113637458,2.1346199064075254e-05,17.75,-0.652
2021-09-27,-0.0027802439201884965,1.1249117981036895e-05,18.76,-0.652
2021-09-28,-0.020574317739892933,4.9607293983408934e-05,23.25,-0.652
2021-09-29,0.0015679543362843162,2.415946019605408e-05,22.56,-0.652
2021-09-30,-0.011981202945015923,7.250188520009864e-05,23.14,-0.652
2021-10-01,0.011425952113334858,0.000167503631555205,21.15,-0.652
2021-10-04,-0.013070952048643392,0.00010894374155388231,22.96,-0.652
2021-10-05,0.010469517498600922,6.705017120043393e-05,21.3,-0.652
2021-10-06,0.004094399349623856,0.00011083080233950975,21.0,-0.652
2021-10-07,0.008264039225066355,4.990416143099039e-05,19.54,-0.652
2021-10-08,-0.0019155566024213755,1.2603811923461956e-05,18.77,-0.65
2021-10-11,-0.006889441644339911,6.749972846257879e-05,20.0,-0.65
2021-10-12,-0.002419705686554252,2.1978395025461996e-05,19.85,-0.65
2021-10-13,0.003017955870230793,4.80326403217787e-05,18.64,-0.65
2021-10-14,0.016919162285711664,1.9416558899983313e-05,16.86,-0.65
2021-10-15,0.00743252063718991,8.982439129030844e-06,16.3,-0.645
2021-10-18,0.003369087801804227,3.2703500347221854e-05,16.31,-0.645
2021-10-19,0.007366142784235308,4.714844265620001e-06,15.7,-0.645
2021-10-20,0.003657333598560797,3.994421346454107e-06,15.49,-0.645
2021-10-21,0.002991393168359835,8.862648681077163e-06,15.01,-0.645
2021-10-22,-0.0010731292246628499,3.081228477308114e-05,15.43,-0.635
2021-10-25,0.004736959440853283,2.6923066748202844e-05,15.24,-0.635
2021-10-26,0.0018181414322437917,2.0232091458680776e-05,15.98,-0.635
2021-10-27,-0.005064370371105298,1.08578221228765e-05,16.98,-0.635
2021-10-28,0.009781288424184353,7.945930454071785e-06,16.53,-0.635
2021-10-29,0.0019474372317169752,1.9559726236818912e-05,16.26,-0.62
2021-11-01,0.0017984589459025813,1.4881576766694236e-05,16.41,-0.62
2021-11-02,0.0036736071203886667,5.704299872861032e-06,16.03,-0.62
2021-11-03,0.00644049461288887,2.543084435129409e-05,15.1,-0.62
2021-11-04,0.004173222342817695,4.344998283242361e-06,15.44,-0.62
2021-11-05,0.0037258500452850285,3.1238548578867995e-05,16.48,-0.603
2021-11-08,0.0008873940607010411,9.520197658199982e-06,17.22,-0.603
2021-11-09,-0.0035049109263987077,2.376575055167027e-05,17.78,-0.603
2021-11-10,-0.008259842163861109,5.7307719035699124e-05,18.73,-0.603
2021-11-11,0.0005507883329887164,4.255361083203023e-06,17.66,-0.603
2021-11-12,0.0071966975641295505,1.9083016354636985e-05,16.29,-0.584
2021-11-15,-1.0739878016252646e-05,1.2996722195395421e-05,16.49,-0.584
2021-11-16,0.003857779057126365,2.0506178579756925e-05,16.37,-0.584
2021-11-17,-0.0026050154828958227,3.7459900659489294e-06,17.11,-0.584
2021-11-18,0.003379064740171245,2.9228028375538988e-05,17.59,-0.584
2021-11-19,-0.0013996446049873157,1.0581884442737163e-05,17.91,-0.566
2021-11-22,-0.003202258316960638,7.08010226573383e-05,19.17,-0.566
2021-11-23,0.001655761383194232,4.7307461983918703e-05,19.38,-0.566
2021-11-24,0.0022912237766679056,3.05579427155847e-05,18.58,-0.566
2021-11-26,-0.022987011159321113,5.828477946153504e-05,28.62,-0.55
2021-11-29,0.013113836082823127,4.0005715713267136e-05,22.96,-0.55
2021-11-30,-0.019143381187848973,7.682367175080776e-05,27.19,-0.55
2021-12-01,-0.01188554145795706,0.0003350311354050029,31.12,-0.55
2021-12-02,0.014094638396057846,0.00010069724983992594,27.95,-0.55
2021-12-03,-0.008484455141738678,0.0002593672637009592,30.67,-0.539
2021-12-06,0.011662599309685717,8.939087448012783e-05,27.18,-0.539
2021-12-07,0.02049560318625332,3.5198631681923834e-05,21.89,-0.539
2021-12-08,0.0030805355865854978,1.9326912773938834e-05,19.9,-0.539
2021-12-09,-0.007206988232523415,9.781304464313158e-06,21.58,-0.539
2021-12-10,0.009503769118209604,3.224804324338081e-05,18.69,-0.537
2021-12-13,-0.009178158342793452,1.1461089538908474e-05,20.31,-0.537
2021-12-14,-0.0074987228546241624,6.636507218247218e-05,21.89,-0.537
2021-12-15,0.016216267351891744,0.0001411944597595716,19.29,-0.537
2021-12-16,-0.008781863311112303,0.0001010881528952787,20.57,-0.537
2021-12-17,-0.010340964584054646,8.469364965721062e-05,21.57,-0.54
2021-12-20,-0.011453398323256536,7.031164390062985e-05,22.87,-0.54
2021-12-21,0.01762175538519628,5.513638534547252e-05,21.01,-0.54
2021-12-22,0.010128728029126677,2.4534578499922085e-05,18.63,-0.54
2021-12-23,0.006204412685251626,2.204994448120605e-05,17.96,-0.54
2021-12-27,0.013744051573606697,1.715658283399831e-05,17.68,-0.54
2021-12-28,-0.0010106653988870562,1.4433613529874703e-05,17.54,-0.54
2021-12-29,0.0014009134018575509,1.4373488403541446e-05,16.95,-0.54
2021-12-30,-0.002994233841905114,2.0529994504317994e-05,17.33,-0.54
2021-12-31,-0.0026296343734735217,8.355533379206081e-06,17.22,-0.555
2022-01-03,0.006353824170387767,2.670320328304862e-05,16.6,-0.555
2022-01-04,-0.0006298202522039276,4.073065711927133e-05,16.91,-0.555
2022-01-05,-0.019583264304500858,8.29701203075178e-05,19.73,-0.555
2022-01-06,-0.000964233740180731,6.532237607854918e-05,19.61,-0.555
2022-01-07,-0.004058441082335662,3.9071442537657024e-05,18.76,-0.56
2022-01-10,-0.0014420705375393084,0.00018845269016365862,19.4,-0.56
2022-01-11,0.00911828645239865,9.771536781696495e-05,18.41,-0.56
2022-01-12,0.002813792014666916,3.9599737953636713e-05,17.62,-0.56
2022-01-13,-0.014346029234399538,0.00010227401735176884,20.31,-0.56
2022-01-14,0.0008196442695904693,4.790877482570751e-05,19.19,-0.56
2022-01-18,-0.018559105398008313,4.0008879345133236e-05,22.79,-0.56
2022-01-19,-0.009736790941460072,0.00010163993529612245,23.85,-0.56
2022-01-20,-0.011098742304332276,0.00029486592289121723,25.59,-0.56
2022-01-21,-0.01909599532463524,0.00014301249430238508,28.85,-0.553
2022-01-24,0.0027679047582704897,0.0009580718704521817,29.9,-0.553
2022-01-25,-0.012246590556866721,0.00040375489374314973,31.16,-0.553
2022-01-26,-0.0014977569258860512,0.0005056345720558976,31.96,-0.553
2022-01-27,-0.005398635199970414,0.000312873344198034,30.49,-0.553
2022-01-28,0.024055967914735632,0.0003329849273223236,27.66,-0.539
2022-01-31,0.01870982622298456,0.00012995097247545575,24.83,-0.539
2022-02-01,0.00683956034831823,9.620608923328601e-05,21.96,-0.539
2022-02-02,0.009378400448323276,5.2510118846057667e-05,22.09,-0.539
2022-02-03,-0.02469347172011993,6.544529981897114e-05,24.35,-0.539
2022-02-04,0.005143678439862853,0.00018627075825753311,23.22,-0.52
2022-02-07,-0.003708580927828109,5.36350779100556e-05,22.86,-0.52
2022-02-08,0.008366113466633962,7.450194635012086e-05,21.44,-0.52
2022-02-09,0.014412842079265076,1.4457444440845984e-05,19.96,-0.52
2022-02-10,-0.01828182448505622,0.00022036137372474245,23.91,-0.52
2022-02-11,-0.019151682638085532,0.00024265048544330425,27.36,-0.495
2022-02-14,-0.003847990755629027,9.51232778125737e-05,28.33,-0.495
2022-02-15,0.015643717646064204,1.3669768085301186e-05,25.7,-0.495
2022-02-16,0.0008808197202831991,8.292961265736555e-05,24.29,-0.495
2022-02-17,-0.021400504136936505,5.9837496143655704e-05,28.11,-0.495
2022-02-18,-0.007191961663865598,9.355039355825459e-05,27.75,-0.466
2022-02-22,-0.010194735435016256,0.0002262572710219926,28.81,-0.466
2022-02-23,-0.01858373574878769,0.00018385457072865193,31.02,-0.466
2022-02-24,0.014846105252724229,0.0005344565893892746,30.32,-0.466
2022-02-25,0.022126080551265304,0.00010554937622062906,27.59,-0.437
2022-02-28,-0.0024455914631271725,0.00013554988993319246,30.15,-0.437
2022-03-01,-0.015594467786611332,0.0001945272423321428,33.32,-0.437
2022-03-02,0.01847104678065037,8.028435968273079e-05,30.74,-0.437
2022-03-03,-0.005268520744245109,0.0001033625423913361,30.48,-0.437
2022-03-04,-0.007965684543002283,8.413152742220649e-05,31.98,-0.41
2022-03-07,-0.029962586814415104,0.00010793207853607904,36.45,-0.41
2022-03-08,-0.007260043975698238,0.0003760919120873787,35.13,-0.41
2022-03-09,0.02537359812214035,9.614776257837366e-05,32.45,-0.41
2022-03-10,-0.0043010499202473795,9.412583040273321e-05,30.23,-0.41
2022-03-11,-0.013046278933238398,0.00010591147900510862,30.75,-0.389
2022-03-14,-0.007448675095533375,0.00018910768615862557,31.77,-0.389
2022-03-15,0.021182629724146196,7.597040471230679e-05,29.83,-0.389
2022-03-16,0.02213692164839287,0.00020784802396732992,26.67,-0.389
2022-03-17,0.01227220506870097,6.575231159540915e-05,25.67,-0.389
2022-03-18,0.01159481441188781,8.16983828908054e-05,23.87,-0.378
2022-03-21,-0.00043475485430199967,8.319632687518558e-05,23.53,-0.378
2022-03-22,0.01124069955407414,3.461363933438851e-05,22.94,-0.378
2022-03-23,-0.012348630252494885,2.4855444374028685e-05,23.57,-0.378
2022-03-24,0.014242012281618699,2.791066829990444e-05,21.67,-0.378
2022-03-25,0.005053380704236332,4.176051894687105e-05,20.81,-0.372
2022-03-28,0.007119551020043247,5.921606579461081e-05,19.63,-0.372
2022-03-29,0.012182044101392009,3.834885908624712e-05,18.9,-0.372
2022-03-30,-0.0063135889990899585,4.229735561712526e-05,19.33,-0.372
2022-03-31,-0.0157763352268816,3.9306151543437324e-05,20.56,-0.372
2022-04-01,0.003404420961462762,4.0679225446124484e-05,19.63,-0.369
2022-04-04,0.00805838253213409,2.4862624532491535e-05,18.57,-0.369
2022-04-05,-0.012631159074006248,0.00010973326169684807,21.03,-0.369
2022-04-06,-0.009764433912478054,6.92226900761128e-05,22.1,-0.369
2022-04-07,0.004244365552036555,0.00011224241395356331,21.55,-0.369
2022-04-08,-0.002654546675552538,5.121482349397292e-05,21.16,-0.367
2022-04-11,-0.01702133458469568,3.0327378085223756e-05,24.37,-0.367
2022-04-12,-0.003423300530453588,0.00017328914406328913,24.26,-0.367
2022-04-13,0.011112603268902177,4.172452067600375e-05,21.82,-0.367
2022-04-14,-0.012218480383507924,6.0822867997143286e-05,22.7,-0.367
2022-04-18,-0.00020488927240691623,4.079031559271615e-05,22.17,-0.367
2022-04-19,0.015930044749387307,6.361766099289688e-05,21.37,-0.367
2022-04-20,-0.0006186664061829106,3.5951555392183587e-05,20.32,-0.367
2022-04-21,-0.014862855551310616,0.00023837686001996117,22.68,-0.367
2022-04-22,-0.02813207637736781,0.0001050824400604038,28.21,-0.35
2022-04-25,0.0056817651441125605,0.00023183554174076553,27.02,-0.35
2022-04-26,-0.028550008928597492,6.838721652537206e-05,33.52,-0.35
2022-04-27,0.0020958490249647355,0.00017132798684575616,31.6,-0.35
2022-04-28,0.024445655340832317,0.0003078232406701423,29.99,-0.35
2022-04-29,-0.03695915978469522,0.00027408916628963444,33.4,-0.335
2022-05-02,0.005659199293818418,0.0003260002811886838,32.34,-0.335
2022-05-03,0.004825465075359858,7.521196211370939e-05,29.25,-0.335
2022-05-04,0.029425221557326964,0.0004007949097421291,25.42,-0.335
2022-05-05,-0.036300677564099715,0.0004377810026208722,31.2,-0.335
2022-05-06,-0.005690384413952643,0.00023775122873727713,30.19,-0.317
2022-05-09,-0.03256151953960362,0.00015265723118297166,34.75,-0.317
2022-05-10,0.002454881760408867,0.0003522167387523805,32.99,-0.317
2022-05-11,-0.01660023209569772,0.0003804528032807057,32.56,-0.317
2022-05-12,-0.0012968049941122217,0.00034949955410588885,31.77,-0.317
2022-05-13,0.023589267956868554,8.841931957422167e-05,28.87,-0.298
2022-05-16,-0.003954208517722435,0.00012043199864437729,27.47,-0.298
2022-05-17,0.019968919581462075,6.605822088906887e-05,26.1,-0.298
2022-05-18,-0.041233809291247425,0.00021889295808510175,30.96,-0.298
2022-05-19,-0.005850864777348974,0.00015725324014081687,29.35,-0.298
2022-05-20,0.0001461310919914638,0.0005718818686927724,29.43,-0.278
2022-05-23,0.018384995412059624,9.721670700026496e-05,28.48,-0.278
2022-05-24,-0.008153950903556861,0.0002115778291223027,29.45,-0.278
2022-05-25,0.009406385648931703,0.00011617411176648771,28.37,-0.278
2022-05-26,0.019688166007719943,0.00012425684571760177,27.5,-0.278
2022-05-27,0.024441130195821614,4.4974739212539386e-05,25.72,-0.257
2022-05-31,-0.006294135193666506,0.00010959999523390612,26.19,-0.257
2022-06-01,-0.007510905041154814,0.00019956802498667664,25.69,-0.257
2022-06-02,0.018263225415545037,0.00016281545585098773,24.72,-0.257
2022-06-03,-0.01648240560981762,3.7859481132638455e-05,24.79,-0.234
2022-06-06,0.003132489407036587,9.967382292070819e-05,25.07,-0.234
2022-06-07,0.009478331531719064,0.00011748544591740615,24.02,-0.234
2022-06-08,-0.010852623040154441,5.976879800320246e-05,23.96,-0.234
2022-06-09,-0.024086457665156047,0.00014920636490500097,26.09,-0.234
2022-06-10,-0.0295424148114094,4.302038851135265e-05,27.75,-0.209
2022-06-13,-0.039539931990040245,0.00016588847388148984,34.02,-0.209
2022-06-14,-0.0037808180394893753,0.0001661036752345968,32.69,-0.209
2022-06-15,0.014487058836534672,0.000446751771091027,29.62,-0.209
2022-06-16,-0.03305220711384038,0.00018142929904109501,32.95,-0.209
2022-06-17,0.0021984473410121552,0.00018377889928875355,31.13,-0.186
2022-06-21,0.02418247496067316,7.977780422892488e-05,30.19,-0.186
2022-06-22,-0.0013024200953584142,0.00023159727658636096,28.95,-0.186
2022-06-23,0.009487072485557135,0.0001106027617573933,29.05,-0.186
2022-06-24,0.0301055397299006,7.30710360084785e-05,27.23,-0.17
2022-06-27,-0.0029774998903402405,3.66359397959636e-05,26.95,-0.17
2022-06-28,-0.02034867314949551,0.0003081985508754985,28.36,-0.17
2022-06-29,-0.0007119988201722549,4.71538425806115e-05,28.16,-0.17
2022-06-30,-0.008797866246368358,0.00022590032651149432,28.71,-0.17
2022-07-01,0.0104985112966407,0.0001576833667082377,26.7,-0.164
2022-07-05,0.001582875106192816,0.00024324463047801535,27.54,-0.164
2022-07-06,0.003566795705065573,0.00012391305004200468,26.73,-0.164
2022-07-07,0.0148537231809307,3.969201929568398e-05,26.08,-0.164
2022-07-08,-0.0008306163961275814,7.65443349325298e-05,24.64,-0.167
2022-07-11,-0.01159441766052538,1.992811542857134e-05,26.17,-0.167
2022-07-12,-0.009286868497493828,0.00014251231572353688,27.29,-0.167
2022-07-13,-0.004466864111815738,0.00015885294074055215,26.82,-0.167
2022-07-14,-0.0030031388127653713,0.00017940549598123497,26.4,-0.167
2022-07-15,0.01901923165863373,1.9704269810062035e-05,24.23,-0.18
2022-07-18,-0.008398742485836053,0.00016290260447975787,25.3,-0.18
2022-07-19,0.027253517643730518,5.8915739491292055e-05,24.5,-0.18
2022-07-20,0.005878493941057883,7.209653669708912e-05,23.88,-0.18
2022-07-21,0.009813066689504879,0.00011724087117376546,23.11,-0.18
2022-07-22,-0.009376287293813235,0.00013825039777143357,23.03,-0.199
2022-07-25,0.0013143029733058142,3.230389048622556e-05,23.36,-0.199
2022-07-26,-0.011610342599263745,3.2570566582827064e-05,24.69,-0.199
2022-07-27,0.025820048778628646,0.00011670152568925247,23.24,-0.199
2022-07-28,0.012060319791912022,0.00017643114503228786,22.33,-0.199
2022-07-29,0.014107775781754484,6.767815627083476e-05,21.33,-0.217
2022-08-01,-0.002827076544916096,6.961687712249953e-05,22.84,-0.217
2022-08-02,-0.006684688378872039,0.00010501298279758079,23.93,-0.217
2022-08-03,0.015517456270091046,5.364781808337993e-05,21.95,-0.217
2022-08-04,-0.0007776424495844481,1.9255794155668687e-05,21.44,-0.217
2022-08-05,-0.0016270690189177373,3.800240103467845e-05,21.15,-0.23
2022-08-08,-0.0012383171221213018,9.047448616588481e-05,21.29,-0.23
2022-08-09,-0.004257744235927063,1.611164879812076e-05,21.77,-0.23
2022-08-10,0.021067158460407853,1.3678581277882409e-05,19.74,-0.23
2022-08-11,-0.0007057229222020567,8.042048144983848e-05,20.2,-0.23
2022-08-12,0.017174046951492272,3.703509726745788e-05,19.53,-0.238
2022-08-15,0.003961684056234205,3.878283671185464e-05,19.95,-0.238
2022-08-16,0.0018739228259470053,5.645186343224047e-05,19.69,-0.238
2022-08-17,-0.007264114867647109,6.502353870433903e-05,19.9,-0.238
2022-08-18,0.0022669896063849393,2.3131262260949254e-05,19.56,-0.238
2022-08-19,-0.012983928713039106,3.2324656636221265e-05,20.6,-0.236
2022-08-22,-0.0216323664664948,5.0231079634132405e-05,23.8,-0.236
2022-08-23,-0.0022403704344373665,3.679952304217885e-05,24.11,-0.236
2022-08-24,0.0029119166987232603,3.4517967915825026e-05,22.82,-0.236
2022-08-25,0.013993241836107728,3.3878907655802565e-05,21.78,-0.236
2022-08-26,-0.03426857631703939,0.00016833112250653082,25.56,-0.223
2022-08-29,-0.006688675197326077,6.323654533281051e-05,26.21,-0.223
2022-08-30,-0.011089416492115589,0.00012558328226293657,26.21,-0.223
2022-08-31,-0.007847738208154098,6.563151408140233e-05,25.87,-0.223
2022-09-01,0.002991752267195835,0.00012056715156912449,25.56,-0.223
2022-09-02,-0.010794552570724036,0.00027898786063575317,25.47,-0.203
2022-09-06,-0.004103464690896175,8.86371021011851e-05,26.91,-0.203
2022-09-07,0.018174848666170362,9.190159688688286e-05,24.64,-0.203
2022-09-08,0.006588966880441305,8.431144318631653e-05,23.61,-0.203
2022-09-09,0.015156014981211996,4.188786932962978e-05,22.79,-0.177
2022-09-12,0.010528651483996398,2.123533895633473e-05,23.87,-0.177
2022-09-13,-0.044199163031974464,0.0001584680350707108,27.27,-0.177
2022-09-14,0.003381289078845384,7.918015356975679e-05,26.16,-0.177
2022-09-15,-0.011382272168150465,0.00013878919674211875,26.27,-0.177
2022-09-16,-0.007208049775663028,6.312676624776182e-05,26.3,-0.149
2022-09-19,0.00683369772470499,6.389509687198576e-05,25.76,-0.149
2022-09-20,-0.011336114736598901,6.954852732815286e-05,27.16,-0.149
2022-09-21,-0.017264674098507626,0.0002921017118899648,27.99,-0.149
2022-09-22,-0.008463293830454077,4.4296751055738405e-05,27.35,-0.149
2022-09-23,-0.017382828767329883,0.0002011704850023605,29.92,-0.124
2022-09-26,-0.010394360890281007,0.00016364895007718396,32.26,-0.124
2022-09-27,-0.0021226109548244665,0.0002856194960908386,32.6,-0.124
2022-09-28,0.0194811441811531,0.00021156602891222068,30.18,-0.124
2022-09-29,-0.021352794823098264,0.00015810780071622824,31.84,-0.124
2022-09-30,-0.015181351546209143,0.0002217239235454752,31.62,-0.105
2022-10-03,0.02555457753092938,0.0001901809831169197,30.1,-0.105
2022-10-04,0.030125341416800566,3.796656183110038e-05,29.07,-0.105
2022-10-05,-0.0020199875589383964,0.00022588505793098937,28.55,-0.105
2022-10-06,-0.010297922911394863,0.00010074679724670306,30.52,-0.105
2022-10-07,-0.02840319653147816,0.0001467507079264292,31.36,-0.097
2022-10-10,-0.007520673133653233,0.0001204604645077365,32.45,-0.097
2022-10-11,-0.006540518412323948,0.0001991983218083169,33.63,-0.097
2022-10-12,-0.0032961996501654767,4.036774291786561e-05,33.57,-0.097
2022-10-13,0.025634259307631524,0.0007909416714600934,31.94,-0.097
2022-10-14,-0.02394712074452876,0.0003221787938157901,32.02,-0.099
2022-10-17,0.02613552455756185,5.258832035359285e-05,31.37,-0.099
2022-10-18,0.01136276820708737,0.00019047036993016206,30.5,-0.099
2022-10-19,-0.006694455239685482,0.00013912116131869562,30.76,-0.099
2022-10-20,-0.007982686738765565,0.000216206601944511,29.98,-0.099
2022-10-21,0.023447759860447448,0.0001876400614362692,29.69,-0.109
2022-10-24,0.011811940205111782,0.00013363272131887278,29.85,-0.109
2022-10-25,0.01613577001587352,4.3174707255057976e-05,28.46,-0.109
2022-10-26,-0.007415140398988385,0.0001290980152091378,27.28,-0.109
2022-10-27,-0.006101185053184466,8.755359959024782e-05,27.39,-0.109
2022-10-28,0.024328036770855377,9.342583153713752e-05,25.75,-0.124
2022-10-31,-0.007482327030336577,2.851903726887145e-05,25.88,-0.124
2022-11-01,-0.00410966372035837,0.00010011644575730265,25.81,-0.124
2022-11-02,-0.025319843737483083,0.00039781223490142914,25.86,-0.124
2022-11-03,-0.010642422531956797,9.416545192394674e-05,25.3,-0.124
2022-11-04,0.013526823285562983,0.00027152456938168317,24.55,-0.141
2022-11-07,0.009568061679360085,6.619405316911334e-05,24.35,-0.141
2022-11-08,0.0055822828287599435,0.00017968281966437619,25.54,-0.141
2022-11-09,-0.020996784712302485,8.622334911899542e-05,26.09,-0.141
2022-11-10,0.05395251566479686,8.165507747854195e-05,23.53,-0.141
2022-11-11,0.009198312304770084,8.086233244669151e-05,22.52,-0.158
2022-11-14,-0.008975940544917904,7.658283125796595e-05,23.73,-0.158
2022-11-15,0.008675376414668534,0.0001745496047092148,24.54,-0.158
2022-11-16,-0.008286283111873516,1.826264900420215e-05,24.11,-0.158
2022-11-17,-0.0030941046442301,5.530890380488579e-05,23.93,-0.158
2022-11-18,0.004747295648158456,6.151424334141328e-05,23.12,-0.171
2022-11-21,-0.0038912498002758866,2.5375682714148947e-05,22.36,-0.171
2022-11-22,0.013488606269829617,4.047235268082867e-05,21.29,-0.171
2022-11-23,0.005897266041737126,2.0806021356350475e-05,20.35,-0.171
2022-11-25,-0.0002830842622021379,5.235839658790985e-06,20.5,-0.179
2022-11-28,-0.015564696794065469,5.882141059773249e-05,22.21,-0.179
2022-11-29,-0.001593133701623728,4.780553907419621e-05,21.89,-0.179
2022-11-30,0.030478643521295368,0.0002616461575927349,20.58,-0.179
2022-12-01,-0.000868009829606109,7.15810593633314e-05,19.84,-0.179
2022-12-02,-0.0011953746637622942,6.489892026489409e-05,19.06,-0.184
2022-12-05,-0.01805624963097152,7.559093794252019e-05,20.75,-0.184
2022-12-06,-0.014503869422986426,0.00014512561605891394,22.17,-0.184
2022-12-07,-0.0018641072533824854,3.919654379314223e-05,22.68,-0.184
2022-12-08,0.007493634413933137,4.093577385144948e-05,22.29,-0.184
2022-12-09,-0.00737671946421159,5.210383951394121e-05,22.83,-0.188
2022-12-12,0.014178307299649973,3.3155140021826535e-05,25.0,-0.188
2022-12-13,0.007263223255456808,0.0002972613299681673,22.55,-0.188
2022-12-14,-0.0060711166238363035,0.00023160817466714575,21.14,-0.188
2022-12-15,-0.0252374779018254,0.00010456249397986169,22.83,-0.188
2022-12-16,-0.011200239946012047,9.49397036040076e-05,22.62,-0.194
2022-12-19,-0.009048328941103634,6.830148433013686e-05,22.42,-0.194
2022-12-20,0.0010368006978893618,5.904314830233121e-05,21.48,-0.194
2022-12-21,0.014758548669055571,4.5449120753574327e-05,20.07,-0.194
2022-12-22,-0.014557142498146547,0.0002466180978126706,21.97,-0.194
2022-12-23,0.005850952271915233,5.8262166603140896e-05,20.87,-0.204
2022-12-27,-0.0040578440346585865,3.2883604993230863e-05,21.65,-0.204
2022-12-28,-0.012093470442948728,9.950225484202338e-05,22.14,-0.204
2022-12-29,0.017310634314993578,4.4061738104774184e-05,21.44,-0.204
2022-12-30,-0.002543975646110752,5.0622606738892293e-05,21.67,-0.221
2023-01-03,-0.004008572481273731,0.00021819305741049958,22.9,-0.221
2023-01-04,0.007510694562139264,0.00010727446537714291,22.01,-0.221
2023-01-05,-0.011713869136457333,2.1249872754321337e-05,22.46,-0.221
2023-01-06,0.022583835589031764,0.00018033636474646406,21.13,-0.244
2023-01-09,-0.0007679273259917352,0.00010879747865650713,21.97,-0.244
2023-01-10,0.006953997970594372,3.56762303429367e-05,20.58,-0.244
2023-01-11,0.012767571192293659,2.0935972223666186e-05,21.09,-0.244
2023-01-12,0.0034100849120424215,0.00011434461762191414,18.83,-0.244
2023-01-13,0.003988892144656475,6.406234401516821e-05,18.35,-0.268
2023-01-17,-0.0020325554309970073,2.8012419720594545e-05,19.36,-0.268
2023-01-18,-0.015684966977744352,0.00011093445193501288,20.34,-0.268
2023-01-19,-0.0076676719018120565,4.1608398407914195e-05,20.52,-0.268
2023-01-20,0.01874167355235201,8.156990267737847e-05,19.85,-0.289
2023-01-23,0.011811315951328893,0.00010077254354074341,19.81,-0.289
2023-01-24,-0.0007117563642928815,3.0718110261900115e-05,19.2,-0.289
2023-01-25,-0.0001817415734652883,0.0001293914165786463,19.08,-0.289
2023-01-26,0.010947708029114267,5.752404973566689e-05,18.73,-0.289
2023-01-27,0.0024917340217047723,5.583424650536418e-05,18.51,-0.305
2023-01-30,-0.01305356931529289,4.791878976420737e-05,19.94,-0.305
2023-01-31,0.014536304416418844,2.4884174123047592e-05,19.4,-0.305
2023-02-01,0.010398056296885727,0.00031711604447179646,17.87,-0.305
2023-02-02,0.014592384626853416,7.266631252681889e-05,18.73,-0.305
2023-02-03,-0.010408592637284997,0.00010092291887499835,18.33,-0.312
2023-02-06,-0.006159393193939877,2.727618276987236e-05,19.43,-0.312
2023-02-07,0.012790364037398305,0.00014979650428482774,18.66,-0.312
2023-02-08,-0.011142573012412171,3.107355097569907e-05,19.63,-0.312
2023-02-09,-0.008869009831038,0.00013155467023140698,20.71,-0.312
2023-02-10,0.0021928557092181222,2.3121706320122986e-05,20.53,-0.308
2023-02-13,0.011383569951155081,2.538615549220498e-05,20.34,-0.308
2023-02-14,-0.00028045385549368973,0.0001210854859427481,18.91,-0.308
2023-02-15,0.002769337533075955,3.934518448184958e-05,18.23,-0.308
2023-02-16,-0.013884689204880729,5.1833069538018854e-05,20.17,-0.308
2023-02-17,-0.002771242172283195,3.401736406258784e-05,20.02,-0.294
2023-02-21,-0.02024478397347096,2.873984189865311e-05,22.87,-0.294
2023-02-22,-0.001574795485643321,4.844603477776409e-05,22.29,-0.294
2023-02-23,0.005315278263237744,0.00010831530863933412,21.14,-0.294
2023-02-24,-0.010593464619775617,3.917519701872066e-05,21.67,-0.269
2023-02-27,0.0030682925395524308,5.952578363190608e-05,20.95,-0.269
2023-02-28,-0.0030406198309478327,2.4420547610547108e-05,20.7,-0.269
2023-03-01,-0.0047364642034928295,3.0609206150855505e-05,20.58,-0.269
2023-03-02,0.007553593731197239,8.045284836057921e-05,19.59,-0.269
2023-03-03,0.016018749176483382,3.3074435014664965e-05,18.49,-0.238
2023-03-06,0.0006869307788477386,3.372592041442811e-05,18.61,-0.238
2023-03-07,-0.015445590479263416,5.894947272168476e-05,19.59,-0.238
2023-03-08,0.0014137941356029415,2.9094510961093863e-05,19.11,-0.238
2023-03-09,-0.018631857945480945,0.0002198804883689373,22.61,-0.238
2023-03-10,-0.014583969436067434,0.00018734234445724827,24.8,-0.205
2023-03-13,-0.0015109018407386543,0.0002998890888152323,26.52,-0.205
2023-03-14,0.016342388235363714,0.00011667985448316903,23.73,-0.205
2023-03-15,-0.007005363929353692,9.906901499598896e-05,26.14,-0.205
2023-03-16,0.01740957624903139,0.00016224884077984173,22.99,-0.205
2023-03-17,-0.011080621273952929,6.35004137869556e-05,25.51,-0.174
2023-03-20,0.0088788696359412,2.1909425875927293e-05,24.15,-0.174
2023-03-21,0.012898647518557738,2.741865068925844e-05,21.38,-0.174
2023-03-22,-0.016600248639841553,0.00023186444205451298,22.26,-0.174
2023-03-23,0.0029800838691826925,0.0002472259915085523,22.61,-0.174
2023-03-24,0.005623963084302019,0.00010520432636859677,21.74,-0.155
2023-03-27,0.0016455995637674192,3.4249780699226075e-05,20.6,-0.155
2023-03-28,-0.0015750832883885124,2.4145556718276913e-05,19.97,-0.155
2023-03-29,0.014136870775047328,1.074450683453535e-05,19.12,-0.155
2023-03-30,0.0056989991994829126,1.9868408629587653e-05,19.02,-0.155
2023-03-31,0.014333327782036775,2.3876872556745905e-05,18.7,-0.151
2023-04-03,0.0036920225658025885,1.326888376453399e-05,18.55,-0.151
2023-04-04,-0.0058138397451621415,4.617362943428889e-05,19.0,-0.151
2023-04-05,-0.0024954816571209903,2.165019573336214e-05,19.08,-0.151
2023-04-06,0.0035727731328023538,2.8878939387714392e-05,18.4,-0.151
2023-04-10,0.000995807017009298,2.763301272029902e-05,18.97,-0.151
2023-04-11,-4.135333298194155e-05,1.3809102086171257e-05,19.1,-0.151
2023-04-12,-0.004143456323461692,4.6269312004001235e-05,19.09,-0.151
2023-04-13,0.013175510497831056,2.7558377935161657e-05,17.8,-0.151
2023-04-14,-0.002071517584578686,7.282844825229829e-05,17.07,-0.165
2023-04-17,0.003300703582615583,1.928789102178431e-05,16.95,-0.165
2023-04-18,0.0008548548034656989,2.2591908700196786e-05,16.83,-0.165
2023-04-19,-8.426554794027652e-05,1.7723926709226995e-05,16.46,-0.165
2023-04-20,-0.005970335188310472,3.3850435844111e-05,17.17,-0.165
2023-04-21,0.0009027812573005889,1.7101489393333212e-05,16.77,-0.179
2023-04-24,0.000851216778272601,1.7238483839180103e-05,16.89,-0.179
2023-04-25,-0.01593718381857734,2.1146290823073608e-05,18.76,-0.179
2023-04-26,-0.003848583503344827,2.5537066182635042e-05,18.84,-0.179
2023-04-27,0.019377193402696946,3.4802669274297356e-05,17.03,-0.179
2023-04-28,0.008219331313243927,1.778963862856325e-05,15.78,-0.19
2023-05-01,-0.0003861810485101813,1.4881841766465317e-05,16.08,-0.19
2023-05-02,-0.0116539066805732,0.00011779421733902238,17.78,-0.19
2023-05-03,-0.007022908054892696,8.141612473883816e-05,18.34,-0.19
2023-05-04,-0.007244913455062729,2.5053819838148194e-05,20.09,-0.19
2023-05-05,0.018306166381879763,5.383792322863592e-05,17.19,-0.198
2023-05-08,0.00045202648488285035,9.977370328168141e-06,16.98,-0.198
2023-05-09,-0.004589938949060013,4.932586440999697e-06,17.71,-0.198
2023-05-10,0.004473942241913775,8.915038240201527e-05,16.94,-0.198
2023-05-11,-0.001698064889705364,1.6213096035816512e-05,16.93,-0.198
2023-05-12,-0.001584561589439204,5.387389861566377e-05,17.03,-0.205
2023-05-15,0.002953797680316228,2.6093454774122375e-05,17.12,-0.205
2023-05-16,-0.006398107681917509,1.1981586319463439e-05,17.99,-0.205
2023-05-17,0.011820688622071529,4.698993528640149e-05,16.87,-0.205
2023-05-18,0.009400723063727412,3.187325012994615e-05,16.05,-0.205
2023-05-19,-0.0014469138806756376,2.713090174761997e-05,16.81,-0.21
2023-05-22,0.0001550226798023857,2.472440167517987e-05,17.21,-0.21
2023-05-23,-0.011285468768283735,3.19213444417631e-05,18.53,-0.21
2023-05-24,-0.0073455126783059654,1.762558769463367e-05,20.03,-0.21
2023-05-25,0.008719456079012033,3.724876142570523e-05,19.14,-0.21
2023-05-26,0.01296468093164016,3.81415951194186e-05,17.95,-0.212
2023-05-30,1.6603130665870935e-05,3.2941123942282315e-05,17.46,-0.212
2023-05-31,-0.006127358186214238,2.1916187900432343e-05,17.94,-0.212
2023-06-01,0.00980621508585422,7.307237373240723e-05,15.65,-0.212
2023-06-02,0.014429812390106989,3.1376471700213685e-05,14.6,-0.214
2023-06-05,-0.002005591490657821,2.693235164944646e-05,14.73,-0.214
2023-06-06,0.0023511302338512508,1.411970727543435e-05,13.96,-0.214
2023-06-07,-0.003819293926420997,2.704680029427568e-05,13.94,-0.214
2023-06-08,0.006169571607523849,2.3827828245456357e-05,13.65,-0.214
2023-06-09,0.0011474010230507758,2.50107895550592e-05,13.83,-0.215
2023-06-12,0.009277974981754866,1.4862531993972439e-05,15.01,-0.215
2023-06-13,0.006908570725908447,1.2380217570799977e-05,14.61,-0.215
2023-06-14,0.000819089980126364,7.564142052930244e-05,13.88,-0.215
2023-06-15,0.012104580493589978,7.8277769878203e-05,14.5,-0.215
2023-06-16,-0.0036783764677519315,2.3531638985391338e-05,13.54,-0.217
2023-06-20,-0.004746353835235695,2.717009401336702e-05,13.88,-0.217
2023-06-21,-0.005259086366924848,1.3640087101455055e-05,13.2,-0.217
2023-06-22,0.003703930387334964,1.0074165533271576e-05,12.91,-0.217
2023-06-23,-0.007688288056503012,1.6067155159071582e-05,13.44,-0.221
2023-06-26,-0.0044969343631322545,2.5308176966175396e-05,14.25,-0.221
2023-06-27,0.011390733524182295,2.9972038241866688e-05,13.74,-0.221
2023-06-28,-0.000354139388390351,2.193336290781546e-05,13.43,-0.221
2023-06-29,0.004463568114490002,8.865636983721783e-06,13.54,-0.221
2023-06-30,0.0121943502618862,1.761563541492201e-05,13.59,-0.227
2023-07-03,0.0011699930926720725,4.5625069289294896e-06,13.57,-0.227
2023-07-05,-0.0019702580976126427,7.2580343639156215e-06,14.18,-0.227
2023-07-06,-0.007954061175894367,3.3982855449609655e-05,15.44,-0.227
2023-07-07,-0.002869212795733489,4.670186416835566e-05,14.83,-0.235
2023-07-10,0.0024021386106269915,8.610577573700202e-06,15.07,-0.235
2023-07-11,0.0067195839982545635,2.0510581613571203e-05,14.84,-0.235
2023-07-12,0.007383905235389676,1.5350677875017658e-05,13.54,-0.235
2023-07-13,0.008434482989626346,1.2801921299017719e-05,13.61,-0.235
2023-07-14,-0.0010249321969073577,1.79126684261535e-05,13.34,-0.248
2023-07-17,0.0038479695744211284,1.5452687157355723e-05,13.48,-0.248
2023-07-18,0.007092066941428499,3.45834058294118e-05,13.3,-0.248
2023-07-19,0.002355134827233485,1.0453839498920598e-05,13.76,-0.248
2023-07-20,-0.006779827396258042,2.6324237981831382e-05,13.99,-0.248
2023-07-21,0.0003240420146131129,5.356056416631215e-06,13.6,-0.263
2023-07-24,0.004026038496874662,9.442657752349715e-06,13.91,-0.263
2023-07-25,0.0028107195758391157,1.6272756019133154e-05,13.86,-0.263
2023-07-26,-0.00015545097867608604,2.8081458039333124e-05,13.19,-0.263
2023-07-27,-0.0064453930551966465,7.916110461067681e-05,14.41,-0.263
2023-07-28,0.009829375810433305,1.1306481884360858e-05,13.33,-0.279
2023-07-31,0.0014676354365690258,1.0260459434300596e-05,13.63,-0.279
2023-08-01,-0.0026686453076827377,6.892761799528073e-06,13.93,-0.279
2023-08-02,-0.01393620063833545,2.3269690160329806e-05,16.09,-0.279
2023-08-03,-0.0025512254502917386,2.7319498923883436e-05,15.92,-0.279
2023-08-04,-0.005314169373939137,8.185217663502756e-05,17.1,-0.296
2023-08-07,0.008983618964856888,6.542263192659074e-06,15.77,-0.296
2023-08-08,-0.004227205100058029,3.7637080948719596e-05,15.99,-0.296
2023-08-09,-0.007063619102046559,2.004646766710958e-05,15.96,-0.296
2023-08-10,0.0002506825210808472,0.00011301694722322877,15.85,-0.296
2023-08-11,-0.0010702648992282349,2.2671966631566064e-05,14.84,-0.311
2023-08-14,0.005734004879418109,1.4766406871835865e-05,14.82,-0.311
2023-08-15,-0.011618139396096794,2.2198070399653826e-05,16.46,-0.311
2023-08-16,-0.00758408179262382,3.776701360844099e-05,16.78,-0.311
2023-08-17,-0.00774281137752908,3.9965249115664235e-05,17.89,-0.311
2023-08-18,-0.00014871788395787178,4.4390823452398174e-05,17.3,-0.324
2023-08-21,0.006855634859800119,5.0469786172897345e-05,17.13,-0.324
2023-08-22,-0.002781331046545432,1.7738203187199456e-05,16.97,-0.324
2023-08-23,0.010984330710790857,2.490468351818757e-05,15.98,-0.324
2023-08-24,-0.013549353984007695,5.232585869433611e-05,17.2,-0.324
2023-08-25,0.0066955010602960385,9.507354277198903e-05,15.68,-0.332
2023-08-28,0.006245078594195874,1.4368825424183731e-05,15.08,-0.332
2023-08-29,0.014404068712057239,3.594129543291244e-05,14.45,-0.332
2023-08-30,0.003825854181192412,1.5361632037072745e-05,13.88,-0.332
2023-08-31,-0.0015982129743399298,1.347951556121855e-05,13.57,-0.332
2023-09-01,0.0017975127655187606,3.478713088239555e-05,13.09,-0.337
2023-09-05,-0.004202997821382226,4.898378746560434e-06,14.01,-0.337
2023-09-06,-0.006996014491431168,4.576257001680372e-05,14.45,-0.337
2023-09-07,-0.003216433115733608,1.3550704263166196e-05,14.4,-0.337
2023-09-08,0.0014256060622575006,1.514631636817962e-05,13.84,-0.337
2023-09-11,0.006700951498135765,1.2238615463767992e-05,13.8,-0.337
2023-09-12,-0.005712169023004421,2.0421420595050226e-05,14.23,-0.337
2023-09-13,0.0012408621175339363,1.6329681807659866e-05,13.48,-0.337
2023-09-14,0.008394585533666898,2.1705697938658903e-05,12.82,-0.337
2023-09-15,-0.01223414584249305,2.0593490560384873e-05,13.79,-0.332
2023-09-18,0.0007210276941744809,1.3443218847551761e-05,14.0,-0.332
2023-09-19,-0.002153327361533286,2.80683763928576e-05,14.11,-0.332
2023-09-20,-0.009439204206291407,4.013098626029735e-05,15.14,-0.332
2023-09-21,-0.016536918318488247,1.7013708759898544e-05,17.54,-0.332
2023-09-22,-0.0022982374027602503,3.480949206152751e-05,17.2,-0.323
2023-09-25,0.004014994203807021,1.9485366249798624e-05,16.9,-0.323
2023-09-26,-0.014844165482264415,2.7652396113442224e-05,18.94,-0.323
2023-09-27,0.00022928777229402897,7.709675175052887e-05,18.22,-0.323
2023-09-28,0.005875877143001418,5.696985396557042e-05,17.34,-0.323
2023-09-29,-0.0027132596482903892,5.819264827649953e-05,17.52,-0.311
2023-10-02,7.936440615274876e-05,4.416141332432397e-05,17.61,-0.311
2023-10-03,-0.013839395863447734,8.120643138265516e-05,19.78,-0.311
2023-10-04,0.008077047607828902,4.484262768496084e-05,18.58,-0.311
2023-10-05,-0.0013048811469964505,4.708409965274178e-05,18.49,-0.311
2023-10-06,0.01174564209396145,0.00018450011161757354,17.45,-0.3
2023-10-09,0.0062840681193883086,4.5058407219945455e-05,17.7,-0.3
2023-10-10,0.005194476099985579,4.817467201360704e-05,17.03,-0.3
2023-10-11,0.004283819500095376,2.6971301115393036e-05,16.09,-0.3
2023-10-12,-0.006266024940655868,7.631587333332964e-05,16.69,-0.3
2023-10-13,-0.005031495660219321,9.047029276114892e-05,19.32,-0.29
2023-10-16,0.010538642302590162,2.4195652932970215e-05,17.21,-0.29
2023-10-17,-9.824987944462293e-05,6.64610298826641e-05,17.88,-0.29
2023-10-18,-0.01349040825115111,5.943403824880244e-05,19.22,-0.29
2023-10-19,-0.008519032328058174,9.23749598368349e-05,21.4,-0.29
2023-10-20,-0.012665149196156023,2.650005014417246e-05,21.71,-0.285
2023-10-23,-0.0016869920654354331,0.0001235056441753706,20.37,-0.285
2023-10-24,0.007239523519629643,4.136578061432109e-05,18.97,-0.285
2023-10-25,-0.014443434657238186,2.805570645169205e-05,20.19,-0.285
2023-10-26,-0.011903081205584698,5.623436099223316e-05,20.68,-0.285
2023-10-27,-0.004811838578621774,5.352053402407858e-05,21.27,-0.284
2023-10-30,0.011938474300286828,4.0574731554495585e-05,19.75,-0.284
2023-10-31,0.006454084821687189,4.050972649141498e-05,18.14,-0.284
2023-11-01,0.010451194990192647,3.532131221330329e-05,16.87,-0.284
2023-11-02,0.018682938934086124,2.041331544823284e-05,15.66,-0.284
2023-11-03,0.009349883544551574,2.9037990629913868e-05,14.91,-0.289
2023-11-06,0.0017514577241009022,1.5962907373753042e-05,14.89,-0.289
2023-11-07,0.002836093401711537,2.1915516900500114e-05,14.81,-0.289
2023-11-08,0.001004411032420549,2.5765770517913316e-05,14.45,-0.289
2023-11-09,-0.00811669069906884,2.4809289184607798e-05,15.29,-0.289
2023-11-10,0.01549575927077207,5.6460526934014764e-05,14.17,-0.297
2023-11-13,-0.0008361884413705667,1.961501545687232e-05,14.76,-0.297
2023-11-14,0.01889537047457779,3.543423962531948e-05,14.16,-0.297
2023-11-15,0.001595738207846864,1.634019172492277e-05,14.18,-0.297
2023-11-16,0.0011897193967129738,1.2040187899361352e-05,14.32,-0.297
2023-11-17,0.001281227937178997,9.911591913006516e-06,13.8,-0.308
2023-11-20,0.007363103793794679,2.9195975499263894e-05,13.41,-0.308
2023-11-21,-0.002022975931756932,6.721060148114833e-06,13.35,-0.308
2023-11-22,0.004052905094313886,1.2924694776739635e-05,12.85,-0.308
2023-11-24,0.000596695609644371,1.130517005618459e-06,12.46,-0.319
2023-11-27,-0.001956069316898734,4.497062164505151e-06,12.69,-0.319
2023-11-28,0.0009796385280509412,1.6775684842906513e-05,12.69,-0.319
2023-11-29,-0.0009466966151023826,3.0902947840330423e-05,12.98,-0.319
2023-11-30,0.003776931264994232,2.2602068903387026e-05,12.92,-0.319
2023-12-01,0.0058565589538464025,2.479976146344558e-05,12.63,-0.33
2023-12-04,-0.005423188063826245,1.5281451726676022e-05,13.08,-0.33
2023-12-05,-0.0005690315939350654,1.5504833408121878e-05,12.85,-0.33
2023-12-06,-0.003913851944943758,2.168977973805216e-05,12.97,-0.33
2023-12-07,0.007936610684822654,1.058359903874914e-05,13.06,-0.33
2023-12-08,0.004087134146503857,1.4786291873267451e-05,12.35,-0.339
2023-12-11,0.003916813547780507,6.288829682453608e-06,12.63,-0.339
2023-12-12,0.004588812795692121,1.839149203186515e-05,12.07,-0.339
2023-12-13,0.013558345175020747,3.5502089036569675e-05,12.19,-0.339
2023-12-14,0.0026435651851546282,4.393372893411505e-05,12.48,-0.339
2023-12-15,-7.625240044895065e-05,9.340182981871775e-06,12.28,-0.348
2023-12-18,0.004518122263400315,8.898125439109914e-06,12.56,-0.348
2023-12-19,0.00584926745082015,3.404238390209147e-06,12.53,-0.348
2023-12-20,-0.01479314796530673,6.720454941517816e-05,13.67,-0.348
2023-12-21,0.01024876930727281,2.7737254205047402e-05,13.65,-0.348
2023-12-22,0.0016586821527599938,2.8924473369751677e-05,13.03,-0.357
2023-12-26,0.004222761046978718,1.0862814985787539e-05,12.99,-0.357
2023-12-27,0.0014294356164228361,4.839202946065027e-06,12.43,-0.357
2023-12-28,0.00037010611032783913,3.150437282992667e-06,12.47,-0.357
2023-12-29,-0.002830477036734891,2.6294342228049213e-05,12.45,-0.365
2024-01-02,-0.005676660799721844,2.222478205583033e-05,13.2,-0.365
2024-01-03,-0.008048618327197943,1.2550995530571608e-05,14.04,-0.365
2024-01-04,-0.0034342716633180004,3.342491826660707e-05,14.13,-0.365
2024-01-05,0.0018240216394342923,3.429559406439361e-05,13.35,-0.373
2024-01-08,0.01401594543635376,3.179390335544134e-05,13.08,-0.373
2024-01-09,-0.001478993852318311,2.3722116379174734e-05,12.76,-0.373
2024-01-10,0.005649980650495934,1.6891377433599096e-05,12.69,-0.373
2024-01-11,-0.0006712808369613299,7.393704826632436e-05,12.44,-0.373
2024-01-12,0.0007506937530337154,2.3472943830148417e-05,12.7,-0.381
2024-01-16,-0.0037383190523563314,2.663011152759662e-05,13.84,-0.381
2024-01-17,-0.005632731271107971,1.9334366935433374e-05,14.79,-0.381
2024-01-18,0.008766720726242738,3.7694011355133503e-05,14.13,-0.381
2024-01-19,0.012238308232548789,3.6613127065430514e-05,13.3,-0.388
2024-01-22,0.002191921187231216,1.2435056282289483e-05,13.19,-0.388
2024-01-23,0.0029171153407645534,9.373043680172262e-06,12.55,-0.388
2024-01-24,0.000811598976216743,2.3347200499123142e-05,13.14,-0.388
2024-01-25,0.005246578134979529,1.6491671745090225e-05,13.45,-0.388
2024-01-26,-0.0006519977554262368,1.3208763388295092e-05,13.26,-0.394
2024-01-29,0.007528365505246271,1.685082537917997e-05,13.6,-0.394
2024-01-30,-0.0006008303969800011,4.5163051945930606e-06,13.31,-0.394
2024-01-31,-0.016236851740732305,3.316030272538311e-05,14.35,-0.394
2024-02-01,0.012416286114049768,2.7062450207883993e-05,13.88,-0.394
2024-02-02,0.01062777072263188,6.405015770586983e-05,13.85,-0.401
2024-02-05,-0.0031914247092839076,2.8093875310883413e-05,13.67,-0.401
2024-02-06,0.0023077459317484283,1.0446968661726986e-05,13.06,-0.401
2024-02-07,0.008207682594008503,1.1607735417136687e-05,12.83,-0.401
2024-02-08,0.0005704205400913764,3.4350230427945416e-06,12.79,-0.401
2024-02-09,0.005725917128794222,9.825902063303842e-06,12.93,-0.408
2024-02-12,-0.0009494041426520994,1.9282479358395527e-05,13.93,-0.408
2024-02-13,-0.013768609419845035,4.972117396503408e-05,15.85,-0.408
2024-02-14,0.009534168304217161,3.372368589139628e-05,14.38,-0.408
2024-02-15,0.005804372674040437,1.115660410710985e-05,14.01,-0.408
2024-02-16,-0.0048150435759612975,2.0447432341075358e-05,14.24,-0.416
2024-02-20,-0.006023426465818105,2.7280130396596386e-05,15.42,-0.416
2024-02-21,0.001263401495103622,2.2583695019809687e-05,15.34,-0.416
2024-02-22,0.020902888666403996,2.511551019982101e-05,14.54,-0.416
2024-02-23,0.0003478870265016809,1.468159930492831e-05,13.75,-0.424
2024-02-26,-0.0037939392446677545,7.752494959374787e-06,13.74,-0.424
2024-02-27,0.0017048955387206632,1.0462952116574193e-05,13.43,-0.424
2024-02-28,-0.0016595313211116292,6.944259434479529e-06,13.84,-0.424
2024-02-29,0.00521547045579851,3.416894792884688e-05,13.4,-0.424
2024-03-01,0.007975936433387787,1.8761226530555096e-05,13.11,-0.431
2024-03-04,-0.0011939745749618424,9.578100216274997e-06,13.49,-0.431
2024-03-05,-0.010245406275918967,4.9290421935610614e-05,14.46,-0.431
2024-03-06,0.0051279328530018375,2.4313485232192435e-05,14.5,-0.431
2024-03-07,0.010251402284984223,1.73089188273695e-05,14.44,-0.431
2024-03-08,-0.006549922992050483,7.26875583652897e-05,14.74,-0.435
2024-03-11,-0.001122868268028654,2.1004617125713772e-05,15.22,-0.435
2024-03-12,0.011139512586668232,5.629630240634942e-05,13.84,-0.435
2024-03-13,-0.0019263840021217504,1.295802168455451e-05,13.75,-0.435
2024-03-14,-0.0028752210514948473,4.524648322064302e-05,14.4,-0.435
2024-03-15,-0.006504022859738612,1.958374559371181e-05,14.41,-0.436
2024-03-18,0.006298184238481497,1.6627692456994527e-05,14.33,-0.436
2024-03-19,0.005633253044342368,2.208975376081075e-05,13.82,-0.436
2024-03-20,0.008864765516360507,2.8933557443923272e-05,13.04,-0.436
2024-03-21,0.003231309094529067,5.589724007483581e-06,12.92,-0.436
2024-03-22,-0.0014031718343261446,3.824584260826323e-06,13.06,-0.434
2024-03-25,-0.0030596403820322138,3.072936605879251e-06,13.19,-0.434
2024-03-26,-0.0028037219828060955,9.425317597157304e-06,13.24,-0.434
2024-03-27,0.008593595582706115,1.5887609280652798e-05,12.78,-0.434
2024-03-28,0.0011158627007610278,5.996717853277058e-06,13.01,-0.434
2024-04-01,-0.002015614526957421,1.910949183107917e-05,13.65,-0.434
2024-04-02,-0.007265388203672174,1.0892955186602526e-05,14.61,-0.434
2024-04-03,0.0010905275233383804,1.757686989093146e-05,14.33,-0.434
2024-04-04,-0.012411035619262378,9.159787469242251e-05,16.35,-0.434
2024-04-05,0.011038050135699251,4.872410498669485e-05,16.03,-0.424
2024-04-08,-0.00037470119004190394,7.950778410677948e-06,15.19,-0.424
2024-04-09,0.0014444494736345348,7.530335650756737e-05,14.98,-0.424
2024-04-10,-0.00950198183221218,2.8899583929884046e-05,15.8,-0.424
2024-04-11,0.007417221983342159,8.972109816957432e-05,14.91,-0.424
2024-04-12,-0.014657587802247463,5.1406656570511225e-05,17.31,-0.418
2024-04-15,-0.012094195787460293,0.00014308881144059303,19.23,-0.418
2024-04-16,-0.002058624527503383,2.8640391909103928e-05,18.4,-0.418
2024-04-17,-0.005797375076005196,6.514024696112207e-05,18.21,-0.418
2024-04-18,-0.0022106017004848155,5.292397210702301e-05,18.0,-0.418
2024-04-19,-0.00879712965405588,6.34908748373492e-05,18.71,-0.413
2024-04-22,0.008693351156837892,8.791193520782739e-05,16.94,-0.413
2024-04-23,0.011893566567723113,1.9095384888032052e-05,15.69,-0.413
2024-04-24,0.00021298737793173927,3.247095204418446e-05,15.97,-0.413
2024-04-25,-0.004586934270118803,7.695681012080895e-05,15.37,-0.413
2024-04-26,0.010157381332325244,2.9663657254617587e-05,15.03,-0.411
2024-04-29,0.0031734080766394612,2.321756063259256e-05,14.67,-0.411
2024-04-30,-0.015855551118928446,4.112453316787314e-05,15.65,-0.411
2024-05-01,-0.0034413534856305716,0.00013201274722619946,15.39,-0.411
2024-05-02,0.009087024725083381,7.264857777589542e-05,14.68,-0.411
2024-05-03,0.012478557659509448,2.702648528947544e-05,13.49,-0.411
2024-05-06,0.010273173691247806,6.640775465951775e-06,13.49,-0.411
2024-05-07,0.0013425282288253015,8.395652709480572e-06,13.23,-0.411
2024-05-08,-5.835635194628708e-06,7.657626250622345e-06,13.0,-0.411
2024-05-09,0.005078032639108443,1.3568358999674951e-05,12.69,-0.411
2024-05-10,0.0016480400801661688,1.6351545409699612e-05,12.55,-0.411
2024-05-13,-0.00024133317386620945,1.0557418175931404e-05,13.6,-0.411
2024-05-14,0.004826148527454777,9.919749488064182e-06,13.42,-0.411
2024-05-15,0.011647827787300002,1.4206046313869876e-05,12.45,-0.411
2024-05-16,-0.002083837474089023,1.2908968595408812e-05,12.42,-0.411
2024-05-17,0.0011640956878942177,8.523385388373184e-06,11.99,-0.411
2024-05-20,0.0009159703084904436,9.196028330612499e-06,12.15,-0.411
2024-05-21,0.002498749766893127,5.328594303124556e-06,11.86,-0.411
2024-05-22,-0.002709791209351664,2.249051211161588e-05,12.29,-0.411
2024-05-23,-0.007408162283471853,5.6470064542550334e-05,12.77,-0.411
2024-05-24,0.006976649076673169,1.2261551012718837e-05,11.93,-0.41
2024-05-28,0.00024877090688590897,2.050902738800735e-05,12.92,-0.41
2024-05-29,-0.007394317215743129,4.960345157558708e-06,14.28,-0.41
2024-05-30,-0.0059929575357529075,1.815935343856482e-05,14.47,-0.41
2024-05-31,0.007995824231928239,0.00012690950981375512,12.92,-0.407
2024-06-03,0.0011154602235343702,8.018213750902837e-05,13.11,-0.407
2024-06-04,0.0015016810037842276,2.804663134003507e-05,13.16,-0.407
2024-06-05,0.011778015849955636,3.5075901985918056e-05,12.63,-0.407
2024-06-06,-0.0001998366016362496,1.2415528286680803e-05,12.58,-0.407
2024-06-07,-0.0011158420502788147,3.3259943130578187e-05,12.22,-0.401
2024-06-10,0.002577529978241344,1.5359577020529936e-05,12.74,-0.401
2024-06-11,0.0027067148552095688,3.471862773603084e-05,12.85,-0.401
2024-06-12,0.008467720241887022,2.2793298742309604e-05,12.04,-0.401
2024-06-13,0.002341911437117261,2.5551600584739635e-05,11.94,-0.401
2024-06-14,-0.00039393828099854034,1.3229691103575057e-05,12.66,-0.394
2024-06-17,0.007635164372320702,5.488769972502142e-05,12.75,-0.394
2024-06-18,0.0025181541815175734,4.524983645133178e-06,12.3,-0.394
2024-06-20,-0.002529127395412445,3.233550097733534e-05,13.28,-0.394
2024-06-21,-0.0015633517188238244,1.1501996453499331e-05,13.2,-0.386
2024-06-24,-0.003069879155868094,2.9228590787341827e-05,13.33,-0.386
2024-06-25,0.003925873679182956,1.0669849689605672e-05,12.84,-0.386
2024-06-26,0.0015711962247202393,1.253903171802049e-05,12.55,-0.386
2024-06-27,0.0009069098567984213,7.909941995085014e-06,12.24,-0.386
2024-06-28,-0.004092013462368982,7.722565728708631e-05,12.44,-0.379
2024-07-01,0.0026719909814296727,1.805929163953097e-05,12.22,-0.379
2024-07-02,0.006176205771184939,1.5119325085131413e-05,12.03,-0.379
2024-07-03,0.005071562269533203,5.542233990772041e-06,12.09,-0.379
2024-07-05,0.0054339743609688185,1.3561380356631417e-05,12.48,-0.373
2024-07-08,0.0010161824764054472,6.832083815626494e-06,12.37,-0.373
2024-07-09,0.0007407974780644366,3.546231873904166e-06,12.51,-0.373
2024-07-10,0.010156314878106087,1.574838123280314e-05,12.85,-0.373
2024-07-11,-0.008801649969266023,3.7536411781212665e-05,12.92,-0.373
2024-07-12,0.00550186402496422,5.9621154221689215e-05,12.46,-0.368
2024-07-15,0.002822216423354007,4.2215756821718e-05,13.12,-0.368
2024-07-16,0.0063690499714521565,8.241356843570685e-06,13.19,-0.368
2024-07-17,-0.014025441523644488,1.67520563980436e-05,14.48,-0.368
2024-07-18,-0.007847112145350721,8.340981146692613e-05,15.93,-0.368
2024-07-19,-0.007165879226405991,4.118960741447084e-05,16.52,-0.363
2024-07-22,0.010734217246220368,2.2773869941893276e-05,14.91,-0.363
2024-07-23,-0.0015593176939461273,1.7986745676715887e-05,14.72,-0.363
2024-07-24,-0.023421242222893213,4.9784801848079996e-05,18.04,-0.363
2024-07-25,-0.005155889019716753,0.0001596000111216294,18.46,-0.363
2024-07-26,0.01102942040957089,4.7272671943440766e-05,16.39,-0.359
2024-07-29,0.0008129795718279098,2.9191243006477414e-05,16.6,-0.359
2024-07-30,-0.004972514361366365,0.00010666960252906399,17.69,-0.359
2024-07-31,0.01566998070191694,5.114596263079302e-05,16.36,-0.359
2024-08-01,-0.013788123791989904,0.0002962515859489213,18.59,-0.359
2024-08-02,-0.018552906608553243,0.00010522307684626449,23.39,-0.357
2024-08-05,-0.03042704139239305,0.00030436353489443017,38.57,-0.357
2024-08-06,0.010300849493599884,0.0002396786597181317,27.71,-0.357
2024-08-07,-0.007764715388770327,0.00020644958372772335,27.85,-0.357
2024-08-08,0.022781139590899002,9.744918705130964e-05,23.79,-0.357
2024-08-09,0.004660798434381164,4.70309230671638e-05,20.37,-0.359
2024-08-12,4.3033051721153015e-05,3.758462031721126e-05,20.71,-0.359
2024-08-13,0.016707233419049672,1.6962627360041444e-05,18.12,-0.359
2024-08-14,0.003816436561198344,3.567435034332338e-05,16.19,-0.359
2024-08-15,0.016004489931304988,1.089059769260441e-05,15.23,-0.359
2024-08-16,0.0019878023683954638,1.49524147202013e-05,14.8,-0.367
2024-08-19,0.009675327436177383,2.09497143975463e-05,14.65,-0.367
2024-08-20,-0.001986527237608726,1.9112671971873167e-05,15.88,-0.367
2024-08-21,0.004230714721005668,2.296116386485238e-05,16.27,-0.367
2024-08-22,-0.00897294225665668,5.240897762329723e-05,17.55,-0.367
2024-08-23,0.011417937401663636,3.831559521416767e-05,15.86,-0.378
2024-08-26,-0.003158710169605783,3.199988254117204e-05,16.15,-0.378
2024-08-27,0.0015939251127239373,1.6129624727042925e-05,15.43,-0.378
2024-08-28,-0.005993900794734941,5.693378126299538e-05,17.11,-0.378
2024-08-29,-3.937984343771461e-05,6.0519479403876325e-05,15.65,-0.378
2024-08-30,0.01004245707914464,6.12431202434917e-05,15.0,-0.389
2024-09-03,-0.021377963372398057,0.00011885491522287552,20.72,-0.389
2024-09-04,-0.0016038290273812095,3.753347779016951e-05,21.32,-0.389
2024-09-05,-0.0030225810146742305,6.759743751818116e-05,19.9,-0.389
2024-09-06,-0.01741094450742331,0.00011383336741310488,22.38,-0.4
2024-09-09,0.011513534435817263,3.0559167304149745e-05,19.45,-0.4
2024-09-10,0.004462699977795026,5.244405360074035e-05,19.08,-0.4
2024-09-11,0.010608555649842089,0.00034943397980681203,17.69,-0.4
2024-09-12,0.007467352156803386,5.037730777916439e-05,17.07,-0.4
2024-09-13,0.005393142234355608,1.2677731296089097e-05,16.56,-0.41
2024-09-16,0.0012558408673104537,1.1822122286731867e-05,17.14,-0.41
2024-09-17,0.0002645150938960228,4.5287843733196274e-05,17.61,-0.41
2024-09-18,-0.0029006587083131308,8.057321469933472e-05,18.23,-0.41
2024-09-19,0.016834356892726277,3.265576533465672e-05,16.33,-0.41
2024-09-20,-0.0019429136300157523,2.4879679406524977e-05,16.15,-0.419
2024-09-23,0.0028053344257124024,6.3156019517604096e-06,15.89,-0.419
2024-09-24,0.0025080311033462976,1.986316129825287e-05,15.39,-0.419
2024-09-25,-0.0018629832062124763,1.1268545207973892e-05,15.41,-0.419
2024-09-26,0.004030542158199424,2.925651015822941e-05,15.37,-0.419
2024-09-27,-0.0012540029000724928,1.6656008394776984e-05,16.96,-0.425
2024-09-30,0.004227603658440771,4.2581573983545045e-05,16.73,-0.425
2024-10-01,-0.009367848694454395,6.114107891346824e-05,19.26,-0.425
2024-10-02,0.00013838132698751338,3.0535064350225626e-05,18.9,-0.425
2024-10-03,-0.0016828286544594562,2.6370694181102886e-05,20.49,-0.425
2024-10-04,0.008930255699185707,3.6517392916018836e-05,19.21,-0.43
2024-10-07,-0.009632263829388421,2.1495766714701263e-05,22.64,-0.43
2024-10-08,0.009642706804694257,1.613205735876087e-05,21.42,-0.43
2024-10-09,0.0070882310169952945,2.1477912179645086e-05,20.86,-0.43
2024-10-10,-0.0020722685059819668,1.3680759757695809e-05,20.93,-0.43
2024-10-11,0.006033608707298299,1.4555678150281948e-05,20.46,-0.433
2024-10-14,0.007678114574593664,1.5368704583278677e-05,19.7,-0.433
2024-10-15,-0.007638566037513783,3.3678027437723065e-05,20.64,-0.433
2024-10-16,0.004668232782780279,1.3843794369874997e-05,19.58,-0.433
2024-10-17,-0.00017117512853737082,8.1374722106962e-06,19.11,-0.433
2024-10-18,0.003963686942773492,9.58269389795383e-06,18.03,-0.438
2024-10-21,-0.0018244327564183038,2.5803081635655538e-05,18.37,-0.438
2024-10-22,-0.00047496666719659686,2.1808972513262736e-05,18.2,-0.438
2024-10-23,-0.009233824267679935,6.233232893926252e-05,19.24,-0.438
2024-10-24,0.002143473130557183,1.5340533466986872e-05,19.08,-0.438
2024-10-25,-0.0002994920131857981,5.4101813908735096e-05,20.33,-0.443
2024-10-28,0.0026479346267329618,4.552254017607951e-06,19.8,-0.443
2024-10-29,0.0016128259449015303,2.7875667691321852e-05,19.34,-0.443
2024-10-30,-0.003305691672489175,1.9026352574602733e-05,20.35,-0.443
2024-10-31,-0.018790134928744706,2.2487270568503065e-05,23.16,-0.443
2024-11-01,0.004084158004525662,3.641660593242531e-05,21.88,-0.449
2024-11-04,-0.0028160448131906435,2.901426474966953e-05,21.98,-0.449
2024-11-05,0.012191031029562538,1.4359926381391766e-05,20.49,-0.449
2024-11-06,0.02498128095718677,2.719187724014609e-05,16.27,-0.449
2024-11-07,0.007403754173996191,1.1562434080621815e-05,15.2,-0.449
2024-11-08,0.003749794035718068,1.3921587481098705e-05,14.94,-0.457
2024-11-11,0.0009685941909562956,1.2409355119901724e-05,14.97,-0.457
2024-11-12,-0.002896851476936746,3.053879477149449e-05,14.71,-0.457
2024-11-13,0.0002322007641417656,2.4933753086851418e-05,14.02,-0.457
2024-11-14,-0.006068108582244491,1.9586801349003446e-05,14.31,-0.457
2024-11-15,-0.013291430866793519,3.62792606299472e-05,16.14,-0.464
2024-11-18,0.003910159746206787,2.1434616062623562e-05,15.58,-0.464
2024-11-19,0.003955750520596268,4.2594904218375596e-05,16.35,-0.464
2024-11-20,2.195062133480974e-05,5.1980527484744815e-05,17.16,-0.464
2024-11-21,0.00532625184428781,8.166779811714558e-05,16.87,-0.464
2024-11-22,0.003461959591536612,4.677509125942977e-06,15.24,-0.469
2024-11-25,0.003015927820126052,4.4727857405097435e-05,14.6,-0.469
2024-11-26,0.005705697155262257,1.022949279464766e-05,14.1,-0.469
2024-11-27,-0.003808481083577675,1.4753270368656094e-05,14.1,-0.469
2024-11-29,0.005592120396801903,1.3652508173723866e-05,13.51,-0.473
2024-12-02,0.0024454638805817552,4.033910699566632e-06,13.34,-0.473
2024-12-03,0.00045134724202178234,4.273501104369908e-06,13.3,-0.473
2024-12-04,0.00603318162813693,8.162162580049688e-06,13.45,-0.473
2024-12-05,-0.0018715258393822154,4.3086040712665915e-06,13.54,-0.473
2024-12-06,0.0024923453675373963,4.5630328721301636e-06,12.77,-0.475
2024-12-09,-0.0061631672852264785,1.2049601760836118e-05,14.19,-0.475
2024-12-10,-0.0029682843142797566,1.180307098619036e-05,14.18,-0.475
2024-12-11,0.008132626411368804,8.196118240572948e-06,13.58,-0.475
2024-12-12,-0.005428731461464054,5.406224243620407e-06,13.92,-0.475
2024-12-13,-2.6466989371698446e-05,2.1907054874944946e-05,13.81,-0.477
2024-12-16,0.0037921550087851585,8.091708087251733e-06,14.69,-0.477
2024-12-17,-0.003871479480656248,6.87797841857867e-06,15.87,-0.477
2024-12-18,-0.029936505304517524,0.00024272014383460675,27.62,-0.477
2024-12-19,-0.0008654867505377695,4.607878102361224e-05,24.09,-0.477
2024-12-20,0.010810479402397988,0.00023338938677610151,18.36,-0.478
2024-12-23,0.007260849585616569,6.870416373000431e-05,16.78,-0.478
2024-12-24,0.010982233165126587,1.4810695512182395e-05,14.27,-0.478
2024-12-26,-0.00040574108825808253,2.3018418743478354e-05,14.73,-0.478
2024-12-27,-0.011117304964912478,6.177792561156677e-05,15.95,-0.482
2024-12-30,-0.010759673941729275,7.14932512688732e-05,17.4,-0.482
2024-12-31,-0.00429400645898248,3.713747059238954e-05,17.35,-0.482
