Date,rv5
2010-01-04,3.59054621206398e-05
2010-01-05,1.4446414784157472e-05
2010-01-06,1.0016016981292962e-05
2010-01-07,3.926048251745565e-05
2010-01-08,2.64227679794353e-05
2010-01-11,2.238901680985547e-05
2010-01-12,3.886633480502927e-05
2010-01-13,6.823242849488967e-05
2010-01-14,1.4333435459371044e-05
2010-01-15,6.281867674046414e-05
2010-01-19,2.2852999130630055e-05
2010-01-20,0.00010583542901793091
2010-01-21,0.0001311531902738482
2010-01-22,8.476264082230662e-05
2010-01-25,4.0177126305078516e-05
2010-01-26,7.525068017176253e-05
2010-01-27,0.00010295723418078026
2010-01-28,0.00014959440207805644
2010-01-29,0.0002005479378360357
2010-02-01,2.5239289138476664e-05
2010-02-02,6.043411643852658e-05
2010-02-03,2.8057394170365807e-05
2010-02-04,0.00012346289929875842
2010-02-05,0.0002282601372373165
2010-02-08,6.894939023837965e-05
2010-02-09,0.0001241921036733147
2010-02-10,8.94599488583502e-05
2010-02-11,0.00012173192548649379
2010-02-12,9.6046316654486e-05
2010-02-16,3.4686394882075226e-05
2010-02-17,1.2877000854159387e-05
2010-02-18,2.8667708490253527e-05
2010-02-19,5.0865092366671944e-05
2010-02-22,1.817396094265553e-05
2010-02-23,5.812153167557349e-05
2010-02-24,2.130936855857349e-05
2010-02-25,0.0001265581053310904
2010-02-26,3.793893574040452e-05
2010-03-01,1.328166940370232e-05
2010-03-02,1.8730938986505275e-05
2010-03-03,3.255409429387217e-05
2010-03-04,1.5360665091290495e-05
2010-03-05,2.3708105882534407e-05
2010-03-08,7.058337346765228e-06
2010-03-09,3.9678487052219724e-05
2010-03-10,1.6902416602306148e-05
2010-03-11,3.672357757369472e-05
2010-03-12,1.4812384945681101e-05
2010-03-15,3.341852377584957e-05
2010-03-16,1.5377239499349035e-05
2010-03-17,2.488773655655887e-05
2010-03-18,1.608534220221751e-05
2010-03-19,5.808475341350547e-05
2010-03-22,6.190948023770256e-05
2010-03-23,2.6648518417732902e-05
2010-03-24,1.107028221820191e-05
2010-03-25,8.321687786124761e-05
2010-03-26,5.6562264860961246e-05
2010-03-29,1.0019488503401242e-05
2010-03-30,2.8765556439290237e-05
2010-03-31,2.6696515090050253e-05
2010-04-01,2.848674423242298e-05
2010-04-05,8.02337641020899e-06
2010-04-06,2.5701445839779845e-05
2010-04-07,4.5268532593207113e-05
2010-04-08,5.850844517378183e-05
2010-04-09,6.916292199128699e-06
2010-04-12,6.394870530264839e-06
2010-04-13,3.613856096122091e-05
2010-04-14,1.1207825147151103e-05
2010-04-15,9.799104116007007e-06
2010-04-16,0.00010348373271287929
2010-04-19,6.293680653180924e-05
2010-04-20,1.376141303854098e-05
2010-04-21,5.036238414682641e-05
2010-04-22,0.00012990376324064937
2010-04-23,2.7300947521451785e-05
2010-04-26,1.9196900143270628e-05
2010-04-27,0.00012407073683236996
2010-04-28,4.951388530641147e-05
2010-04-29,4.061731220892054e-05
2010-04-30,5.507521248223337e-05
2010-05-03,4.5019386452228146e-05
2010-05-04,0.0001515217837941196
2010-05-05,0.00011309903918831829
2010-05-06,0.003774283798580537
2010-05-07,0.0005954199547194044
2010-05-10,0.00024530580131167085
2010-05-11,0.00019286458449796032
2010-05-12,3.696219150568096e-05
2010-05-13,6.666664104488121e-05
2010-05-14,0.00023389106266336138
2010-05-17,0.0002845383053977614
2010-05-18,0.00028776138919313024
2010-05-19,0.00021890581105386502
2010-05-20,0.00012276412490473904
2010-05-21,0.00037090662862549677
2010-05-24,8.616228335905147e-05
2010-05-25,0.0005010486558365287
2010-05-26,0.0002530839900349856
2010-05-27,9.064212194671763e-05
2010-05-28,7.673143858586443e-05
2010-06-01,0.00017291043967363699
2010-06-02,8.78569145858414e-05
2010-06-03,7.443815812183944e-05
2010-06-04,0.00024575684329961284
2010-06-07,0.0001239732800439145
2010-06-08,0.0001552812002036293
2010-06-09,0.0002692925976839012
2010-06-10,0.0001025894708112834
2010-06-11,7.110486259962166e-05
2010-06-14,0.00010895345628648819
2010-06-15,6.09854317264848e-05
2010-06-16,5.430458709887308e-05
2010-06-17,5.680089316259832e-05
2010-06-18,1.950628135884248e-05
2010-06-21,0.0001823645727215675
2010-06-22,0.00013221487276472016
2010-06-23,8.200669620652608e-05
2010-06-24,6.178734744950391e-05
2010-06-25,0.00010518234967007185
2010-06-28,5.072498026968543e-05
2010-06-29,0.0002729644717672856
2010-06-30,0.00014600673680123248
2010-07-01,0.00024084891706302922
2010-07-02,0.00012856829681964812
2010-07-06,0.00027467025678166166
2010-07-07,0.0001228987977669092
2010-07-08,5.640801616688393e-05
2010-07-09,2.5311813688009334e-05
2010-07-12,4.5349925622517215e-05
2010-07-13,7.846778010316008e-05
2010-07-14,5.429248540325454e-05
2010-07-15,0.0001371246128969249
2010-07-16,0.00012234716835114295
2010-07-19,7.443156989998955e-05
2010-07-20,0.00019930613964809312
2010-07-21,0.00014534263881439035
2010-07-22,0.00012056436283258779
2010-07-23,6.93139867045647e-05
2010-07-26,3.0390431497730523e-05
2010-07-27,4.630098472659564e-05
2010-07-28,4.011737517083477e-05
2010-07-29,0.0002048648714643204
2010-07-30,0.00013788597002034874
2010-08-02,5.2437061310032016e-05
2010-08-03,2.2676288245653692e-05
2010-08-04,2.2475909976561355e-05
2010-08-05,2.3826264749049447e-05
2010-08-06,0.00010147316205697486
2010-08-09,1.9813179957066445e-05
2010-08-10,9.580542923581189e-05
2010-08-11,9.160794709846184e-05
2010-08-12,4.149405391658344e-05
2010-08-13,1.950564618784186e-05
2010-08-16,7.325956215268516e-05
2010-08-17,0.00010907843595310277
2010-08-18,8.078863768288466e-05
2010-08-19,0.00010988413101487318
2010-08-20,5.481150614975828e-05
2010-08-23,7.894590753602147e-05
2010-08-24,7.827614695077046e-05
2010-08-25,0.000159405482290197
2010-08-26,8.740594508699457e-05
2010-08-27,0.00021262052019688357
2010-08-30,4.142156294021996e-05
2010-08-31,9.046398569640968e-05
2010-09-01,0.00012096089088094202
2010-09-02,1.0805946003361694e-05
2010-09-03,1.662271884222757e-05
2010-09-07,1.7333859019312434e-05
2010-09-08,3.5653592835581365e-05
2010-09-09,3.109894945021699e-05
2010-09-10,1.1933217342270421e-05
2010-09-13,2.152095583189776e-05
2010-09-14,5.516793232112949e-05
2010-09-15,4.5973333084424885e-05
2010-09-16,1.6905650035843683e-05
2010-09-17,3.197817733110439e-05
2010-09-20,5.151466478333925e-05
2010-09-21,5.5883679582917094e-05
2010-09-22,5.51480609383853e-05
2010-09-23,6.462456436711112e-05
2010-09-24,2.822071712808319e-05
2010-09-27,1.1519196431128339e-05
2010-09-28,0.00011463007373371436
2010-09-29,2.5543732782653058e-05
2010-09-30,0.00016228429471915672
2010-10-01,4.292868014895372e-05
2010-10-04,8.343659296903602e-05
2010-10-05,6.626432880526008e-05
2010-10-06,2.0833459235817307e-05
2010-10-07,5.438706253170849e-05
2010-10-08,4.150299776332084e-05
2010-10-11,1.6330989372313688e-05
2010-10-12,9.645407467568764e-05
2010-10-13,4.8605335558132e-05
2010-10-14,4.943705674451152e-05
2010-10-15,7.144291480933947e-05
2010-10-18,2.6085257885516065e-05
2010-10-19,8.545343081393681e-05
2010-10-20,5.835843988855667e-05
2010-10-21,0.00011962156787069167
2010-10-22,6.929201260797837e-06
2010-10-25,4.564060210346941e-05
2010-10-26,3.137431437737731e-05
2010-10-27,5.25913494711567e-05
2010-10-28,5.5041432078094194e-05
2010-10-29,1.1759372477693775e-05
2010-11-01,0.00011660253759147801
2010-11-02,1.3756250025122991e-05
2010-11-03,7.189863474792419e-05
2010-11-04,4.304533688554292e-05
2010-11-05,9.814754262269599e-06
2010-11-08,1.652567647357249e-05
2010-11-09,8.099729812268054e-05
2010-11-10,6.272734133996297e-05
2010-11-11,4.0959035519441635e-05
2010-11-12,6.736260764487388e-05
2010-11-15,3.4610887558233556e-05
2010-11-16,9.514057001316152e-05
2010-11-17,2.1505634508303725e-05
2010-11-18,5.0609640197086434e-05
2010-11-19,3.533497236117894e-05
2010-11-22,7.258146931118262e-05
2010-11-23,4.862638312906569e-05
2010-11-24,2.0000633116873392e-05
2010-11-26,1.2277457419480229e-05
2010-11-29,9.933650351241712e-05
2010-11-30,6.145097205759147e-05
2010-12-01,5.1700665095746824e-05
2010-12-02,2.032845805818722e-05
2010-12-03,1.9762349275961877e-05
2010-12-06,8.648854468255252e-06
2010-12-07,4.2931482048843035e-05
2010-12-08,2.693948239367609e-05
2010-12-09,1.830861474920258e-05
2010-12-10,9.17035839076163e-06
2010-12-13,1.2138972858358002e-05
2010-12-14,2.2950086768596227e-05
2010-12-15,2.3989653727876435e-05
2010-12-16,2.8021978687205037e-05
2010-12-17,1.1401924380758836e-05
2010-12-20,2.3892872265040922e-05
2010-12-21,6.4244758137806775e-06
2010-12-22,2.5457114678165595e-06
2010-12-23,6.388110924178734e-06
2010-12-27,1.330463317426675e-05
2010-12-28,4.1934985767169385e-06
2010-12-29,4.346992577120017e-06
2010-12-30,6.587289083975315e-06
2010-12-31,8.206909546394141e-06
2011-01-03,5.8159799800888966e-05
2011-01-04,3.900981620362868e-05
2011-01-05,3.2126510295389756e-05
2011-01-06,1.703167295268497e-05
2011-01-07,6.902954664222983e-05
2011-01-10,2.689338378100406e-05
2011-01-11,1.7090332580986535e-05
2011-01-12,1.331238519846746e-05
2011-01-13,1.08237125656292e-05
2011-01-14,1.855970715760686e-05
2011-01-18,9.661605590388659e-06
2011-01-19,3.729018583484387e-05
2011-01-20,4.4713819476721795e-05
2011-01-21,2.521371040645512e-05
2011-01-24,1.3714253173670983e-05
2011-01-25,2.9281693778315792e-05
2011-01-26,1.2968877030163939e-05
2011-01-27,1.3106672457041376e-05
2011-01-28,0.00010248034496874618
2011-01-31,1.2869929024444974e-05
2011-02-01,3.722774563580577e-05
2011-02-02,6.507507967943583e-06
2011-02-03,5.169884764339596e-05
2011-02-04,2.2145591703380444e-05
2011-02-07,2.3289472202675304e-05
2011-02-08,1.4944585960668124e-05
2011-02-09,2.6168296684829106e-05
2011-02-10,3.202044600772284e-05
2011-02-11,3.752108747414218e-05
2011-02-14,7.569013636942334e-06
2011-02-15,8.330011539375319e-06
2011-02-16,8.363270282257863e-06
2011-02-17,2.294149669779325e-05
2011-02-18,8.35759650078107e-06
2011-02-22,8.022269518909817e-05
2011-02-23,8.388849782637616e-05
2011-02-24,8.147397403168762e-05
2011-02-25,1.579337325581882e-05
2011-02-28,1.5275584571989792e-05
2011-03-01,8.273416429853539e-05
2011-03-02,3.737542012461238e-05
2011-03-03,3.684967474265506e-05
2011-03-04,7.767183644233419e-05
2011-03-07,0.000126744504171345
2011-03-08,7.701259813864864e-05
2011-03-09,3.446018509792367e-05
2011-03-10,3.9561262150762384e-05
2011-03-11,5.221125939651308e-05
2011-03-14,6.0331190262012887e-05
2011-03-15,0.00021983980505822543
2011-03-16,0.00019473397523584097
2011-03-17,5.717239849374052e-05
2011-03-18,4.754991379605124e-05
2011-03-21,4.251362760713407e-05
2011-03-22,8.465500919058577e-06
2011-03-23,7.452496778454614e-05
2011-03-24,3.576815076263368e-05
2011-03-25,2.2693086570098327e-05
2011-03-28,2.017153065744151e-05
2011-03-29,3.5783568534299316e-05
2011-03-30,1.8629226096030828e-05
2011-03-31,5.806685577990517e-06
2011-04-01,2.0705742544675547e-05
2011-04-04,1.6323296843549032e-05
2011-04-05,1.8718393233050596e-05
2011-04-06,1.9239317345377766e-05
2011-04-07,4.1805654539820236e-05
2011-04-08,6.310818116955978e-05
2011-04-11,4.129731749976832e-05
2011-04-12,3.124080899354868e-05
2011-04-13,4.270587892555281e-05
2011-04-14,5.7626273209378745e-05
2011-04-15,1.846862624160538e-05
2011-04-18,8.708541435724254e-05
2011-04-19,1.2356613101294117e-05
2011-04-20,2.4334202874061447e-05
2011-04-21,2.3596205842494884e-06
2011-04-25,9.605901552560537e-06
2011-04-26,2.1806709501987592e-05
2011-04-27,3.698520599142348e-05
2011-04-28,8.650515895071158e-06
2011-04-29,6.785052262749474e-06
2011-05-02,3.529291956131567e-05
2011-05-03,3.282277857256649e-05
2011-05-04,4.1433027528951715e-05
2011-05-05,8.127527331611556e-05
2011-05-06,9.748772510327606e-05
2011-05-09,2.4343682486637304e-05
2011-05-10,1.7186577105733706e-05
2011-05-11,5.8161622043809915e-05
2011-05-12,8.217045895165013e-05
2011-05-13,5.575823666123205e-05
2011-05-16,6.576201068178541e-05
2011-05-17,3.86135285718834e-05
2011-05-18,3.318931594604019e-05
2011-05-19,3.0086109427797173e-05
2011-05-20,1.9487846558755576e-05
2011-05-23,6.223510418960378e-05
2011-05-24,2.7443612743125107e-05
2011-05-25,5.307463597782942e-05
2011-05-26,5.129870575170441e-05
2011-05-27,1.6128851016178092e-05
2011-05-31,1.2624587230300193e-05
2011-06-01,7.534123495357982e-05
2011-06-02,4.424001037087986e-05
2011-06-03,2.9410001979162607e-05
2011-06-06,2.642505377455102e-05
2011-06-07,3.9130299606559675e-05
2011-06-08,2.2103713637082233e-05
2011-06-09,4.653835631286038e-05
2011-06-10,5.309401167594929e-05
2011-06-13,4.013893137258829e-05
2011-06-14,6.731198213346305e-05
2011-06-15,8.802939440327857e-05
2011-06-16,7.918134534507029e-05
2011-06-17,4.550700180060627e-05
2011-06-20,3.976397318443219e-05
2011-06-21,4.297949068348996e-05
2011-06-22,2.5689931633025266e-05
2011-06-23,0.00017103264382729185
2011-06-24,3.507502554448038e-05
2011-06-27,6.0387973214291365e-05
2011-06-28,1.9843754857473396e-05
2011-06-29,1.9582086624677703e-05
2011-06-30,2.159119061218284e-05
2011-07-01,6.835290400136006e-05
2011-07-05,1.1506135804381102e-05
2011-07-06,2.7533448603140084e-05
2011-07-07,3.8800730981361305e-05
2011-07-08,8.104459233570078e-05
2011-07-11,8.078566826361043e-05
2011-07-12,4.70047274004202e-05
2011-07-13,8.046970185533807e-05
2011-07-14,0.00010205245124078635
2011-07-15,1.822215244705351e-05
2011-07-18,9.27175073880343e-05
2011-07-19,4.176561611672615e-05
2011-07-20,1.1307753110275951e-05
2011-07-21,5.619824151271509e-05
2011-07-22,2.2942477667488088e-05
2011-07-25,3.870816894833347e-05
2011-07-26,1.5913008304340324e-05
2011-07-27,7.034023635413806e-05
2011-07-28,8.213562370535831e-05
2011-07-29,0.00012145281934142952
2011-08-01,0.00031239823447043235
2011-08-02,7.489005955669734e-05
2011-08-03,0.00021882536042635282
2011-08-04,0.0002937551644020764
2011-08-05,0.0008788684915323049
2011-08-08,0.0005399682015254268
2011-08-09,0.0011646751836974934
2011-08-10,0.0003376125191857203
2011-08-11,0.0008129826864195435
2011-08-12,0.00011042588911264916
2011-08-15,5.260138950709026e-05
2011-08-16,0.0001620588047069921
2011-08-17,0.000202791204688106
2011-08-18,0.0005928066106309197
2011-08-19,0.0003208877401644177
2011-08-22,0.0002317716045098219
2011-08-23,0.00012555618515357902
2011-08-24,0.00011450808969731694
2011-08-25,0.00036459158356057377
2011-08-26,0.0006740038235415965
2011-08-29,8.702067929011005e-05
2011-08-30,0.0002002304081343164
2011-08-31,0.00014420446109925466
2011-09-01,0.00016180854110778883
2011-09-02,0.0001495261719079644
2011-09-06,0.00040622613045746025
2011-09-07,8.737423914833387e-05
2011-09-08,0.00011591789222140512
2011-09-09,0.000229038102336869
2011-09-12,0.00024268827817268402
2011-09-13,0.0001022040446851155
2011-09-14,0.0004968601294579173
2011-09-15,3.058965655522111e-05
2011-09-16,7.065487444439118e-05
2011-09-19,0.00021419751108188857
2011-09-20,0.00012286750335052261
2011-09-21,0.00019727727251944607
2011-09-22,0.0006164403749050894
2011-09-23,0.00014444635050434495
2011-09-26,0.00021838902405630348
2011-09-27,0.0003394489533341499
2011-09-28,0.0002628276181368878
2011-09-29,0.0004601072630997914
2011-09-30,7.218435465784645e-05
2011-10-03,0.0003236234026886169
2011-10-04,0.0008276218891530537
2011-10-05,0.0002409621408422432
2011-10-06,0.0002277907459280308
2011-10-07,0.00013954987966382262
2011-10-10,0.00011142349837577303
2011-10-11,4.982251103019578e-05
2011-10-12,0.00016556818253635785
2011-10-13,9.620514337235158e-05
2011-10-14,2.797939235212629e-05
2011-10-17,8.244596067157164e-05
2011-10-18,0.0004301882949689919
2011-10-19,0.0001353367735055515
2011-10-20,0.000160742981354483
2011-10-21,5.141486596928064e-05
2011-10-24,4.2616006835575935e-05
2011-10-25,8.558002814387802e-05
2011-10-26,0.00016732201803086429
2011-10-27,0.00033823184734914
2011-10-28,3.0732998806757235e-05
2011-10-31,7.356100760079579e-05
2011-11-01,0.00014492189462751785
2011-11-02,8.692549369050602e-05
2011-11-03,0.00012881018270479683
2011-11-04,0.00013943004232889084
2011-11-07,0.0001248868011374064
2011-11-08,0.00010613126841614251
2011-11-09,0.0002297722076548196
2011-11-10,8.618526058230049e-05
2011-11-11,9.079415682229874e-05
2011-11-14,5.797969509026131e-05
2011-11-15,0.00011682898052484689
2011-11-16,7.564966673340034e-05
2011-11-17,0.00016028018706086916
2011-11-18,4.9725050171164175e-05
2011-11-21,0.00022973733514683513
2011-11-22,7.460389872441985e-05
2011-11-23,5.439224351820224e-05
2011-11-25,6.997102526979453e-05
2011-11-28,0.0002182875569844384
2011-11-29,4.723405142958683e-05
2011-11-30,0.00019725270071975552
2011-12-01,4.024984488613819e-05
2011-12-02,8.855987950630449e-05
2011-12-05,0.00011901524023438285
2011-12-06,5.286561660439523e-05
2011-12-07,0.00015507143067054597
2011-12-08,0.00010376575868669097
2011-12-09,7.494805672907872e-05
2011-12-12,0.0001649369275905028
2011-12-13,0.0002723662096979914
2011-12-14,3.8849683376968823e-05
2011-12-15,5.770334193568479e-05
2011-12-16,8.054138203476858e-05
2011-12-19,0.00011294851469957466
2011-12-20,0.0001325070787898713
2011-12-21,7.775346957922219e-05
2011-12-22,1.6181643623009316e-05
2011-12-23,9.841756990272552e-06
2011-12-27,1.5556758899086047e-05
2011-12-28,3.316987297714675e-05
2011-12-29,1.7117477332091095e-05
2011-12-30,7.324287523764742e-06
2012-01-03,0.00012556931629555042
2012-01-04,3.4824652240697566e-05
2012-01-05,9.413743438003598e-05
2012-01-06,1.9834990261276655e-05
2012-01-09,1.4993876406670225e-05
2012-01-10,4.426809456954694e-05
2012-01-11,2.1114441178597925e-05
2012-01-12,3.450951396504657e-05
2012-01-13,8.22352997125526e-05
2012-01-17,4.5821245856470626e-05
2012-01-18,3.950543405831127e-05
2012-01-19,6.7092069589117235e-06
2012-01-20,1.101997550118431e-05
2012-01-23,4.4202655183377266e-05
2012-01-24,2.812860665520999e-05
2012-01-25,9.261627775270271e-05
2012-01-26,9.908341110096759e-05
2012-01-27,1.926445758113605e-05
2012-01-30,6.951009382194953e-05
2012-01-31,6.246352057058969e-05
2012-02-01,6.337516869246972e-05
2012-02-02,1.615532065858001e-05
2012-02-03,2.6899245375857207e-05
2012-02-06,1.300949211984205e-05
2012-02-07,4.763715565406902e-05
2012-02-08,2.0776869676669884e-05
2012-02-09,2.4950439534836224e-05
2012-02-10,3.751417014849558e-05
2012-02-13,1.298458620486761e-05
2012-02-14,3.0115764416252338e-05
2012-02-15,5.114384534553364e-05
2012-02-16,3.6470821459512854e-05
2012-02-17,8.153372142199751e-06
2012-02-21,2.486154173099642e-05
2012-02-22,9.77874219240914e-06
2012-02-23,3.142883237501261e-05
2012-02-24,6.907911636846435e-06
2012-02-27,7.673464392974537e-05
2012-02-28,9.120303272997235e-06
2012-02-29,4.510889552985603e-05
2012-03-01,1.4250336262646928e-05
2012-03-02,1.3426532502499408e-05
2012-03-05,2.366863200454595e-05
2012-03-06,6.57528679208194e-05
2012-03-07,1.792774400668617e-05
2012-03-08,3.298024083846644e-05
2012-03-09,1.561916516138837e-05
2012-03-12,1.072452428904064e-05
2012-03-13,3.6530646870300114e-05
2012-03-14,2.240195109744368e-05
2012-03-15,1.079373183687427e-05
2012-03-16,4.420626946374065e-06
2012-03-19,2.7676011962367685e-05
2012-03-20,3.276873657116766e-05
2012-03-21,1.146391016879048e-05
2012-03-22,3.125062107559282e-05
2012-03-23,3.532417437930102e-05
2012-03-26,2.230582898469858e-05
2012-03-27,9.800351108689897e-06
2012-03-28,5.902196932773634e-05
2012-03-29,4.802800453450595e-05
2012-03-30,1.7474400275821148e-05
2012-04-02,5.878049179144443e-05
2012-04-03,4.583295492957594e-05
2012-04-04,5.260981257005719e-05
2012-04-05,1.9195675590374607e-05
2012-04-09,4.928764120108021e-05
2012-04-10,6.047982689418877e-05
2012-04-11,4.655979028617102e-05
2012-04-12,2.6745689144628938e-05
2012-04-13,2.1811749651642437e-05
2012-04-16,5.402421138564983e-05
2012-04-17,4.972937557012826e-05
2012-04-18,8.2014640049797e-06
2012-04-19,9.316445030197423e-05
2012-04-20,2.8025008796798905e-05
2012-04-23,7.647559097949315e-05
2012-04-24,1.5211231093705528e-05
2012-04-25,2.726568658397479e-05
2012-04-26,3.907198664609647e-05
2012-04-27,2.016821313602303e-05
2012-04-30,1.6281038801304525e-05
2012-05-01,8.467961943515567e-05
2012-05-02,3.2228187679051e-05
2012-05-03,3.003949950501791e-05
2012-05-04,4.384523326948e-05
2012-05-07,2.6393832193165022e-05
2012-05-08,0.00011808028028666877
2012-05-09,0.0001002932025107989
2012-05-10,3.206536136649982e-05
2012-05-11,7.165094769974943e-05
2012-05-14,2.5569608867474517e-05
2012-05-15,6.360597515149801e-05
2012-05-16,7.335825045612428e-05
2012-05-17,4.451585977377902e-05
2012-05-18,9.896879190492775e-05
2012-05-21,3.2132272093013603e-05
2012-05-22,9.772860180802576e-05
2012-05-23,0.00016892230804719442
2012-05-24,5.275526270579065e-05
2012-05-25,2.657394399904829e-05
2012-05-29,3.279254816361782e-05
2012-05-30,4.92685166408572e-05
2012-05-31,0.00012496468057375645
2012-06-01,8.421412261148197e-05
2012-06-04,7.692250976600888e-05
2012-06-05,4.134219816601594e-05
2012-06-06,5.8602846021608664e-05
2012-06-07,7.649966518388149e-05
2012-06-08,6.861945896612178e-05
2012-06-11,0.0001583333282155391
2012-06-12,4.1755736678614434e-05
2012-06-13,6.230380198201468e-05
2012-06-14,6.42271084507217e-05
2012-06-15,1.5584695274133106e-05
2012-06-18,5.1426585260634544e-05
2012-06-19,5.806406598521043e-05
2012-06-20,6.119148756281658e-05
2012-06-21,0.0001261777930509495
2012-06-22,2.1843845896292754e-05
2012-06-25,8.910876338846248e-05
2012-06-26,4.82428660562089e-05
2012-06-27,2.5918428063274583e-05
2012-06-28,9.368011427006684e-05
2012-06-29,6.459610933178003e-05
2012-07-02,2.8515693853845135e-05
2012-07-03,1.9858751636079222e-05
2012-07-05,2.3565106010581216e-05
2012-07-06,6.643869910954119e-05
2012-07-09,1.7495853689821123e-05
2012-07-10,0.0001473876522580847
2012-07-11,3.849488595610342e-05
2012-07-12,6.172327195606741e-05
2012-07-13,4.1598948045195805e-05
2012-07-16,1.919468743496696e-05
2012-07-17,9.119757260468951e-05
2012-07-18,5.361364117261304e-05
2012-07-19,1.975762182233118e-05
2012-07-20,1.5176915490239964e-05
2012-07-23,0.00013915064204942566
2012-07-24,0.00010641486693174247
2012-07-25,4.3471532506505834e-05
2012-07-26,6.943044909611615e-05
2012-07-27,8.702732552870075e-05
2012-07-30,2.7885329035742786e-05
2012-07-31,9.52711775134897e-06
2012-08-01,3.260239099526736e-05
2012-08-02,9.145878567178511e-05
2012-08-03,8.3825660505112e-05
2012-08-06,1.6922744456485737e-05
2012-08-07,3.158562052058899e-05
2012-08-08,1.617165730728565e-05
2012-08-09,1.2939747631726184e-05
2012-08-10,2.5228362851656778e-05
2012-08-13,1.800032517807429e-05
2012-08-14,2.247786595814068e-05
2012-08-15,8.293320955117777e-06
2012-08-16,2.518680817675418e-05
2012-08-17,3.030413133443913e-06
2012-08-20,9.003387911313024e-06
2012-08-21,5.74266627565973e-05
2012-08-22,2.186343693906978e-05
2012-08-23,1.7243466070174026e-05
2012-08-24,4.38509590334031e-05
2012-08-27,1.2396513400086813e-05
2012-08-28,1.601385800385418e-05
2012-08-29,1.3426594495624439e-05
2012-08-30,2.136362030641066e-05
2012-08-31,4.218502641820011e-05
2012-09-04,4.079676095194018e-05
2012-09-05,1.4035280071627421e-05
2012-09-06,4.555398289182922e-05
2012-09-07,3.8584805739478054e-06
2012-09-10,8.475918855032657e-06
2012-09-11,1.4422708841506347e-05
2012-09-12,7.511779933746666e-06
2012-09-13,9.110610949211643e-05
2012-09-14,4.256191543855409e-05
2012-09-17,1.2052422727392288e-05
2012-09-18,6.066223160839538e-06
2012-09-19,1.193664850804091e-05
2012-09-20,2.975403763030165e-05
2012-09-21,1.3339350923924517e-05
2012-09-24,1.618230818742526e-05
2012-09-25,6.776613891899577e-05
2012-09-26,1.68937955264891e-05
2012-09-27,3.2798373150766485e-05
2012-09-28,2.426315769026575e-05
2012-10-01,6.041416320559721e-05
2012-10-02,3.7355606070293904e-05
2012-10-03,3.163751710994147e-05
2012-10-04,1.4851380151079839e-05
2012-10-05,4.614747993581555e-05
2012-10-08,9.808454787048619e-06
2012-10-09,1.3359010702643292e-05
2012-10-10,1.9309963066319395e-05
2012-10-11,2.9670417377745828e-05
2012-10-12,3.7168573095427736e-05
2012-10-15,2.380440989618805e-05
2012-10-16,1.5755824120347174e-05
2012-10-17,1.02897720189873e-05
2012-10-18,2.81496315838647e-05
2012-10-19,7.345919259081973e-05
2012-10-22,4.391064710786859e-05
2012-10-23,8.86624637451028e-05
2012-10-24,3.805772368405844e-05
2012-10-25,6.191601281263257e-05
2012-10-26,4.7746723021944595e-05
2012-10-31,4.086759852954669e-05
2012-11-01,1.9268909504221304e-05
2012-11-02,7.826343857485955e-05
2012-11-05,3.261997936534445e-05
2012-11-06,4.031845551168092e-05
2012-11-07,0.00018532754412326004
2012-11-08,8.748967269362806e-05
2012-11-09,8.714750374668413e-05
2012-11-12,1.5457162673508156e-05
2012-11-13,7.350313107489567e-05
2012-11-14,0.00012845781355162278
2012-11-15,4.21604082275413e-05
2012-11-16,8.643219898418615e-05
2012-11-19,4.3981990129611206e-05
2012-11-20,4.214149029661055e-05
2012-11-21,4.022173818900453e-06
2012-11-23,1.9137720724836775e-05
2012-11-26,3.180405834101378e-05
2012-11-27,1.9993428059205313e-05
2012-11-28,0.00013400671516750238
2012-11-29,2.1459926688332318e-05
2012-11-30,1.3038970039394192e-05
2012-12-03,4.8980144943705586e-05
2012-12-04,2.157031883675153e-05
2012-12-05,7.489924736424175e-05
2012-12-06,1.2234869975832617e-05
2012-12-07,1.896380201325177e-05
2012-12-10,8.89968721050435e-06
2012-12-11,4.426914378132819e-05
2012-12-12,3.4013900079358845e-05
2012-12-13,4.266701357828853e-05
2012-12-14,7.663076066681131e-06
2012-12-17,1.849745517889737e-05
2012-12-18,2.4465886952714735e-05
2012-12-19,1.1929818896977176e-05
2012-12-20,1.7041215845227567e-05
2012-12-21,7.408696001016205e-05
2012-12-24,5.09036200076697e-06
2012-12-26,3.277423492511274e-05
2012-12-27,0.00010997883734180257
2012-12-28,2.095976652617596e-05
2012-12-31,9.642460315997055e-05
2013-01-02,7.172818977240158e-05
2013-01-03,2.147614964385569e-05
2013-01-04,9.601356320984537e-06
2013-01-07,1.8930449200936457e-05
2013-01-08,2.0679516258811626e-05
2013-01-09,1.0742304678909533e-05
2013-01-10,7.446796030538506e-06
2013-01-11,6.182526179107615e-06
2013-01-14,9.039285173732848e-06
2013-01-15,2.0647893069857684e-05
2013-01-16,9.333455516399916e-06
2013-01-17,2.3661028894672532e-05
2013-01-18,1.9139631023773742e-05
2013-01-22,2.185201169900247e-05
2013-01-23,7.829424922869844e-06
2013-01-24,3.666844971658016e-05
2013-01-25,4.457469230809186e-06
2013-01-28,9.259216620976193e-06
2013-01-29,1.801613526734495e-05
2013-01-30,1.54325145040113e-05
2013-01-31,9.715141306739072e-06
2013-02-01,1.99051218007891e-05
2013-02-04,2.077683604787819e-05
2013-02-05,4.028491177593131e-05
2013-02-06,1.3318427761257332e-05
2013-02-07,4.453514594964272e-05
2013-02-08,5.06308131885183e-06
2013-02-11,4.664226672226222e-06
2013-02-12,8.688886006608767e-06
2013-02-13,1.646446648255447e-05
2013-02-14,1.7849621669531915e-05
2013-02-15,2.1677517103150314e-05
2013-02-19,6.075477946895428e-06
2013-02-20,2.2236351577937473e-05
2013-02-21,3.2022160093242576e-05
2013-02-22,8.905289357003588e-06
2013-02-25,0.00018593315447763888
2013-02-26,2.9567668605485724e-05
2013-02-27,7.79552282554612e-05
2013-02-28,2.5332672698054098e-05
2013-03-01,7.29802916992173e-05
2013-03-04,2.8345800763882456e-05
2013-03-05,3.5881307430665246e-05
2013-03-06,1.0270749865642582e-05
2013-03-07,2.6439342401457285e-06
2013-03-08,1.1274981065547302e-05
2013-03-11,1.2370178313815667e-05
2013-03-12,1.285763481752504e-05
2013-03-13,1.308249230867412e-05
2013-03-14,3.872925716215866e-06
2013-03-15,1.176548626190618e-05
2013-03-18,3.846958500726992e-05
2013-03-19,7.054658156406582e-05
2013-03-20,1.892950161547471e-05
2013-03-21,2.1040599846661144e-05
2013-03-22,9.721394429855406e-06
2013-03-25,6.785757905242127e-05
2013-03-26,7.737069880073503e-06
2013-03-27,3.0380644345337066e-05
2013-03-28,1.095293467998373e-05
2013-04-01,2.216377428556444e-05
2013-04-02,1.6570406221846954e-05
2013-04-03,5.2982695247752526e-05
2013-04-04,1.4635347477657787e-05
2013-04-05,8.016571375315086e-05
2013-04-08,2.7757864252692048e-05
2013-04-09,2.9470755525738737e-05
2013-04-10,2.726651543395978e-05
2013-04-11,1.9808694356576486e-05
2013-04-12,3.227098285179455e-05
2013-04-15,6.254554432779717e-05
2013-04-16,3.0104832979351248e-05
2013-04-17,0.00011569933152355159
2013-04-18,5.298461750474923e-05
2013-04-19,2.6788652602831487e-05
2013-04-22,5.3814232625892816e-05
2013-04-23,1.759529930779343e-05
2013-04-24,1.0390720935473399e-05
2013-04-25,3.13827172954699e-05
2013-04-26,1.219130622388074e-05
2013-04-29,2.106925247824448e-05
2013-04-30,2.175898454265481e-05
2013-05-01,1.8702171135562852e-05
2013-05-02,1.5966048893674715e-05
2013-05-03,4.1771137770794526e-05
2013-05-06,4.490128376173936e-06
2013-05-07,6.382999725572673e-06
2013-05-08,1.2564421005927374e-05
2013-05-09,2.149976603080764e-05
2013-05-10,1.1668311518544282e-05
2013-05-13,1.5705753817322182e-05
2013-05-14,1.636441049867651e-05
2013-05-15,2.693344695757706e-05
2013-05-16,1.775494259383161e-05
2013-05-17,9.309657383934379e-06
2013-05-20,1.5559946632627772e-05
2013-05-21,2.5769494146785593e-05
2013-05-22,0.00023635617803743664
2013-05-23,7.346846722304859e-05
2013-05-24,2.959020147901411e-05
2013-05-28,7.638167130755196e-05
2013-05-29,4.068895788574143e-05
2013-05-30,2.8348872223339582e-05
2013-05-31,8.189151307140583e-05
2013-06-03,4.789730357219832e-05
2013-06-04,8.554912289699692e-05
2013-06-05,3.443691733969991e-05
2013-06-06,8.80813603358238e-05
2013-06-07,2.103033491918083e-05
2013-06-10,1.595663685399633e-05
2013-06-11,3.294747147949903e-05
2013-06-12,9.141711287700051e-05
2013-06-13,9.857463909771179e-05
2013-06-14,4.1995438130744934e-05
2013-06-17,3.8443594369337335e-05
2013-06-18,1.7654534302277546e-05
2013-06-19,2.7645783379050265e-05
2013-06-20,0.00011678901399775105
2013-06-21,8.93023484827032e-05
2013-06-24,0.00012513198086835036
2013-06-25,3.844434811782381e-05
2013-06-26,2.3152114307234828e-05
2013-06-27,2.887943743302187e-05
2013-06-28,3.92924332780889e-05
2013-07-01,5.0098731663061904e-05
2013-07-02,5.8598585551345405e-05
2013-07-03,3.7619360986721506e-05
2013-07-05,3.1542471578079745e-05
2013-07-08,1.478536821912726e-05
2013-07-09,1.0797243298186014e-05
2013-07-10,1.9108832238435807e-05
2013-07-11,2.3316442148728226e-05
2013-07-12,7.657920671168299e-06
2013-07-15,6.595012151238374e-06
2013-07-16,1.9431297352274748e-05
2013-07-17,7.042425484937161e-06
2013-07-18,1.6176655574053894e-05
2013-07-19,6.480605085411991e-06
2013-07-22,8.22176450203627e-06
2013-07-23,7.766883926470731e-06
2013-07-24,2.9898847150539006e-05
2013-07-25,1.735067552756007e-05
2013-07-26,4.158083251978482e-05
2013-07-29,1.1055243559510025e-05
2013-07-30,1.983725426187634e-05
2013-07-31,3.123604819450825e-05
2013-08-01,1.8069704762756163e-05
2013-08-02,1.2210076491392627e-05
2013-08-05,5.459116413147149e-06
2013-08-06,1.7588774508570757e-05
2013-08-07,1.629927270820405e-05
2013-08-08,2.196101329163784e-05
2013-08-09,2.838484023154601e-05
2013-08-12,1.1471391601425546e-05
2013-08-13,3.3601203896765864e-05
2013-08-14,1.0248611185474161e-05
2013-08-15,3.29910703888085e-05
2013-08-16,1.7885682854585284e-05
2013-08-19,2.0610122913268228e-05
2013-08-20,2.583060628772577e-05
2013-08-21,4.795360066307265e-05
2013-08-22,1.8443315014582053e-05
2013-08-23,1.6500942192914754e-05
2013-08-26,2.500922350289778e-05
2013-08-27,3.271241466320016e-05
2013-08-28,3.1971612994595794e-05
2013-08-29,4.1762509794773376e-05
2013-08-30,2.2040699832452947e-05
2013-09-03,5.755725071923233e-05
2013-09-04,4.007112941409902e-05
2013-09-05,6.326246736847095e-06
2013-09-06,0.0001065677612447993
2013-09-09,1.2835209826819272e-05
2013-09-10,3.494158821339595e-06
2013-09-11,1.0278830479612866e-05
2013-09-12,6.7320839243543605e-06
2013-09-13,6.277292106446453e-06
2013-09-16,2.5752006843164985e-05
2013-09-17,3.882781833426279e-06
2013-09-18,9.253128239260232e-05
2013-09-19,1.2433552009646255e-05
2013-09-20,2.4688331842381693e-05
2013-09-23,2.3176312701717116e-05
2013-09-24,2.440888517534514e-05
2013-09-25,1.3076749345704973e-05
2013-09-26,1.71268919654196e-05
2013-09-27,1.0448734528612244e-05
2013-09-30,2.2196640424273026e-05
2013-10-01,1.526510369871414e-05
2013-10-02,3.16348196144469e-05
2013-10-03,6.004512651474512e-05
2013-10-04,1.8942059128890192e-05
2013-10-07,1.0810457343839892e-05
2013-10-08,2.5255847350520494e-05
2013-10-09,4.671364583767152e-05
2013-10-10,4.059369234300989e-05
2013-10-11,1.9027597925550857e-05
2013-10-14,4.76447136591031e-05
2013-10-15,2.570513665616663e-05
2013-10-16,1.8790484116457535e-05
2013-10-17,4.104435932805998e-05
2013-10-18,7.398620682610285e-06
2013-10-21,8.294513467018031e-06
2013-10-22,1.841425606659093e-05
2013-10-23,1.8332233967291708e-05
2013-10-24,8.975469371699824e-06
2013-10-25,7.038915555040842e-06
2013-10-28,7.734285547783738e-06
2013-10-29,3.3677652792002785e-06
2013-10-30,4.1892065279934654e-05
2013-10-31,2.0825490732826606e-05
2013-11-01,2.6101463866548305e-05
2013-11-04,5.822305296341353e-06
2013-11-05,1.956485120471597e-05
2013-11-06,1.0211275000812306e-05
2013-11-07,6.0110036471296935e-05
2013-11-08,2.4867025626412143e-05
2013-11-11,4.5245681422192e-06
2013-11-12,1.4012490416347766e-05
2013-11-13,3.452144035489403e-05
2013-11-14,1.2558957859281698e-05
2013-11-15,2.0902513830374148e-06
2013-11-18,2.5490549125038397e-05
2013-11-19,1.7137129790084217e-05
2013-11-20,4.543228202549203e-05
2013-11-21,1.0686913510726284e-05
2013-11-22,9.082515303824561e-06
2013-11-25,6.926454577316123e-06
2013-11-26,8.98368898440446e-06
2013-11-27,2.9730219441766654e-06
2013-11-29,1.301617606507149e-05
2013-12-02,1.6239891763201902e-05
2013-12-03,2.0384764015002495e-05
2013-12-04,6.696017813069273e-05
2013-12-05,6.6107528367066685e-06
2013-12-06,1.4896658010356991e-05
2013-12-09,3.757003097632047e-06
2013-12-10,4.092719926867979e-06
2013-12-11,3.082971461771293e-05
2013-12-12,1.344033869764559e-05
2013-12-13,1.0497949582838623e-05
2013-12-16,2.411558470781199e-05
2013-12-17,1.1244828903272131e-05
2013-12-18,0.0001878843195554078
2013-12-19,1.3878498354331868e-05
2013-12-20,2.0222154172096578e-05
2013-12-23,4.0129424947270816e-06
2013-12-24,9.530204592785911e-07
2013-12-26,3.4848119678222716e-06
2013-12-27,3.5208654898711324e-06
2013-12-30,2.0021514928416215e-06
2013-12-31,3.5017174045355924e-06
2014-01-02,2.6651932925469552e-05
2014-01-03,1.1951670618339507e-05
2014-01-06,2.3374241161692704e-05
2014-01-07,9.611700573802648e-06
2014-01-08,1.1005740237130226e-05
2014-01-09,2.4384523133299133e-05
2014-01-10,1.6404481423911784e-05
2014-01-13,6.0416657404119835e-05
2014-01-14,1.2420195124807262e-05
2014-01-15,8.616964806456043e-06
2014-01-16,8.194759343623716e-06
2014-01-17,1.3762443079845791e-05
2014-01-21,4.143140547083903e-05
2014-01-22,5.274116577414649e-06
2014-01-23,5.175418081938785e-05
2014-01-24,4.674494669442404e-05
2014-01-27,7.293565664393736e-05
2014-01-28,2.148090066164216e-05
2014-01-29,3.0282879514240265e-05
2014-01-30,3.7879848423865344e-05
2014-01-31,6.519549071250492e-05
2014-02-03,0.00012156382366993918
2014-02-04,1.9898406142791864e-05
2014-02-05,5.194462379921143e-05
2014-02-06,1.9461469575625578e-05
2014-02-07,2.2492406213131723e-05
2014-02-10,8.61338111477513e-06
2014-02-11,3.7558267854398826e-05
2014-02-12,1.678726428590294e-05
2014-02-13,4.0571513842768196e-05
2014-02-14,2.6473014119952842e-05
2014-02-18,8.792873823413789e-06
2014-02-19,5.047850433091339e-05
2014-02-20,3.656026643756735e-05
2014-02-21,1.3705555951204173e-05
2014-02-24,5.708143814998673e-05
2014-02-25,2.299534163562803e-05
2014-02-26,2.1033455705718095e-05
2014-02-27,1.633792572813162e-05
2014-02-28,5.730681422304796e-05
2014-03-03,6.315535892076114e-05
2014-03-04,3.7154899297097636e-05
2014-03-05,4.176978413218879e-06
2014-03-06,7.644268752331828e-06
2014-03-07,2.399416299666517e-05
2014-03-10,1.667425655766342e-05
2014-03-11,3.617279403464766e-05
2014-03-12,2.7819640904282583e-05
2014-03-13,9.556455304266251e-05
2014-03-14,2.2538035412567718e-05
2014-03-17,2.6401440431788313e-05
2014-03-18,1.1890570210549513e-05
2014-03-19,6.698845297553974e-05
2014-03-20,3.542202571732276e-05
2014-03-21,5.2826880544579646e-05
2014-03-24,6.905345439325194e-05
2014-03-25,3.2232517966656104e-05
2014-03-26,5.49317570111436e-05
2014-03-27,2.535994102207532e-05
2014-03-28,3.329767517782522e-05
2014-03-31,1.7530189113907836e-05
2014-04-01,5.358250702503127e-06
2014-04-02,1.0342476167641877e-05
2014-04-03,1.6669678519419144e-05
2014-04-04,9.432909394242266e-05
2014-04-07,3.4095691064073924e-05
2014-04-08,3.9973452716591305e-05
2014-04-09,1.5427744230981787e-05
2014-04-10,8.015602429620793e-05
2014-04-11,3.8399392632064186e-05
2014-04-14,3.28389106888724e-05
2014-04-15,9.957691407201541e-05
2014-04-16,8.787614077211131e-06
2014-04-17,2.292297234955435e-05
2014-04-21,6.7603515645629565e-06
2014-04-22,1.6154107751382034e-05
2014-04-23,3.1483088855920506e-06
2014-04-24,2.5868175199068842e-05
2014-04-25,2.3855446322017936e-05
2014-04-28,9.814610797314162e-05
2014-04-29,7.438390895045328e-06
2014-04-30,1.7039090994676106e-05
2014-05-01,1.5635228575729215e-05
2014-05-02,2.1280423442745494e-05
2014-05-05,4.6926424239364014e-05
2014-05-06,8.242641982898716e-06
2014-05-07,4.155965147008308e-05
2014-05-08,5.086152696497562e-05
2014-05-09,1.788746340669959e-05
2014-05-12,1.1067325926406951e-05
2014-05-13,5.12286864089692e-06
2014-05-14,1.0061652582104444e-05
2014-05-15,6.187904993878394e-05
2014-05-16,2.097129214764828e-05
2014-05-19,1.8369401679789124e-05
2014-05-20,2.3901377165548566e-05
2014-05-21,1.0205646700923239e-05
2014-05-22,1.4738358335445867e-05
2014-05-23,3.1760875997495094e-06
2014-05-27,4.0878927047414444e-06
2014-05-28,6.600728812191918e-06
2014-05-29,4.850209351822974e-06
2014-05-30,6.306906980016438e-06
2014-06-02,1.315450535554633e-05
2014-06-03,5.195377385047011e-06
2014-06-04,1.1173137624984e-05
2014-06-05,3.266299171144475e-05
2014-06-06,1.4839864822215986e-06
2014-06-09,8.705873517833555e-06
2014-06-10,5.078386167099411e-06
2014-06-11,8.348793774811438e-06
2014-06-12,2.3189597475843836e-05
2014-06-13,9.396223096816838e-06
2014-06-16,1.3097121235717288e-05
2014-06-17,1.1273538780356479e-05
2014-06-18,2.419675285143452e-05
2014-06-19,7.1730255376530535e-06
2014-06-20,2.3317321305804445e-06
2014-06-23,3.047778404328876e-06
2014-06-24,3.67573834771398e-05
2014-06-25,1.2654295437229847e-05
2014-06-26,2.9591450776232244e-05
2014-06-27,9.320017248750143e-06
2014-06-30,4.679435825859555e-06
2014-07-01,2.2036732322758014e-05
2014-07-02,1.903920015081671e-06
2014-07-03,3.016504306111566e-06
2014-07-07,6.881720558371574e-06
2014-07-08,2.1002957180280823e-05
2014-07-09,4.602284651075771e-06
2014-07-10,3.707891461133235e-05
2014-07-11,1.0264452717380875e-05
2014-07-14,7.595622794225364e-06
2014-07-15,3.622774100054948e-05
2014-07-16,6.0365203434911575e-06
2014-07-17,4.20057559060783e-05
2014-07-18,1.9238278421663055e-05
2014-07-21,1.494597598928064e-05
2014-07-22,8.168483279861109e-06
2014-07-23,5.5658990944450225e-06
2014-07-24,3.96429234886097e-06
2014-07-25,9.498557738100234e-06
2014-07-28,2.58559899797655e-05
2014-07-29,1.8326797756758765e-05
2014-07-30,3.398776050765748e-05
2014-07-31,3.5608275425479273e-05
2014-08-01,5.702901512051937e-05
2014-08-04,4.736904605927209e-05
2014-08-05,4.170079969620174e-05
2014-08-06,3.584745264829867e-05
2014-08-07,6.00467789998224e-05
2014-08-08,2.679799463635675e-05
2014-08-11,1.6236737504355636e-05
2014-08-12,1.6846996329068863e-05
2014-08-13,9.079050699571295e-06
2014-08-14,1.9049481486414156e-06
2014-08-15,6.515310385324094e-05
2014-08-18,6.143008203448458e-06
2014-08-19,4.60362634473242e-06
2014-08-20,1.1483140655565071e-05
2014-08-21,4.947721855544384e-06
2014-08-22,8.02173526089591e-06
2014-08-25,9.364087961749532e-06
2014-08-26,4.993378103559412e-06
2014-08-27,4.397180340830174e-06
2014-08-28,8.059629586974025e-06
2014-08-29,7.200373413277913e-06
2014-09-02,1.5560631551861894e-05
2014-09-03,1.4672452480331542e-05
2014-09-04,4.174367709271301e-05
2014-09-05,2.972755612995789e-05
2014-09-08,1.3662446560945932e-05
2014-09-09,1.919715324448241e-05
2014-09-10,1.8439389792302647e-05
2014-09-11,1.5258225091455122e-05
2014-09-12,2.2120718183169732e-05
2014-09-15,9.26837157010057e-06
2014-09-16,3.9686465333582985e-05
2014-09-17,3.7489126707489105e-05
2014-09-18,4.070020922895398e-06
2014-09-19,1.9286801402907358e-05
2014-09-22,1.972478140789497e-05
2014-09-23,1.0394929161558516e-05
2014-09-24,3.476471184724844e-05
2014-09-25,2.842258579843746e-05
2014-09-26,2.4576899316968435e-05
2014-09-29,3.8056811656821434e-05
2014-09-30,3.0142884935528417e-05
2014-10-01,5.102578613649017e-05
2014-10-02,9.189078878906349e-05
2014-10-03,2.987391524370781e-05
2014-10-06,4.594286916469577e-05
2014-10-07,2.3920449843059668e-05
2014-10-08,0.00015553173930035047
2014-10-09,5.3574503872541075e-05
2014-10-10,8.953818687121239e-05
2014-10-13,9.763502485100923e-05
2014-10-14,0.00010191354932675747
2014-10-15,0.0004045699873192879
2014-10-16,0.00023884171486250705
2014-10-17,0.00010374012675513387
2014-10-20,3.565196403897824e-05
2014-10-21,4.1379589140777434e-05
2014-10-22,4.651018392649303e-05
2014-10-23,8.605260363452863e-05
2014-10-24,3.0188770611945254e-05
2014-10-27,2.2786059519942975e-05
2014-10-28,1.2750978843796841e-05
2014-10-29,6.365592790956602e-05
2014-10-30,5.446103421678199e-05
2014-10-31,8.577577048887585e-06
2014-11-03,1.423760290622236e-05
2014-11-04,2.6465350928199584e-05
2014-11-05,4.228069139481782e-06
2014-11-06,2.4448588481218305e-05
2014-11-07,1.0232742921078285e-05
2014-11-10,5.1463829178499876e-06
2014-11-11,4.129008139330937e-06
2014-11-12,8.445990151933871e-06
2014-11-13,2.9814671077138682e-05
2014-11-14,5.927794374963223e-06
2014-11-17,8.06515844363851e-06
2014-11-18,1.556980464177813e-05
2014-11-19,1.599512909892048e-05
2014-11-20,1.6909644457997533e-05
2014-11-21,2.2074703292831672e-05
2014-11-24,1.33940428131258e-06
2014-11-25,9.569163694835406e-06
2014-11-26,2.494300952427489e-06
2014-11-28,8.660183692412947e-06
2014-12-01,1.7163060671162452e-05
2014-12-02,1.1612468701176517e-05
2014-12-03,6.5425727434207185e-06
2014-12-04,2.5993292121210125e-05
2014-12-05,8.105280475803774e-06
2014-12-08,3.5173107674555304e-05
2014-12-09,8.235062083765873e-05
2014-12-10,4.44836654425842e-05
2014-12-11,8.629805375435205e-05
2014-12-12,3.5341762872231544e-05
2014-12-15,0.00014285792104308596
2014-12-16,0.00022772886804263204
2014-12-17,8.323219809931677e-05
2014-12-18,4.877097556114986e-05
2014-12-19,2.467213040500174e-05
2014-12-22,2.744973043358454e-06
2014-12-23,5.538438344255342e-06
2014-12-24,3.5706464971589916e-06
2014-12-26,6.315308621155102e-06
2014-12-29,6.2014073712571865e-06
2014-12-30,3.3514196739313994e-06
2014-12-31,4.045514766606029e-05
2015-01-02,8.164343322988651e-05
2015-01-05,5.936040967447998e-05
2015-01-06,0.00014027889523961952
2015-01-07,3.173392539387364e-05
2015-01-08,4.192657609048901e-05
2015-01-09,4.913182792402708e-05
2015-01-12,5.6400819485419263e-05
2015-01-13,0.0002799508398018919
2015-01-14,0.00010698475826795788
2015-01-15,6.811674953605172e-05
2015-01-16,5.930106840944572e-05
2015-01-20,7.319042252918496e-05
2015-01-21,7.061540317746835e-05
2015-01-22,9.815281125574122e-05
2015-01-23,6.9252758880182775e-06
2015-01-26,2.8931990502621558e-05
2015-01-27,6.326690269133016e-05
2015-01-28,0.00011912630026363706
2015-01-29,0.00012237100915421682
2015-01-30,5.4224011593995866e-05
2015-02-02,0.00015144751375869534
2015-02-03,2.224225612030927e-05
2015-02-04,3.380692130548103e-05
2015-02-05,1.4573624681893396e-05
2015-02-06,5.4984443570782895e-05
2015-02-09,2.0121767323843895e-05
2015-02-10,2.4667304668819693e-05
2015-02-11,2.811425590946163e-05
2015-02-12,9.215241481981152e-06
2015-02-13,6.248591266728538e-06
2015-02-17,1.3744177562424442e-05
2015-02-18,7.405480328744437e-06
2015-02-19,1.4344678664935776e-05
2015-02-20,5.8001965725230025e-05
2015-02-23,5.5979226862905574e-06
2015-02-24,1.2807466392205476e-05
2015-02-25,1.034094109156901e-05
2015-02-26,1.0712761269452619e-05
2015-02-27,5.55234155435245e-06
2015-03-02,6.206424322742227e-06
2015-03-03,2.897589122823287e-05
2015-03-04,1.2448304066867473e-05
2015-03-05,8.699843389662912e-06
2015-03-06,5.223652590750967e-05
2015-03-09,1.01140930121451e-05
2015-03-10,2.7400270353837098e-05
2015-03-11,1.1074859944724717e-05
2015-03-12,1.9369857406171422e-05
2015-03-13,5.3562213160459715e-05
2015-03-16,1.9074399380550855e-05
2015-03-17,2.4430296785304247e-05
2015-03-18,0.00017652202567873553
2015-03-19,1.187580936680794e-05
2015-03-20,3.5308066004434836e-05
2015-03-23,1.1135492884044758e-05
2015-03-24,1.5925511291811035e-05
2015-03-25,6.109645641033955e-05
2015-03-26,5.411501638915753e-05
2015-03-27,8.99856480467353e-06
2015-03-30,2.7731939234453486e-05
2015-03-31,1.0174613546522173e-05
2015-04-01,3.802822754809019e-05
2015-04-02,2.150655147585613e-05
2015-04-06,8.5852111151944e-05
2015-04-07,1.988285502756584e-05
2015-04-08,1.8522799709468487e-05
2015-04-09,3.297565734675107e-05
2015-04-10,4.229290231059837e-06
2015-04-13,1.85158326751061e-05
2015-04-14,2.5936468172894126e-05
2015-04-15,1.562045609200014e-05
2015-04-16,1.4266829540145609e-05
2015-04-17,6.429485638575631e-05
2015-04-20,2.14218339512157e-05
2015-04-21,2.367339349668928e-05
2015-04-22,3.2408587854542434e-05
2015-04-23,3.071559178219156e-05
2015-04-24,5.29232743649363e-06
2015-04-27,3.049276459795324e-05
2015-04-28,4.6895702908305154e-05
2015-04-29,2.698484090197762e-05
2015-04-30,5.3938926749280884e-05
2015-05-01,1.1865283691228247e-05
2015-05-04,1.126686073880182e-05
2015-05-05,3.419170956736714e-05
2015-05-06,9.615355745122742e-05
2015-05-07,3.118114399377816e-05
2015-05-08,2.342269904697028e-05
2015-05-11,1.0204769142300223e-05
2015-05-12,4.2030786829650414e-05
2015-05-13,2.251965665087091e-05
2015-05-14,1.2532973235359749e-05
2015-05-15,5.537102580411801e-06
2015-05-18,9.988939065302915e-06
2015-05-19,7.785675604533575e-06
2015-05-20,1.591445733661691e-05
2015-05-21,1.1797103719182618e-05
2015-05-22,2.513599043735963e-06
2015-05-26,3.809254214807852e-05
2015-05-27,2.0588088917099605e-05
2015-05-28,9.685463692498702e-06
2015-05-29,1.2635818572612153e-05
2015-06-01,3.0131139033398957e-05
2015-06-02,3.8233144929451264e-05
2015-06-03,1.5906832397399272e-05
2015-06-04,1.991134371054988e-05
2015-06-05,2.6330586422826575e-05
2015-06-08,7.054751079793544e-06
2015-06-09,2.0919514361844852e-05
2015-06-10,3.429472959779381e-05
2015-06-11,8.055406521896161e-06
2015-06-12,1.387636818493393e-05
2015-06-15,3.675854953959521e-05
2015-06-16,1.4006163998989676e-05
2015-06-17,3.571494557927378e-05
2015-06-18,3.681924922883652e-05
2015-06-19,6.023342471483631e-06
2015-06-22,2.4301569624413085e-05
2015-06-23,7.251505923410124e-06
2015-06-24,1.0861104553192455e-05
2015-06-25,1.7764742297731394e-05
2015-06-26,2.063200774412624e-05
2015-06-29,5.394706033337896e-05
2015-06-30,3.7476223828882964e-05
2015-07-01,1.9152630682687033e-05
2015-07-02,2.2684683636932364e-05
2015-07-06,4.530638521842391e-05
2015-07-07,0.0001726722299589225
2015-07-08,4.098543979686744e-05
2015-07-09,7.064766148162874e-05
2015-07-10,4.384771189493362e-05
2015-07-13,1.4871554144563224e-05
2015-07-14,1.4056299647620309e-05
2015-07-15,1.5041401072881807e-05
2015-07-16,5.186495252527296e-06
2015-07-17,9.031789428109415e-06
2015-07-20,9.088168879752817e-06
2015-07-21,1.3068409583969674e-05
2015-07-22,6.67865881157868e-06
2015-07-23,2.490811083891442e-05
2015-07-24,5.050669090854274e-05
2015-07-27,1.5085555177472464e-05
2015-07-28,3.592339756326286e-05
2015-07-29,1.4048298943732807e-05
2015-07-30,2.6906464075332117e-05
2015-07-31,1.1426383762499631e-05
2015-08-03,3.483202953433581e-05
2015-08-04,2.035826931849998e-05
2015-08-05,3.232420704397877e-05
2015-08-06,6.237337104917344e-05
2015-08-07,2.282061497137851e-05
2015-08-10,2.0294994210119484e-05
2015-08-11,4.7963938921639305e-05
2015-08-12,0.00015722748285411652
2015-08-13,2.4041438246797026e-05
2015-08-14,9.85838159698126e-06
2015-08-17,4.925609345594891e-05
2015-08-18,7.6280751715244384e-06
2015-08-19,5.281598676958824e-05
2015-08-20,4.494868923712826e-05
2015-08-21,0.00011324302317356144
2015-08-24,0.0007749772000655013
2015-08-25,0.0007997491737429056
2015-08-26,0.00019175041830708642
2015-08-27,8.209320297051579e-05
2015-08-28,4.170694485238976e-05
2015-08-31,3.424538628677417e-05
2015-09-01,0.00027492654162131257
2015-09-02,3.2268880699233576e-05
2015-09-03,0.00011942410538669334
2015-09-04,0.00010671619895837938
2015-09-08,6.433227098202014e-05
2015-09-09,0.00024687886016913066
2015-09-10,9.203233094865863e-05
2015-09-11,5.352613197239031e-05
2015-09-14,1.8460924990724237e-05
2015-09-15,5.487798483247385e-05
2015-09-16,1.803199306485097e-05
2015-09-17,0.0001425031469693968
2015-09-18,6.946968204963358e-05
2015-09-21,6.96312287055213e-05
2015-09-22,0.00010148591845197139
2015-09-23,3.607042408295541e-05
2015-09-24,0.00010722299965922703
2015-09-25,0.00012911133421351952
2015-09-28,0.00010519890379357793
2015-09-29,0.00010636192386066288
2015-09-30,3.8478705126380455e-05
2015-10-01,9.410805179624964e-05
2015-10-02,0.00035962956643418296
2015-10-05,4.962061504637538e-05
2015-10-06,4.463470541818248e-05
2015-10-07,4.8413756095485143e-05
2015-10-08,6.841294656779171e-05
2015-10-09,1.919690282294917e-05
2015-10-12,7.791542644600706e-06
2015-10-13,3.9969392238820006e-05
2015-10-14,3.573699852448186e-05
2015-10-15,2.3074239709779386e-05
2015-10-16,1.3650763015063517e-05
2015-10-19,1.756206491727237e-05
2015-10-20,1.8414158825909334e-05
2015-10-21,3.250124937366158e-05
2015-10-22,4.625550387582332e-05
2015-10-23,2.823063603924717e-05
2015-10-26,7.27597938508205e-06
2015-10-27,1.485467586017283e-05
2015-10-28,3.507397141368354e-05
2015-10-29,1.1123125636889403e-05
2015-10-30,1.570178754297625e-05
2015-11-02,2.597681776969356e-05
2015-11-03,3.6066143596172445e-05
2015-11-04,2.898488994999108e-05
2015-11-05,3.800810464404356e-05
2015-11-06,3.7657548520081416e-05
2015-11-09,6.382281975615281e-05
2015-11-10,2.011629552906252e-05
2015-11-11,1.0557842610549557e-05
2015-11-12,2.0526025401552524e-05
2015-11-13,1.83085094513321e-05
2015-11-16,4.7959269679062873e-05
2015-11-17,5.015366713091598e-05
2015-11-18,3.9563300620272816e-05
2015-11-19,6.801038449892975e-06
2015-11-20,1.9633189433654086e-05
2015-11-23,2.2475641936911424e-05
2015-11-24,6.351501050202394e-05
2015-11-25,5.123684064975454e-06
2015-11-27,9.469335694683076e-06
2015-11-30,1.0745833165734329e-05
2015-12-01,1.3450971219476948e-05
2015-12-02,4.0824242411750816e-05
2015-12-03,0.0001260269395232087
2015-12-04,6.39511848569905e-05
2015-12-07,4.8818130232319414e-05
2015-12-08,4.578380744611694e-05
2015-12-09,0.0002095971543002645
2015-12-10,5.5409389429237377e-05
2015-12-11,6.572125243102925e-05
2015-12-14,0.00010211523492302794
2015-12-15,6.662078806524819e-05
2015-12-16,7.43220074856781e-05
2015-12-17,4.943833577473329e-05
2015-12-18,3.645696415473212e-05
2015-12-21,2.4230154108723412e-05
2015-12-22,3.6536813676837094e-05
2015-12-23,1.5476809755031656e-05
2015-12-24,8.168187260199213e-06
2015-12-28,2.1741076700113394e-05
2015-12-29,2.2862627788462422e-05
2015-12-30,9.962510518715522e-06
2015-12-31,1.7035966534148177e-05
2016-01-04,0.00022881749384964632
2016-01-05,3.814482850569213e-05
2016-01-06,8.956719182839502e-05
2016-01-07,0.0001021614447957177
2016-01-08,0.00017464535480524502
2016-01-11,0.00016156412199676035
2016-01-12,0.00013415280482826579
2016-01-13,0.0002912922906366673
2016-01-14,0.0003276534138939622
2016-01-15,0.0003446430534092068
2016-01-19,0.00018555172001611815
2016-01-20,0.0005687516723778249
2016-01-21,0.0002327066489599239
2016-01-22,4.409683553338222e-05
2016-01-25,3.639963784805457e-05
2016-01-26,4.231180804988282e-05
2016-01-27,0.00023189778006246862
2016-01-28,0.00011329745098164082
2016-01-29,6.615474315907078e-05
2016-02-01,9.614526015915444e-05
2016-02-02,8.736539738328993e-05
2016-02-03,0.0002886463173009723
2016-02-04,9.675113178556847e-05
2016-02-05,0.00011091116084571046
2016-02-08,0.0002491772692416733
2016-02-09,0.00016024082036636143
2016-02-10,0.000137429981755046
2016-02-11,0.00016690953586210526
2016-02-12,3.2748600899301826e-05
2016-02-16,1.9968165532470946e-05
2016-02-17,5.5719986290406605e-05
2016-02-18,2.015992045317554e-05
2016-02-19,3.768105680393996e-05
2016-02-22,2.037090999396239e-05
2016-02-23,2.4445823605003798e-05
2016-02-24,0.00021529932462321816
2016-02-25,5.2579732929112495e-05
2016-02-26,3.380801194314484e-05
2016-02-29,6.973988433328049e-05
2016-03-01,5.050933674214647e-05
2016-03-02,3.0551481502668086e-05
2016-03-03,2.7842175777616796e-05
2016-03-04,5.9161862289842257e-05
2016-03-07,3.202157999230635e-05
2016-03-08,1.755768831237477e-05
2016-03-09,1.4933516103258126e-05
2016-03-10,0.0001623705563502684
2016-03-11,2.2508779110964636e-05
2016-03-14,1.9226745981385336e-05
2016-03-15,1.4145982100379863e-05
2016-03-16,4.320216143333844e-05
2016-03-17,5.256171998854231e-05
2016-03-18,8.425577193516964e-06
2016-03-21,1.2547731270854347e-05
2016-03-22,3.0491708712597705e-05
2016-03-23,9.500798443872385e-06
2016-03-24,2.117590054166371e-05
2016-03-28,1.3752222967512803e-05
2016-03-29,5.7082967943555535e-05
2016-03-30,1.9846409537702615e-05
2016-03-31,1.138181010746812e-05
2016-04-01,9.028132850651676e-05
2016-04-04,1.0828293444008017e-05
2016-04-05,1.968605899595095e-05
2016-04-06,2.887531712010515e-05
2016-04-07,6.084884784415068e-05
2016-04-08,4.2240514659050276e-05
2016-04-11,4.633108361572295e-05
2016-04-12,4.633694776301069e-05
2016-04-13,1.0164931357378643e-05
2016-04-14,1.0864585023236592e-05
2016-04-15,5.018694549721023e-06
2016-04-18,2.9468493516477352e-05
2016-04-19,1.540528125868445e-05
2016-04-20,2.4446438882812226e-05
2016-04-21,1.6608296652512394e-05
2016-04-22,1.9745647488896194e-05
2016-04-25,1.595419862669235e-05
2016-04-26,1.3703908271016412e-05
2016-04-27,3.463839011881383e-05
2016-04-28,6.774012193456059e-05
2016-04-29,5.082038820504976e-05
2016-05-02,1.654689501429564e-05
2016-05-03,4.1011613030136424e-05
2016-05-04,1.8108134535272757e-05
2016-05-05,2.431055178486443e-05
2016-05-06,3.171828742467519e-05
2016-05-09,1.1298144987133386e-05
2016-05-10,1.4966707611430258e-05
2016-05-11,9.374045584569338e-06
2016-05-12,5.02471367817005e-05
2016-05-13,4.3176632912392046e-05
2016-05-16,3.876693653775001e-05
2016-05-17,4.43087890930987e-05
2016-05-18,8.039504640387336e-05
2016-05-19,3.882084305182211e-05
2016-05-20,2.2223564627055645e-05
2016-05-23,6.611116604644619e-06
2016-05-24,3.583336518176246e-05
2016-05-25,1.668173264277602e-05
2016-05-26,5.804326761702492e-06
2016-05-27,2.099339719269454e-06
2016-05-31,2.4108546462729373e-05
2016-06-01,2.6192252483703157e-05
2016-06-02,2.6613025452230324e-05
2016-06-03,3.7756152128260194e-05
2016-06-06,1.1264191110859582e-05
2016-06-07,8.807674016138303e-06
2016-06-08,3.3146261005982892e-06
2016-06-09,1.0998750228030262e-05
2016-06-10,2.7689357221567975e-05
2016-06-13,3.001276875458181e-05
2016-06-14,3.427303048497917e-05
2016-06-15,2.5757039271287645e-05
2016-06-16,8.815448972887851e-05
2016-06-17,2.3143957468332627e-05
2016-06-20,6.687492726395748e-05
2016-06-21,1.1758424724809301e-05
2016-06-22,2.52791343787096e-05
2016-06-23,1.0825328467521668e-05
2016-06-24,0.00019605524318715628
2016-06-27,0.0001046377037575785
2016-06-28,2.408709553810759e-05
2016-06-29,3.7393994038489094e-05
2016-06-30,3.7789493550598076e-05
2016-07-01,1.2067370207405982e-05
2016-07-05,1.9363661603772348e-05
2016-07-06,6.114853311812119e-05
2016-07-07,4.343327358675555e-05
2016-07-08,2.2877457382351643e-05
2016-07-11,1.1813705086518214e-05
2016-07-12,1.4006900439892337e-05
2016-07-13,1.1169373977562523e-05
2016-07-14,1.0335363966946122e-05
2016-07-15,1.7852547320379446e-05
2016-07-18,6.179800608260075e-06
2016-07-19,3.3789627312250086e-06
2016-07-20,8.315053577680408e-06
2016-07-21,1.8432213944468562e-05
2016-07-22,8.965513122779236e-06
2016-07-25,1.2472597835654491e-05
2016-07-26,1.9004141265537963e-05
2016-07-27,2.6094139760462177e-05
2016-07-28,1.699109206497832e-05
2016-07-29,1.77701066696553e-05
2016-08-01,1.5026068855136651e-05
2016-08-02,4.113553379215615e-05
2016-08-03,9.50533389281072e-06
2016-08-04,8.83829939896377e-06
2016-08-05,4.761515591957455e-06
2016-08-08,5.3834167949398785e-06
2016-08-09,8.571601368922224e-06
2016-08-10,9.366943814297136e-06
2016-08-11,6.559052952998896e-06
2016-08-12,4.930596571878533e-06
2016-08-15,4.893236714845911e-06
2016-08-16,1.5798440660713558e-06
2016-08-17,2.089294391059272e-05
2016-08-18,2.4036971186663836e-06
2016-08-19,1.0237820834645927e-05
2016-08-22,8.789894879719353e-06
2016-08-23,4.501244271160995e-06
2016-08-24,1.7440123413586915e-05
2016-08-25,9.013306605176222e-06
2016-08-26,7.727935184793026e-05
2016-08-29,1.0160140535683401e-05
2016-08-30,1.3945860627599847e-05
2016-08-31,1.5911114124994957e-05
2016-09-01,2.8909581083361598e-05
2016-09-02,1.2891790968845311e-05
2016-09-06,1.1910343927139964e-05
2016-09-07,8.042445709840765e-06
2016-09-08,5.659915786774427e-06
2016-09-09,4.1959427424803934e-05
2016-09-12,8.990727822641339e-05
2016-09-13,5.357159462027754e-05
2016-09-14,5.021159218020867e-05
2016-09-15,5.1181792285827504e-05
2016-09-16,2.1011168084773336e-05
2016-09-19,3.205689205049919e-05
2016-09-20,1.1486219219079238e-05
2016-09-21,4.1781749815352805e-05
2016-09-22,5.470724698653401e-06
2016-09-23,4.093794348484438e-06
2016-09-26,6.776126692571955e-06
2016-09-27,2.5338550900197934e-05
2016-09-28,3.79754144304657e-05
2016-09-29,5.480558563980441e-05
2016-09-30,2.620623515891569e-05
2016-10-03,9.153472230045392e-06
2016-10-04,3.577489747647712e-05
2016-10-05,6.56166150795172e-06
2016-10-06,1.6664401722035908e-05
2016-10-07,3.8460548810541535e-05
2016-10-10,8.165221204659125e-06
2016-10-11,6.56247694155452e-05
2016-10-12,1.712874742172503e-05
2016-10-13,6.046447691853922e-05
2016-10-14,2.4860117359581264e-05
2016-10-17,1.0232214542171104e-05
2016-10-18,8.488538718153024e-06
2016-10-19,1.050593973683872e-05
2016-10-20,2.0490697883861376e-05
2016-10-21,1.6974416218817374e-05
2016-10-24,6.042082457202375e-06
2016-10-25,6.204632389158074e-06
2016-10-26,2.134526070969484e-05
2016-10-27,1.3050614266464024e-05
2016-10-28,4.7394416146128944e-05
2016-10-31,5.447740145373075e-06
2016-11-01,0.00010151849330425564
2016-11-02,2.4140335332732972e-05
2016-11-03,2.5189647397392306e-05
2016-11-04,2.6517455100493424e-05
2016-11-07,2.7610613671274687e-05
2016-11-08,5.1713553697224434e-05
2016-11-09,0.0001329027409219438
2016-11-10,0.00010321316677441882
2016-11-11,1.9093551336779072e-05
2016-11-14,2.4764707492121293e-05
2016-11-15,1.016624150704926e-05
2016-11-16,5.176920268618307e-06
2016-11-17,7.796796087248363e-06
2016-11-18,7.4867340091241935e-06
2016-11-21,4.562066728614094e-06
2016-11-22,1.07903347915942e-05
2016-11-23,7.738940376451799e-06
2016-11-25,1.1672098757861465e-06
2016-11-28,6.220211538026254e-06
2016-11-29,1.4382790595008216e-05
2016-11-30,2.098719201280943e-05
2016-12-01,1.722996287629536e-05
2016-12-02,9.484576814491092e-06
2016-12-05,7.873705322633234e-06
2016-12-06,9.509700078409077e-06
2016-12-07,3.483004624584594e-05
2016-12-08,1.782061574608604e-05
2016-12-09,3.6922216866997806e-06
2016-12-12,1.3065228678579746e-05
2016-12-13,1.4284838326598586e-05
2016-12-14,5.812149270380428e-05
2016-12-15,2.770808896254276e-05
2016-12-16,1.2886366811476121e-05
2016-12-19,7.555083280864235e-06
2016-12-20,2.639733012576893e-06
2016-12-21,1.4348650828991206e-06
2016-12-22,4.643219431207966e-06
2016-12-23,1.4496867802504657e-06
2016-12-27,5.181114066509095e-06
2016-12-28,1.7041204936342617e-05
2016-12-29,9.777605882096077e-06
2016-12-30,2.705744737690507e-05
2017-01-03,3.160622612417079e-05
2017-01-04,5.9479018007957544e-06
2017-01-05,1.1839741789795651e-05
2017-01-06,2.89457032033371e-05
2017-01-09,2.5586354896503716e-06
2017-01-10,1.8930110240597785e-05
2017-01-11,1.702821153153714e-05
2017-01-12,2.9966302571279223e-05
2017-01-13,4.696205721250235e-06
2017-01-17,8.23987632017313e-06
2017-01-18,6.725118866866195e-06
2017-01-19,1.9609320994730235e-05
2017-01-20,1.37078815615262e-05
2017-01-23,2.0743601112493313e-05
2017-01-24,2.0007962350382302e-05
2017-01-25,4.202018837468558e-06
2017-01-26,4.244408676214881e-06
2017-01-27,3.823889910524361e-06
2017-01-30,2.920646602060705e-05
2017-01-31,1.1903584748052111e-05
2017-02-01,2.4101212000888387e-05
2017-02-02,1.3339804441186413e-05
2017-02-03,4.551129434716899e-06
2017-02-06,5.29275333946787e-06
2017-02-07,7.53529729456849e-06
2017-02-08,8.638735732450631e-06
2017-02-09,1.0631008476743081e-05
2017-02-10,5.107476320132017e-06
2017-02-13,6.4887399913411325e-06
2017-02-14,1.2543612981554443e-05
2017-02-15,1.1609590583143376e-05
2017-02-16,1.3659683955001387e-05
2017-02-17,7.530951160755332e-06
2017-02-21,4.889483215868395e-06
2017-02-22,3.9301209095613205e-06
2017-02-23,1.460901185964079e-05
2017-02-24,9.458206641678923e-06
2017-02-27,6.9389042995170605e-06
2017-02-28,6.56837422266193e-06
2017-03-01,2.1061225322586737e-05
2017-03-02,7.499697584875898e-06
2017-03-03,6.049923111257824e-06
2017-03-06,1.0391421156340026e-05
2017-03-07,7.838961365261829e-06
2017-03-08,9.804491270685253e-06
2017-03-09,1.8818564735846423e-05
2017-03-10,1.7002125345351493e-05
2017-03-13,2.844406515438686e-06
2017-03-14,8.96406069756285e-06
2017-03-15,2.3996240680111094e-05
2017-03-16,7.780757212614774e-06
2017-03-17,3.7092823770340204e-06
2017-03-20,7.116365042365928e-06
2017-03-21,5.731920964312756e-05
2017-03-22,1.9383118420294913e-05
2017-03-23,2.551216280574268e-05
2017-03-24,3.519743259525561e-05
2017-03-27,3.6073142710230045e-05
2017-03-28,3.71894149654148e-05
2017-03-29,8.3002983126191e-06
2017-03-30,9.3891520349432e-06
2017-03-31,5.057616338501345e-06
2017-04-03,3.943167199564028e-05
2017-04-04,6.6449001650052975e-06
2017-04-05,5.641416017459718e-05
2017-04-06,2.0014022474717977e-05
2017-04-07,1.5177286337154183e-05
2017-04-10,1.9868711006834802e-05
2017-04-11,2.932957518662638e-05
2017-04-12,8.437823358952675e-06
2017-04-13,2.2065673016975002e-05
2017-04-17,6.297377012987125e-06
2017-04-18,1.738570272200128e-05
2017-04-19,2.2897462551106603e-05
2017-04-20,2.5761353824418006e-05
2017-04-21,9.770006750705009e-06
2017-04-24,4.3863634718424134e-06
2017-04-25,7.843451523643577e-06
2017-04-26,1.1153834636947768e-05
2017-04-27,7.726173363663211e-06
2017-04-28,5.151965927984875e-06
2017-05-01,8.168481978341805e-06
2017-05-02,4.4261819479485735e-06
2017-05-03,8.735277090871434e-06
2017-05-04,1.0778008914887162e-05
2017-05-05,5.343069890029376e-06
2017-05-08,4.793669651739457e-06
2017-05-09,9.901185806802733e-06
2017-05-10,3.6642853797872123e-06
2017-05-11,1.7115038233995727e-05
2017-05-12,2.252847852268973e-06
2017-05-15,4.208175163704391e-06
2017-05-16,7.187509747800979e-06
2017-05-17,2.6881179423711398e-05
2017-05-18,3.896660052419084e-05
2017-05-19,2.330334492999237e-05
2017-05-22,3.2429376537018596e-06
2017-05-23,4.098695063526651e-06
2017-05-24,4.399276977881089e-06
2017-05-25,7.79851926491404e-06
2017-05-26,1.6060276300413075e-06
2017-05-30,2.818317137776714e-06
2017-05-31,1.2266305491682146e-05
2017-06-01,9.600990186173377e-06
2017-06-02,9.276643931320663e-06
2017-06-05,2.1082682476214748e-06
2017-06-06,5.093220497061909e-06
2017-06-07,9.308442407898662e-06
2017-06-08,1.0822680638018614e-05
2017-06-09,7.731825954167832e-05
2017-06-12,8.404990529113296e-06
2017-06-13,6.280729808939468e-06
2017-06-14,1.780405610435555e-05
2017-06-15,1.566129791286305e-05
2017-06-16,8.707430769045964e-06
2017-06-19,4.404274403219091e-06
2017-06-20,4.536454184132893e-06
2017-06-21,1.0229360562641931e-05
2017-06-22,5.3204663316981916e-06
2017-06-23,8.052481797387488e-06
2017-06-26,1.3840594019614418e-05
2017-06-27,1.76848607546959e-05
2017-06-28,9.471395383680062e-06
2017-06-29,8.304623444359199e-05
2017-06-30,8.18219374801079e-06
2017-07-03,8.899459870425327e-06
2017-07-05,1.3796763880063138e-05
2017-07-06,1.1151136380491541e-05
2017-07-07,6.35481064803331e-06
2017-07-10,7.475779122668714e-06
2017-07-11,2.303475834430383e-05
2017-07-12,4.758683410168086e-06
2017-07-13,4.346777764959813e-06
2017-07-14,1.6996866470724537e-05
2017-07-17,2.6387579389801223e-06
2017-07-18,7.850864438057378e-06
2017-07-19,1.8580467923949411e-06
2017-07-20,6.624082408161419e-06
2017-07-21,2.916906805023982e-06
2017-07-24,3.4811944077696645e-06
2017-07-25,3.227168568132663e-06
2017-07-26,3.4212085673925763e-06
2017-07-27,4.4178174569578034e-05
2017-07-28,5.890886324889965e-06
2017-07-31,5.2596976672907575e-06
2017-08-01,4.398932032009158e-06
2017-08-02,1.5294241739619167e-05
2017-08-03,3.271351149964977e-06
2017-08-04,5.115451287271796e-06
2017-08-07,1.1990291341172417e-06
2017-08-08,3.357437368844021e-05
2017-08-09,7.716334974841134e-06
2017-08-10,1.6072198649772912e-05
2017-08-11,8.779761068877164e-06
2017-08-14,6.954707972269582e-06
2017-08-15,3.3306713333459056e-06
2017-08-16,1.003068939608336e-05
2017-08-17,3.227854913903212e-05
2017-08-18,3.2163836840513684e-05
2017-08-21,1.4354650446974685e-05
2017-08-22,1.4484841578823708e-05
2017-08-23,4.645957285279813e-06
2017-08-24,1.1717568387467406e-05
2017-08-25,1.1318432902943364e-05
2017-08-28,7.897174971509425e-06
2017-08-29,2.365151445396617e-05
2017-08-30,1.4207684418838554e-05
2017-08-31,7.3917978218461865e-06
2017-09-01,3.1883409569309328e-06
2017-09-05,4.3480794994912895e-05
2017-09-06,8.787069048276051e-06
2017-09-07,5.156224171547124e-06
2017-09-08,4.855869021448075e-06
2017-09-11,5.316220759156103e-06
2017-09-12,2.013736616948264e-06
2017-09-13,1.8726121992488873e-06
2017-09-14,3.956644510594678e-06
2017-09-15,2.7221326467635043e-06
2017-09-18,5.512402195473992e-06
2017-09-19,1.7143399296035725e-06
2017-09-20,1.1722021148194043e-05
2017-09-21,2.6622438241828175e-06
2017-09-22,2.321058865073415e-06
2017-09-25,1.644567402063206e-05
2017-09-26,4.543143838266392e-06
2017-09-27,1.9150479212729165e-05
2017-09-28,2.2218099616978455e-06
2017-09-29,4.976046238237901e-06
2017-10-02,2.3153958385946563e-06
2017-10-03,1.9928069601500414e-06
2017-10-04,4.834000436969408e-06
2017-10-05,4.544593733544526e-06
2017-10-06,2.2225087392251498e-06
2017-10-09,5.413159652196647e-06
2017-10-10,8.243331362671094e-06
2017-10-11,2.816348019876808e-06
2017-10-12,3.5584179462725114e-06
2017-10-13,2.0007905925597254e-06
2017-10-16,3.3169124571097896e-06
2017-10-17,1.6437347821512496e-06
2017-10-18,1.3493737452075528e-06
2017-10-19,1.1489565305083934e-05
2017-10-20,1.2760366092754147e-06
2017-10-23,4.712725679917441e-06
2017-10-24,3.287355875078393e-06
2017-10-25,3.674862757203222e-05
2017-10-26,4.015555522744014e-06
2017-10-27,1.5100427953647113e-05
2017-10-30,9.061401842609245e-06
2017-10-31,2.8114531763942846e-06
2017-11-01,1.2772495398404113e-05
2017-11-02,1.6840734667438485e-05
2017-11-03,8.15481919993804e-06
2017-11-06,3.6721086827626125e-06
2017-11-07,1.1834533699293144e-05
2017-11-08,6.288927594666113e-06
2017-11-09,3.062216484002417e-05
2017-11-10,4.84079226202551e-06
2017-11-13,9.032125239362962e-06
2017-11-14,1.2886586441076659e-05
2017-11-15,1.6630917427970488e-05
2017-11-16,1.269143400811426e-05
2017-11-17,2.047282063730063e-06
2017-11-20,2.6659628977326292e-06
2017-11-21,5.145261442085847e-06
2017-11-22,1.8183002650917888e-06
2017-11-24,8.322391815939782e-07
2017-11-27,4.108525419170427e-06
2017-11-28,1.1033342742908359e-05
2017-11-29,1.520164117500108e-05
2017-11-30,3.0170790276027897e-05
2017-12-01,0.00014679730814366854
2017-12-04,3.129499424003552e-05
2017-12-05,2.584898111985324e-05
2017-12-06,6.233905516390754e-06
2017-12-07,1.0949208104197592e-05
2017-12-08,2.52416682461563e-06
2017-12-11,2.2330797383653425e-06
2017-12-12,6.648454895363716e-06
2017-12-13,4.508260892761322e-06
2017-12-14,7.774990766714603e-06
2017-12-15,1.695669444918114e-05
2017-12-18,4.6963802446708005e-06
2017-12-19,6.233163782971017e-06
2017-12-20,1.1137004953401521e-05
2017-12-21,7.129974582586982e-06
2017-12-22,3.582889335939679e-06
2017-12-26,1.4832575932266627e-06
2017-12-27,3.133168116929831e-06
2017-12-28,1.6019519856223025e-06
2017-12-29,1.0826044216852023e-05
2018-01-02,4.865383059582706e-06
2018-01-03,6.606054815163638e-06
2018-01-04,5.895004734548989e-06
2018-01-05,8.91026584957491e-06
2018-01-08,6.607327557065189e-06
2018-01-09,8.389785075851055e-06
2018-01-10,1.4066042859233116e-05
2018-01-11,3.543946455241775e-06
2018-01-12,8.564855317024602e-06
2018-01-16,7.208111500488451e-05
2018-01-17,3.738160803147292e-05
2018-01-18,1.0296201137496506e-05
2018-01-19,6.633756819010553e-06
2018-01-22,1.1480123635938539e-05
2018-01-23,7.635992734083471e-06
2018-01-24,4.622667728036963e-05
2018-01-25,1.6914387073747323e-05
2018-01-26,1.311868178972144e-05
2018-01-29,1.3515974703598088e-05
2018-01-30,1.8588211114627125e-05
2018-01-31,3.946583878290424e-05
2018-02-01,3.242647806114288e-05
2018-02-02,4.553116871544374e-05
2018-02-05,0.000623778734105968
2018-02-06,0.00047813608314648844
2018-02-07,0.00014218010288381648
2018-02-08,0.00018807305482350552
2018-02-09,0.000822316097883784
2018-02-12,0.00015904657008986703
2018-02-13,5.642745192026195e-05
2018-02-14,7.652122770997346e-05
2018-02-15,0.00010187248661426768
2018-02-16,5.588600720606229e-05
2018-02-20,6.181108660777256e-05
2018-02-21,0.0001260244872862215
2018-02-22,7.390775738259403e-05
2018-02-23,2.6231913381291357e-05
2018-02-26,2.2201863845173433e-05
2018-02-27,6.563716118302322e-05
2018-02-28,7.110550558946636e-05
2018-03-01,0.00027443715884954874
2018-03-02,0.00011117291378443673
2018-03-05,0.00010342248647815535
2018-03-06,2.9039497648459053e-05
2018-03-07,4.2010618430025796e-05
2018-03-08,1.9235630324419112e-05
2018-03-09,2.296652482097846e-05
2018-03-12,1.7383613333296077e-05
2018-03-13,8.436047745787793e-05
2018-03-14,3.9679408876850194e-05
2018-03-15,2.8224313428451276e-05
2018-03-16,9.185636765982488e-06
2018-03-19,0.00010611300806489929
2018-03-20,1.3411254574247927e-05
2018-03-21,5.753541136473518e-05
2018-03-22,8.205244106413378e-05
2018-03-23,0.00018219057099863421
2018-03-26,0.00017081697767570012
2018-03-27,0.000278126189333769
2018-03-28,0.00011254122663214288
2018-03-29,0.00013630031656610247
2018-04-02,0.0003787359145970903
2018-04-03,0.00011292916919396849
2018-04-04,0.0002183243104835486
2018-04-05,3.411307618933902e-05
2018-04-06,0.000266919830087734
2018-04-09,0.0001310455322371471
2018-04-10,4.387044126582459e-05
2018-04-11,3.485827567455281e-05
2018-04-12,2.5098763008838155e-05
2018-04-13,6.438131164623595e-05
2018-04-16,2.853538393406717e-05
2018-04-17,2.1150295066264505e-05
2018-04-18,1.2959607681997777e-05
2018-04-19,2.682177448345962e-05
2018-04-20,5.04847327038241e-05
2018-04-23,4.195632272550607e-05
2018-04-24,0.00019529918338224164
2018-04-25,7.591210661338036e-05
2018-04-26,4.789642970761474e-05
2018-04-27,2.1951810326894395e-05
2018-04-30,2.0802025318509938e-05
2018-05-01,5.6232251319040834e-05
2018-05-02,4.1713194584753555e-05
2018-05-03,0.00013195776122771697
2018-05-04,0.0001238900196551059
2018-05-07,2.1116749239803496e-05
2018-05-08,3.1295326015670614e-05
2018-05-09,3.0260577310256886e-05
2018-05-10,1.4466362460481727e-05
2018-05-11,1.4677583073700005e-05
2018-05-14,1.490878260430354e-05
2018-05-15,1.6267234641732258e-05
2018-05-16,1.1361834248962973e-05
2018-05-17,2.863485830513366e-05
2018-05-18,6.222513939103159e-06
2018-05-21,1.1894206740660061e-05
2018-05-22,1.7764170502903288e-05
2018-05-23,1.8791958342688298e-05
2018-05-24,4.035103961047839e-05
2018-05-25,1.0063950733322225e-05
2018-05-29,6.665598360629901e-05
2018-05-30,2.4651671715739053e-05
2018-05-31,1.9425330873132144e-05
2018-06-01,9.16235656967457e-06
2018-06-04,3.543913838045841e-06
2018-06-05,1.1372995989007193e-05
2018-06-06,1.9112995602876206e-05
2018-06-07,2.4388058676210294e-05
2018-06-08,7.506389914923383e-06
2018-06-11,6.331839101248989e-06
2018-06-12,7.754866508153743e-06
2018-06-13,1.0698738057903332e-05
2018-06-14,1.0127470558489172e-05
2018-06-15,2.8733161626543767e-05
2018-06-18,1.7678187463709438e-05
2018-06-19,2.581260766329393e-05
2018-06-20,7.5244446405937934e-06
2018-06-21,2.1428363912174065e-05
2018-06-22,6.901266599108767e-06
2018-06-25,9.768879599869486e-05
2018-06-26,2.014051415254536e-05
2018-06-27,0.00010360523702284096
2018-06-28,5.4987204583550046e-05
2018-06-29,3.8686994838553376e-05
2018-07-02,2.9641909609341932e-05
2018-07-03,2.2607061289262767e-05
2018-07-05,2.3991445330075545e-05
2018-07-06,3.8073633410643536e-05
2018-07-09,8.902717057156535e-06
2018-07-10,4.217587817367118e-06
2018-07-11,1.3162067712122347e-05
2018-07-12,8.710838313906446e-06
2018-07-13,9.582869740340323e-06
2018-07-16,3.831199528159324e-06
2018-07-17,1.951916378957533e-05
2018-07-18,6.585314466084669e-06
2018-07-19,8.409187253592603e-06
2018-07-20,5.603800141470741e-06
2018-07-23,8.557544011683641e-06
2018-07-24,2.237526251678263e-05
2018-07-25,1.851401975616647e-05
2018-07-26,6.405074091233601e-06
2018-07-27,4.927108324107279e-05
2018-07-30,2.2209181628836666e-05
2018-07-31,1.485462291852468e-05
2018-08-01,2.220518889886569e-05
2018-08-02,3.6317797887302796e-05
2018-08-03,5.004078024334421e-06
2018-08-06,1.3637842464983852e-05
2018-08-07,3.1455087512494223e-06
2018-08-08,5.312962534650679e-06
2018-08-09,6.135010177971015e-06
2018-08-10,1.5206543534744353e-05
2018-08-13,2.5658620108524904e-05
2018-08-14,9.98133278051473e-06
2018-08-15,3.644667743303105e-05
2018-08-16,1.837261222503806e-05
2018-08-17,2.2974050301763423e-05
2018-08-20,4.662480144247157e-06
2018-08-21,8.527666511243242e-06
2018-08-22,8.027461641558547e-06
2018-08-23,1.2768161638543106e-05
2018-08-24,4.4340431462189985e-06
2018-08-27,4.284035771307921e-06
2018-08-28,5.566973754771982e-06
2018-08-29,1.1147459046946219e-05
2018-08-30,1.4831807844187786e-05
2018-08-31,1.2208617211083856e-05
2018-09-04,1.3532232480180132e-05
2018-09-05,1.7538126715337507e-05
2018-09-06,3.175425902689139e-05
2018-09-07,2.2920728709701946e-05
2018-09-10,6.427951578735649e-06
2018-09-11,2.75431967875268e-05
2018-09-12,1.4302037622952952e-05
2018-09-13,3.9196837695125725e-06
2018-09-14,9.231501572509265e-06
2018-09-17,9.987737219953423e-06
2018-09-18,1.7086818023835212e-05
2018-09-19,4.228683159661157e-06
2018-09-20,7.76962521790715e-06
2018-09-21,8.803983760837495e-06
2018-09-24,7.038662684434425e-06
2018-09-25,4.428480206988347e-06
2018-09-26,4.01120353495277e-05
2018-09-27,1.8665697783804277e-05
2018-09-28,9.286455166063627e-06
2018-10-01,2.1265332006458493e-05
2018-10-02,8.477058015405451e-06
2018-10-03,1.8204940079470615e-05
2018-10-04,6.200641912721491e-05
2018-10-05,8.42242293912861e-05
2018-10-08,4.3075589681740046e-05
2018-10-09,2.5182826511684834e-05
2018-10-10,0.00012106598462082753
2018-10-11,0.0003527069956215997
2018-10-12,0.0001410680171638263
2018-10-15,3.898214988437069e-05
2018-10-16,4.7869206127095195e-05
2018-10-17,7.84471695912021e-05
2018-10-18,0.00011234106299584811
2018-10-19,8.792412106214775e-05
2018-10-22,4.132459345448838e-05
2018-10-23,0.00024065011843203062
2018-10-24,0.00021034203157924852
2018-10-25,0.00015688479451973962
2018-10-26,0.00028682793258189476
2018-10-29,0.0006636921979006719
2018-10-30,8.129685425549276e-05
2018-10-31,6.328507972838694e-05
2018-11-01,4.5575503705097025e-05
2018-11-02,0.0001855610755818762
2018-11-05,3.909680495594533e-05
2018-11-06,1.0937984241998418e-05
2018-11-07,2.9497839970901583e-05
2018-11-08,2.480552655110475e-05
2018-11-09,4.920219896750796e-05
2018-11-12,7.660484692684379e-05
2018-11-13,0.00010172715201132354
2018-11-14,0.00018370746945914156
2018-11-15,0.00021519465374734317
2018-11-16,6.397879124690462e-05
2018-11-19,0.00010083338866580764
2018-11-20,9.344760628378824e-05
2018-11-21,2.754491826013944e-05
2018-11-23,1.9411050572368065e-05
2018-11-26,1.1874668146013341e-05
2018-11-27,3.146156292486169e-05
2018-11-28,9.797691525592985e-05
2018-11-29,6.326217452538903e-05
2018-11-30,2.67292063451431e-05
2018-12-03,4.624179328786653e-05
2018-12-04,0.00017523043099448512
2018-12-06,0.00033725704193753687
2018-12-07,0.0003286946116050804
2018-12-10,0.00029944490596440804
2018-12-11,0.0001586541697251414
2018-12-12,8.413594508729506e-05
2018-12-13,7.329592634532737e-05
2018-12-14,7.441329843299179e-05
2018-12-17,0.0002608938457961007
2018-12-18,0.0001463060191659541
2018-12-19,0.0006237358864589648
2018-12-20,0.00032835133717007994
2018-12-21,0.0006074538731810338
2018-12-24,0.00014219196153649635
2018-12-26,0.0005432728209375699
2018-12-27,0.000559667788519224
2018-12-28,0.00016953421768408142
2018-12-31,5.2161430123222755e-05
2019-01-02,0.00014968682234782753
2019-01-03,7.570190371003195e-05
2019-01-04,0.00011881571151544826
2019-01-07,0.00012171421529643127
2019-01-08,7.685452723402949e-05
2019-01-09,5.096281336439202e-05
2019-01-10,6.535450651949896e-05
2019-01-11,2.2787876788712283e-05
2019-01-14,2.6557305289394598e-05
2019-01-15,2.159341638830625e-05
2019-01-16,1.2366550346985857e-05
2019-01-17,6.864248466542339e-05
2019-01-18,3.428781839625435e-05
2019-01-22,8.408808792521282e-05
2019-01-23,0.00011604325024061043
2019-01-24,2.8633438818415285e-05
2019-01-25,1.3024303093277404e-05
2019-01-28,3.142833306561156e-05
2019-01-29,2.7008578993440702e-05
2019-01-30,8.352005696968438e-05
2019-01-31,4.483753912520882e-05
2019-02-01,2.5764742561426345e-05
2019-02-04,2.9117545523641403e-05
2019-02-05,1.0447013291850981e-05
2019-02-06,1.2395999728534581e-05
2019-02-07,6.340430291305868e-05
2019-02-08,3.464046637925728e-05
2019-02-11,1.3479727773069645e-05
2019-02-12,1.8432269269461707e-05
2019-02-13,1.113121465819409e-05
2019-02-14,4.6959262351819606e-05
2019-02-15,3.621412791801371e-06
2019-02-19,2.052144285294691e-05
2019-02-20,1.4575137038180352e-05
2019-02-21,1.7418873474001538e-05
2019-02-22,7.4981245579745845e-06
2019-02-25,1.8416457134778146e-05
2019-02-26,1.179722639069261e-05
2019-02-27,2.6245841169270313e-05
2019-02-28,7.445050303329511e-06
2019-03-01,2.574102793030861e-05
2019-03-04,0.0001325224601698282
2019-03-05,1.053426565990214e-05
2019-03-06,1.2447519707837486e-05
2019-03-07,3.6574399878309385e-05
2019-03-08,2.4206926722893585e-05
2019-03-11,2.221559298656853e-05
2019-03-12,7.745509937744033e-06
2019-03-13,2.3060296423981667e-05
2019-03-14,8.260787080233041e-06
2019-03-15,1.8331555536651882e-05
2019-03-18,6.0989117284880345e-06
2019-03-19,4.953625917418752e-05
2019-03-20,5.806787652680888e-05
2019-03-21,5.502615927343422e-05
2019-03-22,3.788813891274719e-05
2019-03-25,3.893017649137243e-05
2019-03-26,4.056503153350878e-05
2019-03-27,8.083377127375297e-05
2019-03-28,2.5999247602553155e-05
2019-03-29,1.5839478228751042e-05
2019-04-01,1.0096181768363493e-05
2019-04-02,1.2142343996124497e-05
2019-04-03,2.404909702539554e-05
2019-04-04,1.0740432895301983e-05
2019-04-05,2.8892451931269086e-06
2019-04-08,1.132432104942086e-05
2019-04-09,7.801537146250905e-06
2019-04-10,4.555545535859488e-06
2019-04-11,7.2341277340121786e-06
2019-04-12,6.813537458933331e-06
2019-04-15,9.86951141330615e-06
2019-04-16,1.2694290684860284e-05
2019-04-17,1.8991886646410814e-05
2019-04-18,1.6182287069359625e-05
2019-04-22,6.405288537096511e-06
2019-04-23,1.9786582073422014e-05
2019-04-24,4.712288695118153e-06
2019-04-25,2.366327353915908e-05
2019-04-26,2.014987370897388e-05
2019-04-29,5.69696568140141e-06
2019-04-30,3.034180947598501e-05
2019-05-01,1.820980243770856e-05
2019-05-02,5.618907082185143e-05
2019-05-03,8.033873756241309e-06
2019-05-06,6.465865283020805e-05
2019-05-07,0.00011387040442609033
2019-05-08,3.6573364711549464e-05
2019-05-09,9.040234295753686e-05
2019-05-10,0.0002502778956773501
2019-05-13,5.561392357659309e-05
2019-05-14,5.545834090302615e-05
2019-05-15,7.318142038700094e-05
2019-05-16,6.01853754600539e-05
2019-05-17,5.924603095810357e-05
2019-05-20,3.1382259736236715e-05
2019-05-21,8.432113149866489e-06
2019-05-22,1.2617926867733387e-05
2019-05-23,5.110805556323993e-05
2019-05-24,2.6018965397878328e-05
2019-05-28,5.800925588504483e-05
2019-05-29,4.1064101193477445e-05
2019-05-30,3.169395963285218e-05
2019-05-31,1.229764504107707e-05
2019-06-03,7.527058128905102e-05
2019-06-04,3.0684227262257264e-05
2019-06-05,4.072164710728845e-05
2019-06-06,4.382672888390062e-05
2019-06-07,4.285011727892554e-05
2019-06-10,2.20906981020989e-05
2019-06-11,4.721457950154463e-05
2019-06-12,1.122881703812581e-05
2019-06-13,9.170573274742796e-06
2019-06-14,1.3191718191949245e-05
2019-06-17,5.940934484502874e-06
2019-06-18,3.218226078899463e-05
2019-06-19,2.2584839535989734e-05
2019-06-20,3.97452025499493e-05
2019-06-21,1.6867184107449405e-05
2019-06-24,5.15370044854146e-06
2019-06-25,1.791461720084707e-05
2019-06-26,1.5641511990049083e-05
2019-06-27,5.481843151501895e-06
2019-06-28,9.441792665180552e-06
2019-07-01,3.5394754721952333e-05
2019-07-02,1.3951743009176668e-05
2019-07-03,4.29118853893899e-06
2019-07-05,3.6569743292012685e-05
2019-07-08,5.794069212337649e-06
2019-07-09,1.0577885714988142e-05
2019-07-10,1.8191035866520195e-05
2019-07-11,1.0196659514008645e-05
2019-07-12,3.3994586021596045e-06
2019-07-15,3.970021024610327e-06
2019-07-16,7.836496835040298e-06
2019-07-17,6.1888350029240796e-06
2019-07-18,2.4172200655694414e-05
2019-07-19,1.781692300034394e-05
2019-07-22,1.0685943832920462e-05
2019-07-23,1.17935473446465e-05
2019-07-24,1.0208327382631314e-05
2019-07-25,1.3354377890110467e-05
2019-07-26,6.2450935214207325e-06
2019-07-29,6.495018912261476e-06
2019-07-30,1.328314384332691e-05
2019-07-31,0.000141914656358253
2019-08-01,0.00023181541047420342
2019-08-02,5.111166405255474e-05
2019-08-05,0.00021936691646768869
2019-08-06,6.338892037774266e-05
2019-08-07,0.00024015786379328339
2019-08-08,3.547444281137708e-05
2019-08-09,6.807361246428234e-05
2019-08-12,4.3615282063423265e-05
2019-08-13,0.00016393777822303973
2019-08-14,4.6031400090704063e-05
2019-08-15,6.005179210167492e-05
2019-08-16,2.358864664517801e-05
2019-08-19,1.3282099695046285e-05
2019-08-20,1.844173076328348e-05
2019-08-21,6.591611595972707e-06
2019-08-22,6.711866605618987e-05
2019-08-23,0.00031974372850503455
2019-08-26,2.653802575336975e-05
2019-08-27,6.122646788384973e-05
2019-08-28,4.969855829631924e-05
2019-08-29,2.7038112840869916e-05
2019-08-30,3.781807121425411e-05
2019-09-03,2.979704155998079e-05
2019-09-04,9.060930213334374e-06
2019-09-05,2.5692080777270625e-05
2019-09-06,8.718768228576455e-06
2019-09-09,1.828092283755826e-05
2019-09-10,2.5360673001855296e-05
2019-09-11,2.0305136819577328e-05
2019-09-12,2.165736722198002e-05
2019-09-13,1.050004239033742e-05
2019-09-16,7.28710279374614e-06
2019-09-17,4.336957703047188e-06
2019-09-18,4.661009597444133e-05
2019-09-19,1.8990518954931592e-05
2019-09-20,4.430228690311374e-05
2019-09-23,1.3036856747431775e-05
2019-09-24,8.622886655211968e-05
2019-09-25,6.546544835355395e-05
2019-09-26,2.8516812659553067e-05
2019-09-27,7.469057430366249e-05
2019-09-30,1.1812181469190274e-05
2019-10-01,8.165534720047236e-05
2019-10-02,8.457248268149109e-05
2019-10-03,0.00015384919728013075
2019-10-04,2.161471926903483e-05
2019-10-07,3.2018262290926335e-05
2019-10-08,2.9429371919489427e-05
2019-10-09,2.5051764747053072e-05
2019-10-10,3.982639411380167e-05
2019-10-11,4.917374354990605e-05
2019-10-14,5.558561082803409e-06
2019-10-15,2.8163541598964737e-05
2019-10-16,8.508779211566968e-06
2019-10-17,1.4783180545141553e-05
2019-10-18,2.6539659078633433e-05
2019-10-21,3.4703733041782627e-06
2019-10-22,1.1817902093158406e-05
2019-10-23,5.500632397563874e-06
2019-10-24,1.2674520858264465e-05
2019-10-25,1.9898339828801246e-05
2019-10-28,5.515067576438701e-06
2019-10-29,9.125726574832709e-06
2019-10-30,2.950828789268786e-05
2019-10-31,2.687352585611442e-05
2019-11-01,3.2546152628149438e-06
2019-11-04,5.604610006126417e-06
2019-11-05,5.790799015965008e-06
2019-11-06,8.096768540133511e-06
2019-11-07,1.598387674916711e-05
2019-11-08,1.4346680593511098e-05
2019-11-11,6.424883821158606e-06
2019-11-12,1.6436830789061406e-05
2019-11-13,1.5509462044624664e-05
2019-11-14,1.0287399259311407e-05
2019-11-15,6.71841663020963e-06
2019-11-18,6.867977878923237e-06
2019-11-19,8.217344382529465e-06
2019-11-20,3.7853916337718654e-05
2019-11-21,1.1597093569990632e-05
2019-11-22,9.54998715308275e-06
2019-11-25,3.3710512298627884e-06
2019-11-26,5.682594114082858e-06
2019-11-27,3.3563895701353303e-06
2019-11-29,4.570784498863049e-06
2019-12-02,2.2003453364109606e-05
2019-12-03,3.058900705719122e-05
2019-12-04,1.1239392983159332e-05
2019-12-05,1.2587054916244342e-05
2019-12-06,7.935389361396024e-06
2019-12-09,7.742264189739182e-06
2019-12-10,1.2762921603519356e-05
2019-12-11,4.5318460523626175e-06
2019-12-12,4.2693582996359555e-05
2019-12-13,3.390772756003116e-05
2019-12-16,7.4118040402819935e-06
2019-12-17,2.2186282505545135e-06
2019-12-18,2.0116734597166133e-06
2019-12-19,2.032848280559927e-06
2019-12-20,4.29471741424269e-06
2019-12-23,1.2890660919043131e-06
2019-12-24,1.5271623394263636e-06
2019-12-26,1.9645732720631457e-06
2019-12-27,6.842822994409867e-06
2019-12-30,1.5356800700592435e-05
2019-12-31,9.624066331264374e-06
2020-01-02,1.789817825082267e-05
2020-01-03,2.4430304635053957e-05
2020-01-06,1.9143196171034904e-05
2020-01-07,6.618199109911524e-06
2020-01-08,3.603133551948181e-05
2020-01-09,3.919608909710093e-06
2020-01-10,1.310675014471057e-05
2020-01-13,7.67624539309062e-06
2020-01-14,1.3306073677247386e-05
2020-01-15,1.3156460762488289e-05
2020-01-16,2.565330825508049e-06
2020-01-17,4.25409086339956e-06
2020-01-21,7.862724612596048e-06
2020-01-22,1.1795119693825435e-05
2020-01-23,2.5126201588513314e-05
2020-01-24,7.214643947622109e-05
2020-01-27,2.7668319023805796e-05
2020-01-28,3.3783164905160583e-05
2020-01-29,1.2355255843330709e-05
2020-01-30,6.045832140653489e-05
2020-01-31,9.910213769765074e-05
2020-02-03,4.434103821570933e-05
2020-02-04,2.160718330754413e-05
2020-02-05,2.2340024028872075e-05
2020-02-06,8.222240421528313e-06
2020-02-07,1.4643811509362372e-05
2020-02-10,1.37783191489248e-05
2020-02-11,2.093428319696589e-05
2020-02-12,3.341674009509451e-06
2020-02-13,2.4335232046929313e-05
2020-02-14,9.142502495589831e-06
2020-02-18,1.6562645283622666e-05
2020-02-19,8.290391946612949e-06
2020-02-20,0.00010052154006046816
2020-02-21,2.883723577345975e-05
2020-02-24,6.0321748434304516e-05
2020-02-25,0.00034421153372275455
2020-02-26,0.00025131187830787385
2020-02-27,0.00047934997205062197
2020-02-28,0.0005758310124750145
2020-03-02,0.0006018695756473154
2020-03-03,0.0010122143628880408
2020-03-04,0.00020255318419799367
2020-03-05,0.0002630278249726629
2020-03-06,0.00039644847973687353
2020-03-09,0.0003939244930838299
2020-03-10,0.0011752986761574033
2020-03-11,0.0005621533487490291
2020-03-12,0.0011769666532414561
2020-03-13,0.002442769750301831
2020-03-16,0.001746428783853731
2020-03-17,0.0022126716802306455
2020-03-18,0.0025772919931280037
2020-03-19,0.0018752948573432552
2020-03-20,0.0010888278603922521
2020-03-23,0.0009607649954118263
2020-03-24,0.00025198353075124265
2020-03-25,0.0021484726187137185
2020-03-26,0.0004344270749780451
2020-03-27,0.0006849982910399506
2020-03-30,0.0002955367636599988
2020-03-31,0.00031141757784865784
2020-04-01,0.0004110264847566989
2020-04-02,0.00019126945642520084
2020-04-03,0.00044731960869509374
2020-04-06,0.00034868343440295205
2020-04-07,0.00033872911197310864
2020-04-08,0.00042481918355858104
2020-04-09,0.00019468787963686687
2020-04-13,0.00022624217218093106
2020-04-14,5.5421418002990345e-05
2020-04-15,9.766902904323699e-05
2020-04-16,0.00011471399290114399
2020-04-17,9.45370842933287e-05
2020-04-20,0.00012138846414557924
2020-04-21,0.0001067773881490619
2020-04-22,9.161170871070541e-05
2020-04-23,0.00015346678211537252
2020-04-24,0.00013542389173482413
2020-04-27,4.693010733863864e-05
2020-04-28,0.00011801818479588157
2020-04-29,8.599007736099787e-05
2020-04-30,7.169332578658023e-05
2020-05-01,6.91698293260144e-05
2020-05-04,9.809326471137188e-05
2020-05-05,7.244845734730474e-05
2020-05-06,5.800560535240889e-05
2020-05-07,3.836626486655691e-05
2020-05-08,3.0428577518846853e-05
2020-05-11,8.760028879142632e-05
2020-05-12,0.00012330327498115708
2020-05-13,0.0003079831812701022
2020-05-14,0.0003074574912918254
2020-05-15,8.982247785223957e-05
2020-05-18,9.80306587480552e-05
2020-05-19,7.16495696671533e-05
2020-05-20,2.614326837542204e-05
2020-05-21,7.080342747568914e-05
2020-05-22,2.8517984443623504e-05
2020-05-26,5.58160493197246e-05
2020-05-27,0.00022751399580766193
2020-05-28,9.851813829507137e-05
2020-05-29,0.0001244215120799866
2020-06-01,3.861264531529366e-05
2020-06-02,3.553333921795114e-05
2020-06-03,2.9966748330921505e-05
2020-06-04,7.661885694133907e-05
2020-06-05,7.819066588925737e-05
2020-06-08,2.7334137975442967e-05
2020-06-09,4.115753519683572e-05
2020-06-10,6.468634596234072e-05
2020-06-11,0.00021364211895834426
2020-06-12,0.0005495452435055851
2020-06-15,0.0004894351392061817
2020-06-16,0.00030715183367828903
2020-06-17,3.59342542752246e-05
2020-06-18,2.88480297024772e-05
2020-06-19,0.00019763411655806179
2020-06-22,6.773164320041786e-05
2020-06-23,3.695253000352239e-05
2020-06-24,0.00019669880911199467
2020-06-25,0.0001507532193357854
2020-06-26,8.659559470400972e-05
2020-06-29,0.00010971428192181766
2020-06-30,0.00011130504958002295
2020-07-01,3.438121066352091e-05
2020-07-02,7.888268266315941e-05
2020-07-06,1.4129490307559439e-05
2020-07-07,6.758823779339632e-05
2020-07-08,5.152130399475908e-05
2020-07-09,0.00018478038943865478
2020-07-10,8.727350134462637e-05
2020-07-13,0.0002670157216998932
2020-07-14,0.00014586839281884213
2020-07-15,6.789594156855536e-05
2020-07-16,2.112136849120612e-05
2020-07-17,3.745732536414588e-05
2020-07-20,6.213347423104978e-05
2020-07-21,3.636786085536549e-05
2020-07-22,1.6001323156953716e-05
2020-07-23,0.00010822676861324928
2020-07-24,3.552046977446234e-05
2020-07-27,2.1268844488148038e-05
2020-07-28,2.707769269221601e-05
2020-07-29,3.100095383318641e-05
2020-07-30,9.73889187666265e-05
2020-07-31,0.00012784373835857474
2020-08-03,1.3829493733242324e-05
2020-08-04,9.504791716373407e-06
2020-08-05,4.3405196900343415e-06
2020-08-06,2.5199055662289692e-05
2020-08-07,2.1069368920080616e-05
2020-08-10,3.38981486382538e-05
2020-08-11,8.620502894598163e-05
2020-08-12,2.5158216878579683e-05
2020-08-13,2.5040495033497058e-05
2020-08-14,1.1932420370442937e-05
2020-08-17,3.016898391052905e-06
2020-08-18,2.686332020962727e-05
2020-08-19,2.8447091720852454e-05
2020-08-20,3.6042810744694556e-05
2020-08-21,1.4381794464339767e-05
2020-08-24,9.614049711308053e-06
2020-08-25,1.2378895494623169e-05
2020-08-26,3.022274278569028e-05
2020-08-27,4.4906486179502466e-05
2020-08-28,1.9782998007438103e-05
2020-08-31,1.6069196956220814e-05
2020-09-01,3.379750036959999e-05
2020-09-02,6.836588484925683e-05
2020-09-03,0.0003956479734105309
2020-09-04,0.0006964869982441579
2020-09-08,5.908885668307316e-05
2020-09-09,0.00011687854076927828
2020-09-10,0.0002240714556770644
2020-09-11,0.00014857148486569188
2020-09-14,5.4158229220646837e-05
2020-09-15,3.800449513381764e-05
2020-09-16,6.304088085464964e-05
2020-09-17,9.2061488906779e-05
2020-09-18,0.0001706776428075589
2020-09-21,0.0001495514180183533
2020-09-22,9.8278872343615e-05
2020-09-23,0.00013478430069950115
2020-09-24,0.00021243201766833652
2020-09-25,0.00014995654823124485
2020-09-28,2.3742059419994767e-05
2020-09-29,3.30496356986543e-05
2020-09-30,0.00010799227320922608
2020-10-01,5.521831772244288e-05
2020-10-02,8.896839248927356e-05
2020-10-05,2.0433630693155252e-05
2020-10-06,0.00018071029425035623
2020-10-07,3.436681568104007e-05
2020-10-08,1.0343585378560318e-05
2020-10-09,1.4656592176117634e-05
2020-10-12,6.505960606360348e-05
2020-10-13,2.9236661298317978e-05
2020-10-14,6.882353703382223e-05
2020-10-15,6.854477580507693e-05
2020-10-16,4.796562413514971e-05
2020-10-19,0.0001403196566201247
2020-10-20,7.08683718538313e-05
2020-10-21,4.1888028627754704e-05
2020-10-22,7.908185101096102e-05
2020-10-23,2.8354974404905755e-05
2020-10-26,0.00019907283466985207
2020-10-27,1.3517087427059805e-05
2020-10-28,6.744669541309438e-05
2020-10-29,0.00026426445276351635
2020-10-30,0.0002157227311153458
2020-11-02,0.00010930495580074355
2020-11-03,8.810578575956117e-05
2020-11-04,0.00023183806919525193
2020-11-05,5.6965733884275284e-05
2020-11-06,5.647225726542475e-05
2020-11-09,0.0003429660414753387
2020-11-10,8.200888732947291e-05
2020-11-11,2.020729366271738e-05
2020-11-12,8.11123653806644e-05
2020-11-13,3.3930184266815126e-05
2020-11-16,9.593618547798384e-06
2020-11-17,4.556769507624891e-05
2020-11-18,4.492967418318185e-05
2020-11-19,5.2098837074243655e-05
2020-11-20,8.95345064116216e-06
2020-11-23,5.027475352785385e-05
2020-11-24,3.779538024251265e-05
2020-11-25,1.0961998549631477e-05
2020-11-27,8.481845672448268e-06
2020-11-30,5.5978684050414116e-05
2020-12-01,3.162046092318441e-05
2020-12-02,1.8811005989282566e-05
2020-12-03,2.41837425089845e-05
2020-12-04,6.81481245726286e-06
2020-12-07,1.240412405938561e-05
2020-12-08,2.171031395783957e-05
2020-12-09,6.770822209005095e-05
2020-12-10,3.905834590079261e-05
2020-12-11,3.810327182996858e-05
2020-12-14,7.716515174589536e-05
2020-12-15,2.4347706061764708e-05
2020-12-16,1.813729863542304e-05
2020-12-17,5.166071236062018e-06
2020-12-18,5.605784275835615e-05
2020-12-21,0.00016059427379854643
2020-12-22,1.4645799422998572e-05
2020-12-23,1.7280909489972748e-05
2020-12-24,5.390550182628862e-06
2020-12-28,6.747436697256286e-06
2020-12-29,2.3904050500779103e-05
2020-12-30,6.9659768044991896e-06
2020-12-31,2.5290875745530052e-05
2021-01-04,0.00030328052909015776
2021-01-05,4.287800632873793e-05
2021-01-06,0.00017948006903206976
2021-01-07,3.5249994578399965e-05
2021-01-08,6.166391863471402e-05
2021-01-11,2.8415364123291345e-05
2021-01-12,4.0797972309169914e-05
2021-01-13,2.8409190387607134e-05
2021-01-14,2.2496975183325174e-05
2021-01-15,4.248552072607955e-05
2021-01-19,1.2493982780436486e-05
2021-01-20,3.095906388206223e-05
2021-01-21,8.556453214069525e-06
2021-01-22,1.605089630360544e-05
2021-01-25,0.0001310991301880345
2021-01-26,1.3321376843180874e-05
2021-01-27,0.00018135567885364402
2021-01-28,0.0001670205919921507
2021-01-29,0.00014026674842996617
2021-02-01,7.219766786240295e-05
2021-02-02,5.8484944418163774e-05
2021-02-03,2.968409337554373e-05
2021-02-04,1.1033464742136303e-05
2021-02-05,1.0902537455780937e-05
2021-02-08,4.218163839346206e-06
2021-02-09,8.056130446962713e-06
2021-02-10,6.7971868608746e-05
2021-02-11,4.148842593160305e-05
2021-02-12,1.8674059735255226e-05
2021-02-16,2.1559771121540413e-05
2021-02-17,3.174961502079541e-05
2021-02-18,4.471168098713278e-05
2021-02-19,1.909685580368664e-05
2021-02-22,2.421089215389316e-05
2021-02-23,0.00026028207822512925
2021-02-24,8.926254487541948e-05
2021-02-25,0.00021877256207672815
2021-02-26,0.00015343148058586054
2021-03-01,8.163774065119549e-05
2021-03-02,1.8936235259389995e-05
2021-03-03,5.3207033083174364e-05
2021-03-04,0.000438554230154051
2021-03-05,0.00045170790070241926
2021-03-08,0.0001149113970362405
2021-03-09,7.502063697098554e-05
2021-03-10,3.165788852489519e-05
2021-03-11,5.0326935595648215e-05
2021-03-12,1.986778516066665e-05
2021-03-15,5.286415159555477e-05
2021-03-16,2.1296041556911386e-05
2021-03-17,5.903676573112845e-05
2021-03-18,7.508950696100253e-05
2021-03-19,6.156785540988126e-05
2021-03-22,4.013787065790069e-05
2021-03-23,5.500422850994167e-05
2021-03-24,6.762306669629604e-05
2021-03-25,0.00012117313707501681
2021-03-26,3.785822875550929e-05
2021-03-29,4.7319882573179496e-05
2021-03-30,1.7318326806863383e-05
2021-03-31,2.2961747158799737e-05
2021-04-01,6.494672249319341e-06
2021-04-05,2.8442384993567452e-05
2021-04-06,9.78127728292748e-06
2021-04-07,5.866272296605936e-06
2021-04-08,6.117635664525758e-06
2021-04-09,9.706777185871731e-06
2021-04-12,8.195195605471616e-06
2021-04-13,1.325465291781412e-05
2021-04-14,2.128586676461464e-05
2021-04-15,1.1892478723469012e-05
2021-04-16,9.252374022424833e-06
2021-04-19,2.0450897948649318e-05
2021-04-20,3.5393170937907124e-05
2021-04-21,2.334748964299191e-05
2021-04-22,6.238667208743546e-05
2021-04-23,5.0120123403464674e-05
2021-04-26,3.841206449203885e-06
2021-04-27,8.326315751848626e-06
2021-04-28,1.1015540910878631e-05
2021-04-29,4.9361708522367306e-05
2021-04-30,9.113327944909412e-06
2021-05-03,1.2930506298736212e-05
2021-05-04,6.916892797286977e-05
2021-05-05,1.858911107088109e-05
2021-05-06,6.468228549603187e-05
2021-05-07,2.6462293690657018e-05
2021-05-10,3.0978542543098786e-05
2021-05-11,7.44747700563032e-05
2021-05-12,7.574740101277695e-05
2021-05-13,6.267225420149376e-05
2021-05-14,3.907604503087635e-05
2021-05-17,2.3739572332899367e-05
2021-05-18,2.151817285626202e-05
2021-05-19,8.537691333971609e-05
2021-05-20,4.4006970072994316e-05
2021-05-21,3.573573286131784e-05
2021-05-24,2.816696665069945e-05
2021-05-25,2.0133939708101465e-05
2021-05-26,9.306450017452224e-06
2021-05-27,6.855177568057841e-06
2021-05-28,5.200080691097738e-06
2021-06-01,3.297005819495109e-05
2021-06-02,1.0265267157360083e-05
2021-06-03,3.788510349732215e-05
2021-06-04,8.741405790714376e-06
2021-06-07,7.624656994978846e-06
2021-06-08,2.1580732069105938e-05
2021-06-09,5.511412149542255e-06
2021-06-10,2.1666555145882506e-05
2021-06-11,6.793156406842779e-06
2021-06-14,1.1851268197782944e-05
2021-06-15,8.190368211499109e-06
2021-06-16,5.4760030456571216e-05
2021-06-17,3.692901977081219e-05
2021-06-18,1.4164003182660924e-05
2021-06-21,2.1290187783496836e-05
2021-06-22,3.118083973223176e-05
2021-06-23,5.190079652901574e-06
2021-06-24,3.7030980681892512e-06
2021-06-25,5.287844104017743e-06
2021-06-28,7.632380898005454e-06
2021-06-29,4.88629827207289e-06
2021-06-30,4.6918142828766914e-06
2021-07-01,3.0153235637949275e-06
2021-07-02,8.46259386368027e-06
2021-07-06,4.371934103932905e-05
2021-07-07,2.6229545900552344e-05
2021-07-08,4.637516199817908e-05
2021-07-09,1.414141474576506e-05
2021-07-12,1.0390993836894265e-05
2021-07-13,1.4045523341117838e-05
2021-07-14,2.4909416134707007e-05
2021-07-15,1.9505876378233086e-05
2021-07-16,3.9890989111129996e-05
2021-07-19,7.97076511775001e-05
2021-07-20,8.094965313133898e-05
2021-07-21,6.071802100093044e-06
2021-07-22,9.540230606476304e-06
2021-07-23,1.1144137640916633e-05
2021-07-26,4.45740908457873e-06
2021-07-27,4.540810052996712e-05
2021-07-28,2.0801317312996374e-05
2021-07-29,1.3030920604506891e-05
2021-07-30,1.3185203605750598e-05
2021-08-02,2.8256519693652463e-05
2021-08-03,4.8287348712044185e-05
2021-08-04,3.0282656380442274e-06
2021-08-05,3.078678327473281e-06
2021-08-06,2.41851288619042e-06
2021-08-09,4.8860528244283095e-06
2021-08-10,5.8328333471568665e-06
2021-08-11,4.292894741497043e-06
2021-08-12,1.2591260696162447e-05
2021-08-13,1.2366100980525484e-06
2021-08-16,3.9333459363988794e-05
2021-08-17,4.591748080972037e-05
2021-08-18,4.945029548253185e-05
2021-08-19,5.615073706497142e-05
2021-08-20,1.6912534741921597e-05
2021-08-23,2.2653394555442966e-05
2021-08-24,2.688854998998789e-06
2021-08-25,5.747971635681502e-06
2021-08-26,7.172726598898063e-06
2021-08-27,1.428860163157529e-05
2021-08-30,9.328322565503645e-06
2021-08-31,4.996546157207938e-06
2021-09-01,5.130908282009553e-06
2021-09-02,1.0800521572290977e-05
2021-09-03,9.717030061498874e-06
2021-09-07,7.795026001921356e-06
2021-09-08,1.8764473453035974e-05
2021-09-09,2.774148629565998e-05
2021-09-10,5.296741390824664e-05
2021-09-13,5.526545099505463e-05
2021-09-14,3.783213983745926e-05
2021-09-15,3.7679233011302435e-05
2021-09-16,4.4178133851037977e-05
2021-09-17,2.203003160769392e-05
2021-09-20,0.00020716965871219047
2021-09-21,4.925466484945732e-05
2021-09-22,4.7036178185629346e-05
2021-09-23,5.226354650174437e-05
2021-09-24,2.134619906408114e-05
2021-09-27,1.1249117981033297e-05
2021-09-28,4.960729398340773e-05
2021-09-29,2.4159460196055183e-05
2021-09-30,7.250188520008365e-05
2021-10-01,0.00016750363155519665
2021-10-04,0.00010894374155388021
2021-10-05,6.705017120043984e-05
2021-10-06,0.00011083080233948208
2021-10-07,4.990416143098375e-05
2021-10-08,1.260381192345949e-05
2021-10-11,6.749972846257787e-05
2021-10-12,2.1978395025467156e-05
2021-10-13,4.8032640321777646e-05
2021-10-14,1.9416558899989933e-05
2021-10-15,8.982439129033393e-06
2021-10-18,3.2703500347210904e-05
2021-10-19,4.7148442656110395e-06
2021-10-20,3.994421346453217e-06
2021-10-21,8.862648681078429e-06
2021-10-22,3.0812284773083704e-05
2021-10-25,2.6923066748197267e-05
2021-10-26,2.023209145867799e-05
2021-10-27,1.0857822122879378e-05
2021-10-28,7.945930454081888e-06
2021-10-29,1.955972623681784e-05
2021-11-01,1.488157676669277e-05
2021-11-02,5.704299872861174e-06
2021-11-03,2.5430844351287888e-05
2021-11-04,4.344998283244373e-06
2021-11-05,3.123854857886554e-05
2021-11-08,9.520197658204325e-06
2021-11-09,2.3765750551666692e-05
2021-11-10,5.730771903568599e-05
2021-11-11,4.25536108320362e-06
2021-11-12,1.908301635463256e-05
2021-11-15,1.2996722195392732e-05
2021-11-16,2.0506178579767584e-05
2021-11-17,3.745990065949924e-06
2021-11-18,2.922802837554214e-05
2021-11-19,1.0581884442738122e-05
2021-11-22,7.080102265734294e-05
2021-11-23,4.7307461983909684e-05
2021-11-24,3.055794271559233e-05
2021-11-26,5.828477946154053e-05
2021-11-29,4.0005715713273214e-05
2021-11-30,7.682367175079851e-05
2021-12-01,0.0003350311354050064
2021-12-02,0.00010069724983993558
2021-12-03,0.000259367263700951
2021-12-06,8.939087448012627e-05
2021-12-07,3.5198631681933266e-05
2021-12-08,1.932691277393307e-05
2021-12-09,9.78130446431073e-06
2021-12-10,3.2248043243380346e-05
2021-12-13,1.1461089538911117e-05
2021-12-14,6.636507218246186e-05
2021-12-15,0.00014119445975956365
2021-12-16,0.00010108815289525434
2021-12-17,8.469364965722656e-05
2021-12-20,7.031164390062988e-05
2021-12-21,5.51363853455e-05
2021-12-22,2.453457849991346e-05
2021-12-23,2.2049944481210917e-05
2021-12-27,1.7156582834005772e-05
2021-12-28,1.4433613529871707e-05
2021-12-29,1.4373488403541627e-05
2021-12-30,2.052999450431512e-05
2021-12-31,8.355533379202132e-06
2022-01-03,2.6703203283049097e-05
2022-01-04,4.07306571192663e-05
2022-01-05,8.297012030750956e-05
2022-01-06,6.532237607855133e-05
2022-01-07,3.907144253765068e-05
2022-01-10,0.00018845269016363122
2022-01-11,9.771536781695773e-05
2022-01-12,3.959973795362478e-05
2022-01-13,0.00010227401735176514
2022-01-14,4.790877482570736e-05
2022-01-18,4.000887934512779e-05
2022-01-19,0.00010163993529609859
2022-01-20,0.0002948659228912007
2022-01-21,0.00014301249430238454
2022-01-24,0.0009580718704521867
2022-01-25,0.00040375489374313737
2022-01-26,0.0005056345720559402
2022-01-27,0.0003128733441980325
2022-01-28,0.0003329849273222774
2022-01-31,0.00012995097247544754
2022-02-01,9.620608923327961e-05
2022-02-02,5.251011884607322e-05
2022-02-03,6.544529981897299e-05
2022-02-04,0.00018627075825751715
2022-02-07,5.363507791005572e-05
2022-02-08,7.450194635009316e-05
2022-02-09,1.4457444440835413e-05
2022-02-10,0.000220361373724748
2022-02-11,0.00024265048544331024
2022-02-14,9.51232778125864e-05
2022-02-15,1.3669768085290914e-05
2022-02-16,8.292961265736593e-05
2022-02-17,5.983749614366554e-05
2022-02-18,9.355039355826022e-05
2022-02-22,0.00022625727102195312
2022-02-23,0.0001838545707286616
2022-02-24,0.0005344565893892707
2022-02-25,0.00010554937622063643
2022-02-28,0.00013554988993317446
2022-03-01,0.00019452724233211
2022-03-02,8.02843596827286e-05
2022-03-03,0.0001033625423913339
2022-03-04,8.413152742222029e-05
2022-03-07,0.00010793207853603936
2022-03-08,0.00037609191208739845
2022-03-09,9.61477625783815e-05
2022-03-10,9.412583040273685e-05
2022-03-11,0.00010591147900510833
2022-03-14,0.0001891076861586454
2022-03-15,7.597040471228843e-05
2022-03-16,0.00020784802396732704
2022-03-17,6.57523115954043e-05
2022-03-18,8.169838289084094e-05
2022-03-21,8.319632687517648e-05
2022-03-22,3.461363933439206e-05
2022-03-23,2.4855444374022302e-05
2022-03-24,2.791066829990547e-05
2022-03-25,4.176051894687307e-05
2022-03-28,5.921606579461288e-05
2022-03-29,3.8348859086252954e-05
2022-03-30,4.2297355617135896e-05
2022-03-31,3.9306151543426875e-05
2022-04-01,4.06792254461332e-05
2022-04-04,2.4862624532494398e-05
2022-04-05,0.00010973326169687526
2022-04-06,6.922269007611471e-05
2022-04-07,0.00011224241395357831
2022-04-08,5.121482349398877e-05
2022-04-11,3.0327378085210895e-05
2022-04-12,0.00017328914406328634
2022-04-13,4.172452067599857e-05
2022-04-14,6.0822867997142445e-05
2022-04-18,4.079031559271749e-05
2022-04-19,6.361766099290459e-05
2022-04-20,3.5951555392194097e-05
2022-04-21,0.00023837686001997
2022-04-22,0.00010508244006043394
2022-04-25,0.00023183554174075586
2022-04-26,6.838721652536268e-05
2022-04-27,0.00017132798684576307
2022-04-28,0.0003078232406701466
2022-04-29,0.00027408916628968334
2022-05-02,0.00032600028118870346
2022-05-03,7.52119621136969e-05
2022-05-04,0.0004007949097421827
2022-05-05,0.00043778100262086917
2022-05-06,0.00023775122873726884
2022-05-09,0.00015265723118294963
2022-05-10,0.0003522167387524026
2022-05-11,0.00038045280328073304
2022-05-12,0.0003494995541058732
2022-05-13,8.84193195742355e-05
2022-05-16,0.00012043199864436887
2022-05-17,6.605822088906333e-05
2022-05-18,0.0002188929580851042
2022-05-19,0.00015725324014081836
2022-05-20,0.0005718818686927707
2022-05-23,9.721670700027046e-05
2022-05-24,0.00021157782912231872
2022-05-25,0.00011617411176647908
2022-05-26,0.0001242568457175903
2022-05-27,4.497473921254082e-05
2022-05-31,0.00010959999523391952
2022-06-01,0.00019956802498668363
2022-06-02,0.00016281545585099727
2022-06-03,3.7859481132625275e-05
2022-06-06,9.96738229206897e-05
2022-06-07,0.00011748544591738531
2022-06-08,5.9768798003184855e-05
2022-06-09,0.00014920636490500927
2022-06-10,4.3020388511344655e-05
2022-06-13,0.00016588847388150985
2022-06-14,0.00016610367523460482
2022-06-15,0.0004467517710910338
2022-06-16,0.0001814292990410762
2022-06-17,0.0001837788992887833
2022-06-21,7.97778042289391e-05
2022-06-22,0.00023159727658636923
2022-06-23,0.00011060276175739082
2022-06-24,7.307103600845809e-05
2022-06-27,3.663593979597011e-05
2022-06-28,0.00030819855087550676
2022-06-29,4.715384258061282e-05
2022-06-30,0.0002259003265115005
2022-07-01,0.00015768336670824422
2022-07-05,0.00024324463047797754
2022-07-06,0.00012391305004200514
2022-07-07,3.969201929568148e-05
2022-07-08,7.654433493253698e-05
2022-07-11,1.9928115428574965e-05
2022-07-12,0.0001425123157235503
2022-07-13,0.00015885294074056527
2022-07-14,0.00017940549598124468
2022-07-15,1.97042698100521e-05
2022-07-18,0.00016290260447976947
2022-07-19,5.8915739491264434e-05
2022-07-20,7.20965366970949e-05
2022-07-21,0.00011724087117377607
2022-07-22,0.0001382503977714305
2022-07-25,3.2303890486225935e-05
2022-07-26,3.2570566582826915e-05
2022-07-27,0.00011670152568923529
2022-07-28,0.00017643114503229713
2022-07-29,6.767815627083625e-05
2022-08-01,6.961687712249152e-05
2022-08-02,0.00010501298279756013
2022-08-03,5.364781808338303e-05
2022-08-04,1.9255794155666705e-05
2022-08-05,3.800240103467882e-05
2022-08-08,9.047448616588468e-05
2022-08-09,1.6111648798123244e-05
2022-08-10,1.3678581277882551e-05
2022-08-11,8.04204814498342e-05
2022-08-12,3.703509726743414e-05
2022-08-15,3.878283671185546e-05
2022-08-16,5.645186343224562e-05
2022-08-17,6.502353870434031e-05
2022-08-18,2.313126226095773e-05
2022-08-19,3.232465663621765e-05
2022-08-22,5.0231079634131945e-05
2022-08-23,3.6799523042180643e-05
2022-08-24,3.451796791582007e-05
2022-08-25,3.3878907655802355e-05
2022-08-26,0.00016833112250652264
2022-08-29,6.323654533281324e-05
2022-08-30,0.0001255832822629119
2022-08-31,6.56315140813987e-05
2022-09-01,0.00012056715156915211
2022-09-02,0.00027898786063569635
2022-09-06,8.863710210118947e-05
2022-09-07,9.190159688687844e-05
2022-09-08,8.431144318629395e-05
2022-09-09,4.188786932963009e-05
2022-09-12,2.1235338956339788e-05
2022-09-13,0.00015846803507069276
2022-09-14,7.918015356977214e-05
2022-09-15,0.00013878919674211173
2022-09-16,6.31267662477587e-05
2022-09-19,6.389509687197e-05
2022-09-20,6.954852732815984e-05
2022-09-21,0.0002921017118899987
2022-09-22,4.4296751055748116e-05
2022-09-23,0.0002011704850023741
2022-09-26,0.00016364895007718616
2022-09-27,0.0002856194960908456
2022-09-28,0.0002115660289122188
2022-09-29,0.00015810780071625713
2022-09-30,0.00022172392354547458
2022-10-03,0.00019018098311690345
2022-10-04,3.796656183110072e-05
2022-10-05,0.0002258850579309624
2022-10-06,0.00010074679724670787
2022-10-07,0.00014675070792645112
2022-10-10,0.00012046046450772542
2022-10-11,0.00019919832180831392
2022-10-12,4.03677429178726e-05
2022-10-13,0.0007909416714601459
2022-10-14,0.00032217879381578573
2022-10-17,5.2588320353605085e-05
2022-10-18,0.00019047036993019573
2022-10-19,0.00013912116131869844
2022-10-20,0.0002162066019444866
2022-10-21,0.00018764006143629343
2022-10-24,0.0001336327213188638
2022-10-25,4.3174707255039395e-05
2022-10-26,0.00012909801520913857
2022-10-27,8.755359959025362e-05
2022-10-28,9.342583153715479e-05
2022-10-31,2.8519037268879266e-05
2022-11-01,0.0001001164457573064
2022-11-02,0.0003978122349014468
2022-11-03,9.416545192395479e-05
2022-11-04,0.00027152456938166924
2022-11-07,6.61940531691193e-05
2022-11-08,0.00017968281966437578
2022-11-09,8.6223349118961e-05
2022-11-10,8.165507747852723e-05
2022-11-11,8.086233244669067e-05
2022-11-14,7.65828312579439e-05
2022-11-15,0.00017454960470922898
2022-11-16,1.826264900419343e-05
2022-11-17,5.530890380488718e-05
2022-11-18,6.151424334141849e-05
2022-11-21,2.5375682714152908e-05
2022-11-22,4.0472352680843725e-05
2022-11-23,2.080602135634982e-05
2022-11-25,5.235839658791938e-06
2022-11-28,5.88214105977552e-05
2022-11-29,4.780553907419709e-05
2022-11-30,0.00026164615759270335
2022-12-01,7.158105936333653e-05
2022-12-02,6.489892026488714e-05
2022-12-05,7.559093794250749e-05
2022-12-06,0.00014512561605892836
2022-12-07,3.919654379314063e-05
2022-12-08,4.093577385144897e-05
2022-12-09,5.210383951393332e-05
2022-12-12,3.315514002184811e-05
2022-12-13,0.0002972613299681601
2022-12-14,0.00023160817466714263
2022-12-15,0.00010456249397985528
2022-12-16,9.493970360401596e-05
2022-12-19,6.830148433013236e-05
2022-12-20,5.904314830233592e-05
2022-12-21,4.54491207535859e-05
2022-12-22,0.0002466180978126806
2022-12-23,5.826216660312156e-05
2022-12-27,3.2883604993230254e-05
2022-12-28,9.950225484204036e-05
2022-12-29,4.4061738104776806e-05
2022-12-30,5.0622606738885734e-05
2023-01-03,0.00021819305741052795
2023-01-04,0.00010727446537713222
2023-01-05,2.1249872754316658e-05
2023-01-06,0.000180336364746453
2023-01-09,0.00010879747865652797
2023-01-10,3.5676230342941514e-05
2023-01-11,2.0935972223665732e-05
2023-01-12,0.00011434461762189855
2023-01-13,6.406234401516711e-05
2023-01-17,2.8012419720597303e-05
2023-01-18,0.00011093445193499304
2023-01-19,4.160839840791358e-05
2023-01-20,8.156990267738207e-05
2023-01-23,0.00010077254354075787
2023-01-24,3.071811026189797e-05
2023-01-25,0.0001293914165786269
2023-01-26,5.7524049735651693e-05
2023-01-27,5.5834246505358776e-05
2023-01-30,4.791878976418821e-05
2023-01-31,2.4884174123022967e-05
2023-02-01,0.0003171160444718348
2023-02-02,7.26663125268076e-05
2023-02-03,0.00010092291887500435
2023-02-06,2.7276182769871535e-05
2023-02-07,0.0001497965042848421
2023-02-08,3.107355097571844e-05
2023-02-09,0.00013155467023140215
2023-02-10,2.312170632012867e-05
2023-02-13,2.5386155492210332e-05
2023-02-14,0.00012108548594274214
2023-02-15,3.934518448184469e-05
2023-02-16,5.1833069538017485e-05
2023-02-17,3.4017364062597726e-05
2023-02-21,2.87398418986346e-05
2023-02-22,4.844603477777374e-05
2023-02-23,0.00010831530863934064
2023-02-24,3.9175197018719464e-05
2023-02-27,5.952578363189534e-05
2023-02-28,2.4420547610551038e-05
2023-03-01,3.0609206150856956e-05
2023-03-02,8.04528483605616e-05
2023-03-03,3.3074435014673205e-05
2023-03-06,3.372592041442472e-05
2023-03-07,5.894947272167712e-05
2023-03-08,2.9094510961098214e-05
2023-03-09,0.00021988048836892686
2023-03-10,0.00018734234445721737
2023-03-13,0.0002998890888152228
2023-03-14,0.0001166798544831588
2023-03-15,9.906901499598791e-05
2023-03-16,0.00016224884077982443
2023-03-17,6.350041378697186e-05
2023-03-20,2.1909425875928052e-05
2023-03-21,2.741865068926458e-05
2023-03-22,0.00023186444205450073
2023-03-23,0.00024722599150855045
2023-03-24,0.00010520432636859264
2023-03-27,3.424978069922778e-05
2023-03-28,2.4145556718277106e-05
2023-03-29,1.0744506834530062e-05
2023-03-30,1.986840862958337e-05
2023-03-31,2.387687255674665e-05
2023-04-03,1.3268883764530216e-05
2023-04-04,4.61736294342814e-05
2023-04-05,2.16501957333581e-05
2023-04-06,2.8878939387707247e-05
2023-04-10,2.763301272028349e-05
2023-04-11,1.3809102086175889e-05
2023-04-12,4.6269312004008106e-05
2023-04-13,2.7558377935163372e-05
2023-04-14,7.282844825229074e-05
2023-04-17,1.9287891021783378e-05
2023-04-18,2.25919087001989e-05
2023-04-19,1.7723926709224427e-05
2023-04-20,3.3850435844119194e-05
2023-04-21,1.7101489393328604e-05
2023-04-24,1.7238483839179354e-05
2023-04-25,2.1146290823091714e-05
2023-04-26,2.5537066182644034e-05
2023-04-27,3.480266927428837e-05
2023-04-28,1.7789638628548734e-05
2023-05-01,1.4881841766462705e-05
2023-05-02,0.00011779421733901054
2023-05-03,8.141612473885887e-05
2023-05-04,2.5053819838156394e-05
2023-05-05,5.3837923228640204e-05
2023-05-08,9.977370328166373e-06
2023-05-09,4.932586441003448e-06
2023-05-10,8.915038240201556e-05
2023-05-11,1.6213096035821648e-05
2023-05-12,5.387389861564788e-05
2023-05-15,2.6093454774117415e-05
2023-05-16,1.1981586319460223e-05
2023-05-17,4.69899352863907e-05
2023-05-18,3.187325012994844e-05
2023-05-19,2.7130901747619463e-05
2023-05-22,2.4724401675175237e-05
2023-05-23,3.1921344441765544e-05
2023-05-24,1.7625587694640462e-05
2023-05-25,3.724876142570241e-05
2023-05-26,3.814159511940111e-05
2023-05-30,3.2941123942291037e-05
2023-05-31,2.1916187900423856e-05
2023-06-01,7.307237373239907e-05
2023-06-02,3.137647170021806e-05
2023-06-05,2.6932351649437138e-05
2023-06-06,1.4119707275438511e-05
2023-06-07,2.7046800294272205e-05
2023-06-08,2.3827828245452793e-05
2023-06-09,2.5010789555053265e-05
2023-06-12,1.4862531993977555e-05
2023-06-13,1.2380217570797363e-05
2023-06-14,7.56414205292824e-05
2023-06-15,7.827776987819271e-05
2023-06-16,2.3531638985394906e-05
2023-06-20,2.7170094013361866e-05
2023-06-21,1.364008710145323e-05
2023-06-22,1.0074165533282064e-05
2023-06-23,1.6067155159076536e-05
2023-06-26,2.530817696617422e-05
2023-06-27,2.9972038241883473e-05
2023-06-28,2.1933362907825808e-05
2023-06-29,8.865636983718526e-06
2023-06-30,1.7615635414926157e-05
2023-07-03,4.562506928928329e-06
2023-07-05,7.258034363913379e-06
2023-07-06,3.3982855449617746e-05
2023-07-07,4.6701864168357985e-05
2023-07-10,8.610577573700029e-06
2023-07-11,2.0510581613577238e-05
2023-07-12,1.5350677875017963e-05
2023-07-13,1.2801921299016136e-05
2023-07-14,1.791266842615517e-05
2023-07-17,1.5452687157358345e-05
2023-07-18,3.4583405829411815e-05
2023-07-19,1.0453839498924537e-05
2023-07-20,2.632423798183038e-05
2023-07-21,5.356056416636724e-06
2023-07-24,9.44265775234707e-06
2023-07-25,1.6272756019140255e-05
2023-07-26,2.8081458039323014e-05
2023-07-27,7.916110461067509e-05
2023-07-28,1.1306481884355537e-05
2023-07-31,1.0260459434302204e-05
2023-08-01,6.892761799523268e-06
2023-08-02,2.326969016032108e-05
2023-08-03,2.7319498923886133e-05
2023-08-04,8.185217663501749e-05
2023-08-07,6.542263192657002e-06
2023-08-08,3.763708094871752e-05
2023-08-09,2.0046467667108897e-05
2023-08-10,0.0001130169472232196
2023-08-11,2.2671966631571082e-05
2023-08-14,1.4766406871834656e-05
2023-08-15,2.219807039966153e-05
2023-08-16,3.7767013608442524e-05
2023-08-17,3.9965249115660176e-05
2023-08-18,4.439082345238017e-05
2023-08-21,5.04697861728827e-05
2023-08-22,1.7738203187196857e-05
2023-08-23,2.4904683518177622e-05
2023-08-24,5.232585869432765e-05
2023-08-25,9.507354277199388e-05
2023-08-28,1.4368825424189216e-05
2023-08-29,3.5941295432925547e-05
2023-08-30,1.536163203707357e-05
2023-08-31,1.3479515561217623e-05
2023-09-01,3.478713088240357e-05
2023-09-05,4.898378746564354e-06
2023-09-06,4.576257001679847e-05
2023-09-07,1.3550704263158232e-05
2023-09-08,1.5146316368173102e-05
2023-09-11,1.2238615463762742e-05
2023-09-12,2.042142059504626e-05
2023-09-13,1.6329681807652785e-05
2023-09-14,2.1705697938654217e-05
2023-09-15,2.059349056037056e-05
2023-09-18,1.3443218847551866e-05
2023-09-19,2.8068376392856176e-05
2023-09-20,4.013098626029668e-05
2023-09-21,1.7013708759895705e-05
2023-09-22,3.480949206152495e-05
2023-09-25,1.9485366249804604e-05
2023-09-26,2.7652396113454163e-05
2023-09-27,7.709675175052901e-05
2023-09-28,5.696985396557138e-05
2023-09-29,5.8192648276495685e-05
2023-10-02,4.416141332432735e-05
2023-10-03,8.12064313826545e-05
2023-10-04,4.4842627684969236e-05
2023-10-05,4.7084099652736196e-05
2023-10-06,0.00018450011161756793
2023-10-09,4.505840721997184e-05
2023-10-10,4.8174672013607064e-05
2023-10-11,2.6971301115393616e-05
2023-10-12,7.631587333333279e-05
2023-10-13,9.047029276115079e-05
2023-10-16,2.4195652932976198e-05
2023-10-17,6.646102988265757e-05
2023-10-18,5.943403824878436e-05
2023-10-19,9.237495983680918e-05
2023-10-20,2.6500050144179357e-05
2023-10-23,0.000123505644175379
2023-10-24,4.136578061432594e-05
2023-10-25,2.8055706451688816e-05
2023-10-26,5.623436099221585e-05
2023-10-27,5.3520534024080066e-05
2023-10-30,4.0574731554495145e-05
2023-10-31,4.050972649140933e-05
2023-11-01,3.5321312213316245e-05
2023-11-02,2.0413315448231226e-05
2023-11-03,2.903799062991842e-05
2023-11-06,1.5962907373755628e-05
2023-11-07,2.1915516900500375e-05
2023-11-08,2.5765770517907336e-05
2023-11-09,2.4809289184591264e-05
2023-11-10,5.6460526934005176e-05
2023-11-13,1.9615015456872064e-05
2023-11-14,3.543423962533102e-05
2023-11-15,1.6340191724923074e-05
2023-11-16,1.2040187899352612e-05
2023-11-17,9.911591913005669e-06
2023-11-20,2.919597549926821e-05
2023-11-21,6.721060148111307e-06
2023-11-22,1.2924694776745676e-05
2023-11-24,1.1305170056176926e-06
2023-11-27,4.497062164502501e-06
2023-11-28,1.677568484289714e-05
2023-11-29,3.090294784032498e-05
2023-11-30,2.260206890338631e-05
2023-12-01,2.4799761463445098e-05
2023-12-04,1.528145172667606e-05
2023-12-05,1.5504833408126564e-05
2023-12-06,2.1689779738038414e-05
2023-12-07,1.0583599038753016e-05
2023-12-08,1.4786291873279757e-05
2023-12-11,6.288829682451853e-06
2023-12-12,1.83914920318666e-05
2023-12-13,3.550208903658633e-05
2023-12-14,4.3933728934123044e-05
2023-12-15,9.34018298187038e-06
2023-12-18,8.898125439107603e-06
2023-12-19,3.4042383902152e-06
2023-12-20,6.720454941519279e-05
2023-12-21,2.7737254205051935e-05
2023-12-22,2.89244733697571e-05
2023-12-26,1.086281498578704e-05
2023-12-27,4.8392029460682925e-06
2023-12-28,3.1504372829935047e-06
2023-12-29,2.6294342228055535e-05
2024-01-02,2.2224782055835614e-05
2024-01-03,1.2550995530580966e-05
2024-01-04,3.34249182666061e-05
2024-01-05,3.4295594064395586e-05
2024-01-08,3.179390335543466e-05
2024-01-09,2.372211637917139e-05
2024-01-10,1.6891377433600373e-05
2024-01-11,7.393704826632031e-05
2024-01-12,2.3472943830153086e-05
2024-01-16,2.6630111527602784e-05
2024-01-17,1.9334366935433445e-05
2024-01-18,3.769401135512951e-05
2024-01-19,3.661312706542782e-05
2024-01-22,1.2435056282288665e-05
2024-01-23,9.373043680168244e-06
2024-01-24,2.3347200499129213e-05
2024-01-25,1.649167174509409e-05
2024-01-26,1.3208763388299027e-05
2024-01-29,1.685082537918594e-05
2024-01-30,4.516305194597014e-06
2024-01-31,3.316030272537588e-05
2024-02-01,2.7062450207890546e-05
2024-02-02,6.405015770586466e-05
2024-02-05,2.809387531088688e-05
2024-02-06,1.0446968661720845e-05
2024-02-07,1.1607735417128358e-05
2024-02-08,3.4350230427948766e-06
2024-02-09,9.825902063308197e-06
2024-02-12,1.9282479358398305e-05
2024-02-13,4.97211739650364e-05
2024-02-14,3.372368589140128e-05
2024-02-15,1.1156604107114497e-05
2024-02-16,2.0447432341066836e-05
2024-02-20,2.7280130396590765e-05
2024-02-21,2.258369501980974e-05
2024-02-22,2.511551019980953e-05
2024-02-23,1.46815993049354e-05
2024-02-26,7.752494959365772e-06
2024-02-27,1.046295211657203e-05
2024-02-28,6.944259434481212e-06
2024-02-29,3.4168947928850725e-05
2024-03-01,1.8761226530557752e-05
2024-03-04,9.578100216275654e-06
2024-03-05,4.929042193560872e-05
2024-03-06,2.4313485232188772e-05
2024-03-07,1.7308918827377113e-05
2024-03-08,7.268755836529038e-05
2024-03-11,2.1004617125708585e-05
2024-03-12,5.6296302406342105e-05
2024-03-13,1.2958021684551016e-05
2024-03-14,4.524648322064749e-05
2024-03-15,1.958374559371651e-05
2024-03-18,1.6627692457001134e-05
2024-03-19,2.2089753760811276e-05
2024-03-20,2.893355744392777e-05
2024-03-21,5.5897240074820934e-06
2024-03-22,3.824584260824413e-06
2024-03-25,3.0729366058796843e-06
2024-03-26,9.425317597160567e-06
2024-03-27,1.5887609280649813e-05
2024-03-28,5.996717853280095e-06
2024-04-01,1.9109491831075693e-05
2024-04-02,1.0892955186601988e-05
2024-04-03,1.757686989093612e-05
2024-04-04,9.159787469245479e-05
2024-04-05,4.872410498668374e-05
2024-04-08,7.950778410681751e-06
2024-04-09,7.53033565075647e-05
2024-04-10,2.889958392988932e-05
2024-04-11,8.972109816958392e-05
2024-04-12,5.1406656570521295e-05
2024-04-15,0.00014308881144060585
2024-04-16,2.8640391909104263e-05
2024-04-17,6.514024696112973e-05
2024-04-18,5.292397210703213e-05
2024-04-19,6.349087483734095e-05
2024-04-22,8.791193520781636e-05
2024-04-23,1.909538488802989e-05
2024-04-24,3.247095204419759e-05
2024-04-25,7.695681012080329e-05
2024-04-26,2.96636572546137e-05
2024-04-29,2.321756063259921e-05
2024-04-30,4.112453316788431e-05
2024-05-01,0.00013201274722619843
2024-05-02,7.264857777589431e-05
2024-05-03,2.7026485289471794e-05
2024-05-06,6.6407754659621865e-06
2024-05-07,8.395652709482827e-06
2024-05-08,7.657626250618625e-06
2024-05-09,1.3568358999683389e-05
2024-05-10,1.6351545409699578e-05
2024-05-13,1.055741817593954e-05
2024-05-14,9.919749488070144e-06
2024-05-15,1.4206046313866786e-05
2024-05-16,1.2908968595411267e-05
2024-05-17,8.523385388371707e-06
2024-05-20,9.196028330606397e-06
2024-05-21,5.328594303118163e-06
2024-05-22,2.24905121116177e-05
2024-05-23,5.647006454255688e-05
2024-05-24,1.2261551012713657e-05
2024-05-28,2.050902738799707e-05
2024-05-29,4.960345157560917e-06
2024-05-30,1.8159353438567235e-05
2024-05-31,0.00012690950981376756
2024-06-03,8.018213750903541e-05
2024-06-04,2.8046631340045305e-05
2024-06-05,3.507590198591048e-05
2024-06-06,1.2415528286678343e-05
2024-06-07,3.325994313058365e-05
2024-06-10,1.535957702053165e-05
2024-06-11,3.471862773602554e-05
2024-06-12,2.2793298742309255e-05
2024-06-13,2.555160058474579e-05
2024-06-14,1.3229691103570811e-05
2024-06-17,5.488769972501303e-05
2024-06-18,4.524983645132797e-06
2024-06-20,3.23355009773472e-05
2024-06-21,1.1501996453499153e-05
2024-06-24,2.9228590787345215e-05
2024-06-25,1.0669849689603346e-05
2024-06-26,1.2539031718020879e-05
2024-06-27,7.909941995081878e-06
2024-06-28,7.722565728708375e-05
2024-07-01,1.8059291639531028e-05
2024-07-02,1.5119325085124315e-05
2024-07-03,5.542233990764856e-06
2024-07-05,1.3561380356637987e-05
2024-07-08,6.832083815631073e-06
2024-07-09,3.5462318739045502e-06
2024-07-10,1.574838123281378e-05
2024-07-11,3.753641178121353e-05
2024-07-12,5.962115422167544e-05
2024-07-15,4.2215756821719235e-05
2024-07-16,8.241356843567822e-06
2024-07-17,1.6752056398032483e-05
2024-07-18,8.340981146695618e-05
2024-07-19,4.118960741448026e-05
2024-07-22,2.2773869941899242e-05
2024-07-23,1.798674567672363e-05
2024-07-24,4.978480184807765e-05
2024-07-25,0.00015960001112165923
2024-07-26,4.727267194345292e-05
2024-07-29,2.9191243006479928e-05
2024-07-30,0.00010666960252904358
2024-07-31,5.114596263080813e-05
2024-08-01,0.00029625158594888336
2024-08-02,0.0001052230768462735
2024-08-05,0.00030436353489443266
2024-08-06,0.000239678659718132
2024-08-07,0.00020644958372771847
2024-08-08,9.744918705131924e-05
2024-08-09,4.703092306716449e-05
2024-08-12,3.758462031722446e-05
2024-08-13,1.6962627360039574e-05
2024-08-14,3.567435034332325e-05
2024-08-15,1.0890597692615089e-05
2024-08-16,1.4952414720207152e-05
2024-08-19,2.094971439754498e-05
2024-08-20,1.9112671971873123e-05
2024-08-21,2.296116386485147e-05
2024-08-22,5.240897762326698e-05
2024-08-23,3.831559521417326e-05
2024-08-26,3.199988254116194e-05
2024-08-27,1.6129624727045602e-05
2024-08-28,5.693378126297173e-05
2024-08-29,6.051947940389415e-05
2024-08-30,6.124312024349913e-05
2024-09-03,0.00011885491522286498
2024-09-04,3.7533477790171855e-05
2024-09-05,6.759743751816434e-05
2024-09-06,0.00011383336741311337
2024-09-09,3.0559167304149745e-05
2024-09-10,5.244405360074384e-05
2024-09-11,0.00034943397980676964
2024-09-12,5.037730777915478e-05
2024-09-13,1.2677731296082203e-05
2024-09-16,1.1822122286728229e-05
2024-09-17,4.528784373318072e-05
2024-09-18,8.057321469933478e-05
2024-09-19,3.2655765334658575e-05
2024-09-20,2.4879679406518255e-05
2024-09-23,6.315601951761104e-06
2024-09-24,1.9863161298253877e-05
2024-09-25,1.126854520797297e-05
2024-09-26,2.9256510158234883e-05
2024-09-27,1.6656008394775856e-05
2024-09-30,4.258157398353593e-05
2024-10-01,6.114107891347449e-05
2024-10-02,3.0535064350219704e-05
2024-10-03,2.637069418110631e-05
2024-10-04,3.6517392916026934e-05
2024-10-07,2.1495766714709367e-05
2024-10-08,1.6132057358752307e-05
2024-10-09,2.1477912179634898e-05
2024-10-10,1.3680759757697564e-05
2024-10-11,1.455567815028001e-05
2024-10-14,1.5368704583290345e-05
2024-10-15,3.367802743772906e-05
2024-10-16,1.3843794369875722e-05
2024-10-17,8.137472210697377e-06
2024-10-18,9.582693897948407e-06
2024-10-21,2.5803081635652557e-05
2024-10-22,2.18089725132498e-05
2024-10-23,6.2332328939273e-05
2024-10-24,1.5340533466991297e-05
2024-10-25,5.4101813908723475e-05
2024-10-28,4.5522540176111054e-06
2024-10-29,2.7875667691334174e-05
2024-10-30,1.9026352574605146e-05
2024-10-31,2.248727056849908e-05
2024-11-01,3.641660593242102e-05
2024-11-04,2.9014264749681613e-05
2024-11-05,1.4359926381396279e-05
2024-11-06,2.7191877240144178e-05
2024-11-07,1.1562434080623387e-05
2024-11-08,1.3921587481096029e-05
2024-11-11,1.2409355119898192e-05
2024-11-12,3.0538794771495305e-05
2024-11-13,2.4933753086857567e-05
2024-11-14,1.9586801348990652e-05
2024-11-15,3.6279260629948066e-05
2024-11-18,2.1434616062622654e-05
2024-11-19,4.2594904218383124e-05
2024-11-20,5.198052748473317e-05
2024-11-21,8.166779811714765e-05
2024-11-22,4.677509125940583e-06
2024-11-25,4.472785740508362e-05
2024-11-26,1.0229492794637948e-05
2024-11-27,1.4753270368656919e-05
2024-11-29,1.3652508173716805e-05
2024-12-02,4.033910699563929e-06
2024-12-03,4.273501104371616e-06
2024-12-04,8.162162580044946e-06
2024-12-05,4.308604071265949e-06
2024-12-06,4.5630328721295274e-06
2024-12-09,1.2049601760827104e-05
2024-12-10,1.180307098619029e-05
2024-12-11,8.196118240576763e-06
2024-12-12,5.406224243620639e-06
2024-12-13,2.190705487494613e-05
2024-12-16,8.091708087250876e-06
2024-12-17,6.877978418580884e-06
2024-12-18,0.0002427201438345887
2024-12-19,4.6078781023623544e-05
2024-12-20,0.00023338938677611523
2024-12-23,6.870416373000577e-05
2024-12-24,1.4810695512184679e-05
2024-12-26,2.3018418743481918e-05
2024-12-27,6.177792561156846e-05
2024-12-30,7.149325126886828e-05
2024-12-31,3.713747059237218e-05
2025-01-02,0.00014759236672140958
2025-01-03,2.3396109574807115e-05
2025-01-06,5.129999018920147e-05
2025-01-07,9.376355665361994e-05
2025-01-08,3.986186749443531e-05
2025-01-10,5.453613759227267e-05
2025-01-13,2.962081530256681e-05
2025-01-14,6.184268778802099e-05
2025-01-15,2.1629277543651194e-05
2025-01-16,8.781136846112781e-06
2025-01-17,1.8527218253035444e-05
2025-01-21,1.4300714427499492e-05
2025-01-22,7.956999611565512e-06
2025-01-23,7.443990960685495e-06
2025-01-24,1.6627887292241954e-05
2025-01-27,2.0887260059953503e-05
2025-01-28,7.01546991122166e-05
2025-01-29,3.05392019437311e-05
2025-01-30,4.334697404437798e-05
2025-01-31,7.646101330265254e-05
2025-02-03,0.00012844786253648019
2025-02-04,1.9945016384694484e-05
2025-02-05,2.492573899530291e-05
2025-02-06,1.7460372352921895e-05
2025-02-07,5.561453452948825e-05
2025-02-10,6.863905139091454e-06
2025-02-11,1.1816189719990755e-05
2025-02-12,4.179504991325736e-05
2025-02-13,2.78354185994505e-05
2025-02-14,5.256127695499489e-06
2025-02-18,1.1477001738440743e-05
2025-02-19,1.036109461918954e-05
2025-02-20,3.0400545902636707e-05
2025-02-21,4.653569204581131e-05
2025-02-24,3.97412532895608e-05
2025-02-25,9.182985964485822e-05
2025-02-26,8.104248659105907e-05
2025-02-27,9.968132875921816e-05
2025-02-28,0.00010714030113018744
2025-03-03,0.0002854278378259825
2025-03-04,0.0002478674909162297
2025-03-05,0.00016477581445490232
2025-03-06,0.00012585767928393612
2025-03-07,0.00018503824074506058
2025-03-10,0.0002152346784783489
2025-03-11,0.0001744379492096728
2025-03-12,0.00013956077314965557
2025-03-13,7.421823552106971e-05
2025-03-14,3.610431904165603e-05
2025-03-17,6.273819865486558e-05
2025-03-18,3.1567801894683635e-05
2025-03-19,0.00011269401915817604
2025-03-20,9.348457714146538e-05
2025-03-21,5.578692389961802e-05
2025-03-24,2.0608546193867234e-05
2025-03-25,1.0551690181764021e-05
2025-03-26,7.939545528631044e-05
2025-03-27,5.780735297716771e-05
2025-03-28,8.550726703123681e-05
2025-03-31,0.0002242404571977907
2025-04-01,0.00011940787037166033
2025-04-02,0.00014228300479391054
2025-04-03,7.861239986274186e-05
2025-04-04,0.00023633607457065442
2025-04-07,0.0031550262849702913
2025-04-08,0.0018001473329762176
2025-04-09,0.001787290291903337
2025-04-10,0.0009338774000034299
2025-04-11,0.00030024211462985437
2025-04-14,0.00015887424459128682
2025-04-15,6.65724470760113e-05
2025-04-16,0.00033319567744374883
2025-04-17,8.731172191859873e-05
2025-04-21,0.000242973670327508
2025-04-22,9.7924569259396e-05
2025-04-23,0.00021456990347845133
2025-04-24,9.394649526570266e-05
2025-04-25,7.050469148800047e-05
2025-04-28,0.00011899670847678808
2025-04-29,3.7489918225917135e-05
2025-04-30,0.0003029007856298476
2025-05-01,5.441629677886367e-05
2025-05-02,3.303465419125701e-05
2025-05-05,3.7040564264199e-05
2025-05-06,6.39513691711441e-05
2025-05-07,8.819218229633792e-05
2025-05-08,0.00011132784217725091
2025-05-09,3.049360885098679e-05
2025-05-12,3.639409071493993e-05
2025-05-13,4.322271877070651e-05
2025-05-14,1.690638935503214e-05
2025-05-15,2.5490965831595173e-05
2025-05-16,2.7943301083786212e-05
2025-05-19,3.509414348692104e-05
2025-05-20,2.707473402175947e-05
2025-05-21,0.00011866217795631256
2025-05-22,3.9870184669490775e-05
2025-05-23,5.2306114573524296e-05
2025-05-27,2.0440682087652894e-05
2025-05-28,3.3060688119861695e-05
2025-05-29,6.0350218365322884e-05
2025-05-30,8.827325745686717e-05
2025-06-02,6.590689252293733e-05
2025-06-03,2.7613986824945498e-05
2025-06-04,7.5934718172777946e-06
2025-06-05,6.336502381997133e-05
2025-06-06,1.842328464273497e-05
2025-06-09,1.017960329429075e-05
2025-06-10,1.6287499438717107e-05
2025-06-11,3.698051619793913e-05
2025-06-12,1.048847436167508e-05
2025-06-13,4.914282622178558e-05
2025-06-16,2.1146141693925724e-05
2025-06-17,2.331237290569244e-05
2025-06-18,2.936228221642653e-05
2025-06-20,4.9205245218545896e-05
2025-06-23,6.902453395419081e-05
2025-06-24,1.4404345641476415e-05
2025-06-25,9.360233519322577e-06
2025-06-26,1.1906024976681077e-05
2025-06-27,3.52488258147791e-05
2025-06-30,1.9609555343560507e-05
2025-07-01,1.2861228271317209e-05
2025-07-02,8.78252577435123e-06
2025-07-03,7.922283608269495e-06
2025-07-07,3.965603109516434e-05
2025-07-08,7.298050350456676e-06
2025-07-09,1.4296089556445457e-05
2025-07-10,1.7291051772859953e-05
2025-07-11,1.2798385281917342e-05
2025-07-14,1.3073739363248677e-05
2025-07-15,2.0214310270943974e-05
2025-07-16,5.609839055965114e-05
2025-07-17,1.1493416762629105e-05
2025-07-18,9.056820823706643e-06
2025-07-21,1.304501822252601e-05
2025-07-22,1.4833010520088742e-05
2025-07-23,1.3329335946301177e-05
2025-07-24,5.036236739984237e-06
2025-07-25,5.847347041812114e-06
2025-07-28,7.236697708334115e-06
2025-07-29,1.3762404151392499e-05
2025-07-30,4.145103221795589e-05
2025-07-31,4.8620009921327776e-05
2025-08-01,4.730706408620575e-05
2025-08-04,1.0813460677438585e-05
2025-08-05,2.6608799097558903e-05
2025-08-06,2.1072500695391687e-05
2025-08-07,6.689787095970844e-05
2025-08-08,8.478177562075892e-06
2025-08-11,2.0377768532684573e-05
2025-08-12,2.0900290555543516e-05
2025-08-13,1.4742334734914988e-05
2025-08-14,1.0835096125236294e-05
2025-08-15,1.1641692659195133e-05
2025-08-18,3.589522588841973e-06
2025-08-19,2.693273873866189e-05
2025-08-20,5.0121819983782246e-05
2025-08-21,1.9552668826611172e-05
2025-08-22,4.408561548431352e-05
2025-08-25,6.8537473707773075e-06
2025-08-26,9.83025675706005e-06
2025-08-27,6.811885633760453e-06
2025-08-28,1.7258186034285253e-05
2025-08-29,1.885393974674845e-05
2025-09-02,3.651249829426134e-05
2025-09-03,1.6925101340094937e-05
2025-09-04,1.9127856263991428e-05
2025-09-05,7.271878834811296e-05
2025-09-08,7.553289388417812e-06
2025-09-09,1.383318916641572e-05
2025-09-10,1.537463279858963e-05
2025-09-11,1.5913210956173308e-05
2025-09-12,4.581743812728716e-06
2025-09-15,2.2948033394496737e-06
2025-09-16,5.5966399440759144e-06
2025-09-17,6.162082242207365e-05
2025-09-18,2.268217591114232e-05
2025-09-19,1.6880800524830687e-05
2025-09-22,1.5473809263158756e-05
2025-09-23,2.1735016276268474e-05
2025-09-24,2.0484058282022955e-05
2025-09-25,2.838838737731636e-05
2025-09-26,1.553875752708437e-05
2025-09-29,1.2137681841785926e-05
2025-09-30,1.9376090264206393e-05
2025-10-01,2.486991589275284e-05
2025-10-02,1.445115869935748e-05
2025-10-03,2.222056555505575e-05
2025-10-06,1.0758624354775758e-05
2025-10-07,2.436437601979305e-05
2025-10-08,7.954388494971089e-06
2025-10-09,2.032241012762153e-05
2025-10-10,0.00019638049764664304
2025-10-13,1.69768051982424e-05
2025-10-14,0.00016479664026123976
2025-10-15,0.00013852686639968646
2025-10-16,0.00011906083184186281
2025-10-17,4.140464677214029e-05
2025-10-20,1.5251506456601172e-05
2025-10-21,9.984123529944547e-06
2025-10-22,6.74831088168737e-05
2025-10-23,1.6619711595346688e-05
2025-10-24,1.0084112385387841e-05
2025-10-27,4.567714866893228e-06
2025-10-28,1.6949196475390577e-05
2025-10-29,4.6013314488357354e-05
2025-10-30,2.6411927832874118e-05
2025-10-31,3.247329522497058e-05
2025-11-03,3.300322966961463e-05
2025-11-04,2.8589795562674847e-05
2025-11-05,4.2209203291660634e-05
2025-11-06,4.888377241506999e-05
2025-11-07,9.99466528964802e-05
2025-11-10,3.558602781793965e-05
2025-11-11,1.7016217512918228e-05
2025-11-12,1.496773542106157e-05
2025-11-13,4.976556485021183e-05
2025-11-14,0.00014732105294399013
2025-11-17,0.00013436252552298457
2025-11-18,9.220001250546666e-05
2025-11-19,8.185938315371563e-05
2025-11-20,0.00028325632503027197
2025-11-21,0.00019972437282936076
2025-11-24,4.0390467283018504e-05
2025-11-25,0.00010974305214683552
2025-11-26,2.138195781021792e-05
2025-11-28,4.5213981371427335e-06
2025-12-01,2.05266136041124e-05
2025-12-02,2.1535188632715848e-05
2025-12-03,1.9107565815295555e-05
2025-12-04,1.5798151934117207e-05
2025-12-05,1.472285816342495e-05
2025-12-08,2.1025943893081852e-05
2025-12-09,8.04966925107349e-06
2025-12-10,3.806678183995764e-05
2025-12-11,3.909062091224762e-05
2025-12-12,7.341683243008102e-05
2025-12-15,2.293625608499603e-05
2025-12-16,3.843847218279233e-05
2025-12-17,3.605080855913468e-05
2025-12-18,3.5955834866928496e-05
2025-12-19,9.584130310456473e-06
2025-12-22,5.881548549224619e-06
2025-12-23,7.275812041590539e-06
2025-12-24,5.019610191637299e-06
2025-12-26,5.778559663003714e-06
2025-12-29,1.0337112260845474e-05
2025-12-30,3.961631429484981e-06
