Date,actual_log_variance,actual_variance,qrc_dual_pauli_fb_log,qrc_dual_pauli_fb_variance,qrc_dual_pauli_fb_calibrated_log,qrc_dual_pauli_fb_calibrated_variance,har_rv_log,har_rv_variance,persistence_log,persistence_variance,esn_log,esn_variance,lstm_log,lstm_variance,garch_1_1_log,garch_1_1_variance
2022-01-06,-9.636175914550709,6.532237607854923e-05,-10.140634716920088,3.944375925720361e-05,-9.804678292490962,5.519278650427073e-05,-10.161223797368752,3.8639951748376684e-05,-9.397030011276865,8.297012030751776e-05,-10.04817912222975,4.326445666751615e-05,-10.472259521484375,2.8311017404832242e-05,-9.903053501576958,5.002170725864594e-05
2022-01-07,-10.150118727703871,3.9071442537657e-05,-10.091351919106906,4.143635513545232e-05,-9.77321094877401,5.695717155547748e-05,-10.137392818179634,3.9571839429957786e-05,-9.636175914550709,6.532237607854923e-05,-9.89778918198595,5.028573185733313e-05,-10.193841934204102,3.739992218338522e-05,-9.857888961794464,5.233270949700793e-05
2022-01-10,-8.576663563141558,0.00018845269016359989,-10.132489856885332,3.976633503962662e-05,-9.79951647999022,5.5478417873180645e-05,-10.155794857642253,3.8850296174428924e-05,-10.150118727703871,3.9071442537657e-05,-10.092441094985803,4.13912482260674e-05,-10.120035171508789,4.0264709336388305e-05,-9.816278840112716,5.4556219358492726e-05
2022-01-11,-9.233451715308128,9.771536781696503e-05,-9.517844220967122,7.35280037456152e-05,-9.368476184476098,8.537338263693288e-05,-9.534594910056013,7.230661710794818e-05,-8.576663563141558,0.00018845269016359989,-9.498249330900896,7.498298544478931e-05,-10.185324668884277,3.7719827669585655e-05,-9.777814847270777,5.669554922241551e-05
2022-01-12,-10.13668805705814,3.9599737953636686e-05,-9.818905083562214,5.44131294215207e-05,-9.589440263757195,6.844772356010548e-05,-9.627454334432745,6.589458205804933e-05,-9.233451715308128,9.771536781696503e-05,-9.457458662557077,7.81048297409882e-05,-9.819352149963379,5.4388808576495515e-05,-9.742153261348516,5.875388606451773e-05
2022-01-13,-9.18785490209817,0.00010227401735170001,-10.15222234669643,3.8989337498206e-05,-9.811995390266684,5.479040940047822e-05,-9.939427785322195,4.823489745344259e-05,-10.13668805705814,3.9599737953636686e-05,-9.88967267470797,5.069553721024637e-05,-9.839288711547852,5.331522013522536e-05,-9.709002007849396,6.073429620462901e-05
2022-01-14,-9.946211879808924,4.790877482570748e-05,-9.70850594624577,6.076443163089531e-05,-9.510478164028672,7.407161488510734e-05,-9.61668069516595,6.660834452049366e-05,-9.18785490209817,0.00010227401735170001,-9.717170898305323,6.024018530860396e-05,-10.1043701171875,4.0900424451278356e-05,-9.678110818637986,6.263972987458634e-05
2022-01-18,-10.126409144856726,4.0008879345133256e-05,-9.970213202130214,4.677259038591475e-05,-9.693514335538833,6.168225093981997e-05,-9.816206310699283,5.4560176432582336e-05,-9.946211879808924,4.790877482570748e-05,-9.936453662847523,4.837856748625753e-05,-9.867167472839355,5.1849385604440635e-05,-9.649263629182732,6.447302561321723e-05
2022-01-19,-9.194074036111294,0.00010163993529609993,-9.76063871927259,5.767777046393148e-05,-9.548074864171108,7.133846719541219e-05,-10.003900405843073,4.522319650094313e-05,-10.126409144856726,4.0008879345133256e-05,-10.157918065877318,3.8767896412538074e-05,-9.95857048034668,4.73203330633427e-05,-9.622272629664641,6.623691449493165e-05
2022-01-20,-8.12898980361418,0.0002948659228912001,-9.464380866620075,7.75660391319169e-05,-9.327448013293376,8.894894421949365e-05,-9.738640213355136,5.8960654266716316e-05,-9.194074036111294,0.00010163993529609993,-9.831057772297482,5.375586544793139e-05,-9.939068794250488,4.825221645947133e-05,-9.59697355614732,6.793402419822436e-05
2022-01-21,-8.852578558777786,0.0001430124943023,-8.968203796988785,0.00012739681731224346,-8.924615467103703,0.00013307263285657162,-9.26524591130709,9.465745577966359e-05,-8.12898980361418,0.0002948659228912001,-9.093875501142364,0.00011235180415219646,-9.705339431762695,6.095714804233673e-05,-9.573221923975039,6.956688292014726e-05
2022-01-24,-6.9505877614586264,0.0009580718704521004,-8.769623645916244,0.0001553820483143528,-8.753848036115333,0.0001578527319091142,-9.435006545891863,7.987828288001685e-05,-8.852578558777786,0.0001430124943023,-9.060090497946499,0.00011621245912060997,-9.418558120727539,8.120301988976575e-05,-9.550889985817493,7.113792314258362e-05
2022-01-25,-7.814702562774919,0.0004037548937431001,-8.699032346664186,0.00016674708632005732,-8.692045876784839,0.00016791613883600497,-8.631798346665244,0.00017834363292843253,-6.9505877614586264,0.0009580718704521004,-8.067103041217027,0.0003136907151038376,-9.375373840332031,8.478653269545763e-05,-9.529864253232073,7.264948525593433e-05
2022-01-26,-7.5896963391943935,0.0005056345720557999,-8.584196673727059,0.00018703838894041549,-8.590390475290587,0.00018588349057234408,-8.661914362767368,0.0001730527039473712,-7.814702562774919,0.0004037548937431001,-8.03643566515867,0.00032345981695855696,-9.072431564331055,0.00011478708684535771,-9.510043460924038,7.410382104561499e-05
2022-01-27,-8.06971210044208,0.0003128733441980001,-8.432454594610167,0.00021768650195470854,-8.45411748966646,0.00021302149333567513,-8.440322477899107,0.00021598049011545042,-7.5896963391943935,0.0005056345720557999,-7.907053140338258,0.0003681378342466436,-9.011428833007812,0.00012200740321184302,-9.4913368820664,7.550309704655795e-05
2022-01-28,-8.00741333230464,0.0003329849273223001,-8.66698723408596,0.0001721770527596442,-8.663814371685811,0.00017272421443183646,-8.544236672270921,0.00019466378397314736,-8.06971210044208,0.0003128733441980001,-8.15431357300604,0.0002874925609534827,-8.784611701965332,0.00015307053925053745,-9.473662924435681,7.684939777071518e-05
2022-01-31,-8.948353313446523,0.00012995097247539995,-8.913440213115521,0.0001345680938422752,-8.878001040278667,0.00013942258732841303,-8.429887769676533,0.00021824598283319338,-8.00741333230464,0.0003329849273223001,-8.283459507376861,0.0002526616016636905,-8.706503868103027,0.00016550587453406117,-9.456947952989385,7.814472881237139e-05
2022-02-01,-9.249017904652518,9.620608923328605e-05,-9.604898210122903,6.739779807278638e-05,-9.434168335034748,7.994526579295516e-05,-8.836487115592284,0.00014533238688084994,-8.948353313446523,0.00012995097247539995,-8.828187925640396,0.00014654354683730342,-8.643056869506836,0.00017634700767897503,-9.441125296411112,7.939101983589366e-05
2022-02-02,-9.85450466701374,5.2510118846057694e-05,-9.849923013077419,5.2751254015898854e-05,-9.611173497874606,6.697618176146207e-05,-9.02337786078779,0.00012055820883629578,-9.249017904652518,9.620608923328605e-05,-9.256392050360125,9.549926084407837e-05,-8.891467094421387,0.00013755769973799933,-9.426134404162848,8.05901274503656e-05
2022-02-03,-9.634295881495374,6.54452998189711e-05,-9.889104476194863,5.072435052417629e-05,-9.638336124628138,6.518141832745495e-05,-9.360639600406248,8.604504666575704e-05,-9.85450466701374,5.2510118846057694e-05,-9.74719169342764,5.845860310642718e-05,-9.14055061340332,0.00010722827193051243,-9.411920127475652,8.174383797539291e-05
2022-02-04,-8.588309253183567,0.00018627075825750002,-9.573148818513731,6.957196882511633e-05,-9.410372681684606,8.187043005534115e-05,-9.41755630314374,8.128441126579741e-05,-9.634295881495374,6.54452998189711e-05,-9.886824927233121,5.084011105552059e-05,-9.465413093566895,7.748601468496765e-05,-9.398432103025812,8.285387010219663e-05
2022-02-07,-9.833307265318647,5.363507791005565e-05,-9.491457728953527,7.549397328361175e-05,-9.348290761465394,8.71141908468836e-05,-9.157001327532761,0.00010547872042423044,-8.588309253183567,0.00018627075825750002,-9.408189680087553,8.204934855353414e-05,-9.522415161132812,7.319267859942362e-05,-9.385624222177478,8.392187745396029e-05
2022-02-08,-9.504685307415047,7.450194635012092e-05,-9.732637151157258,5.9315663245884724e-05,-9.52794883050458,7.278877308608662e-05,-9.58259010853455,6.89182107063352e-05,-9.833307265318647,5.363507791005565e-05,-9.697615618768792,6.142979261387694e-05,-9.43716812133789,7.970580642266685e-05,-9.373454171912591,8.494945104924503e-05
2022-02-09,-11.144301089850975,1.4457444440845985e-05,-9.83749340149059,5.3411023458742064e-05,-9.602488720032293,6.756038820036063e-05,-9.5097849195476,7.412298242640556e-05,-9.504685307415047,7.450194635012092e-05,-9.750178550676747,5.8284256108380596e-05,-9.74512004852295,5.857983410411988e-05,-9.361883036126445,8.593812167214178e-05
2022-02-10,-8.420241751377102,0.00022036137372470009,-10.394570765489265,3.05981574310873e-05,-9.957726946164627,4.7360266221912015e-05,-10.084137221339564,4.173638693226877e-05,-11.144301089850975,1.4457444440845985e-05,-10.44578478164473,2.9070554130317794e-05,-9.772098541259766,5.7020566395016466e-05,-9.350874947999907,8.688936215269168e-05
2022-02-11,-8.323888481524488,0.00024265048544329989,-9.680002354243822,6.252135658412951e-05,-9.489692960921483,7.562732026290977e-05,-9.218716070048155,9.916592803627317e-05,-8.420241751377102,0.00022036137372470009,-9.666546251821337,6.33683361035567e-05,-10.17152214050293,3.824406624777299e-05,-9.340396785785375,8.7804589560972e-05
2022-02-14,-9.260336846413344,9.512327781257362e-05,-9.176162931468944,0.00010347682002334974,-9.097974840484959,0.00011189217870521365,-9.161992170385561,0.00010495360418258765,-8.323888481524488,0.00024265048544329989,-9.060730827451879,0.00011613806867388306,-9.650883674621582,6.436866094272372e-05,-9.330417905652176,8.868516731811646e-05
2022-02-15,-11.200323872602672,1.3669768085301186e-05,-9.176424805413387,0.00010344972568813695,-9.098189277362527,0.00011186818746818268,-9.370796894532045,8.51754854891054e-05,-9.260336846413344,9.512327781257362e-05,-9.243664411619188,9.672250895306952e-05,-9.42234992980957,8.089569656536542e-05,-9.320909906296519,8.953240722741338e-05
2022-02-16,-9.397518350229957,8.292961265736561e-05,-10.054332854055353,4.299903630405953e-05,-9.749207513515254,5.8340879774384515e-05,-10.07165843371697,4.22604695982391e-05,-11.200323872602672,1.3669768085301186e-05,-10.217570142948166,3.6522934839165944e-05,-9.42767333984375,8.046619981049563e-05,-9.311846420883212,9.034757142850931e-05
2022-02-17,-9.723878067692597,5.983749614365572e-05,-9.984920291852813,4.6089735415539594e-05,-9.703365322896053,6.107760294519945e-05,-9.418400157490874,8.121584799477236e-05,-9.397518350229957,8.292961265736561e-05,-10.055662248822404,4.294191158927012e-05,-9.842151641845703,5.316280066343267e-05,-9.303202932591828,9.113187427762765e-05
2022-02-18,-9.277010298323527,9.355039355825455e-05,-9.401936443522256,8.256403007559431e-05,-9.278892074177731,9.337451821738921e-05,-9.612211898453308,6.690666975246299e-05,-9.723878067692597,5.983749614365572e-05,-9.999279352729596,4.543265888960633e-05,-9.543017387390137,7.170017372705642e-05,-9.294956610619922,9.188648415660426e-05
2022-02-22,-8.393837838787254,0.00022625727102190002,-9.41698286381186,8.133103631132577e-05,-9.290653449118796,9.22827384994573e-05,-9.564671659724777,7.01642483289352e-05,-9.277010298323527,9.355039355825455e-05,-9.779137234377046,5.662062530926764e-05,-9.49206256866455,7.544832533686395e-05,-9.28708616397497,9.2612525213435e-05
2022-02-23,-8.601365489342454,0.0001838545707285999,-9.070919814929445,0.0001149607473877458,-9.010990796112022,0.00012206085866288456,-9.248586544475561,9.624759766085981e-05,-8.393837838787254,0.00022625727102190002,-9.195120579731098,0.00010153362031163634,-9.438919067382812,7.956636796638489e-05,-9.279571710784277,9.331107903692673e-05
2022-02-24,-7.534260048030026,0.0005344565893892001,-8.712871884552385,0.00016445527905747904,-8.704204864209737,0.0001658868109032913,-9.0938717370792,0.00011235222705227981,-8.601365489342454,0.0001838545707285999,-8.9981654797336,0.00012363640966606013,-9.330179214477539,8.870633821142867e-05,-9.272394661183228,9.398318626794918e-05
2022-02-25,-9.156331693487502,0.00010554937622060003,-8.867117762960639,0.0001409482490515389,-8.838280200006597,0.00014507202713629703,-8.648134153469623,0.00017545391301119383,-7.534260048030026,0.0005344565893892001,-8.363986192933094,0.00023311324488272197,-9.260098457336426,9.514595686607667e-05,-9.265537612119578,9.462984814968443e-05
2022-02-28,-8.906170794022142,0.00013554988993310008,-9.273969104308096,9.383533151147157e-05,-9.177341627414306,0.00010335492416833711,-9.070060798917437,0.00011505954293790885,-9.156331693487502,0.00010554937622060003,-8.879371439486686,0.00013923165358276614,-9.097116470336914,0.00011198826484405081,-9.258984252644103,9.525202801918715e-05
2022-03-01,-8.544938341309622,0.00019452724233210005,-8.920503717525616,0.00013362092063713167,-8.884034687845405,0.00013858389331007173,-8.981552756097312,0.0001257075027881391,-8.906170794022142,0.00013554988993310008,-9.074376109112684,0.00011456409509362342,-9.33163833618164,8.857699925164199e-05,-9.25271927845434,9.585065274247483e-05
2022-03-02,-9.429935729547388,8.028435968273083e-05,-8.574833554962563,0.00018879787587795964,-8.582043950564842,0.00018744146451190908,-8.896573238786196,0.00013685710046736432,-8.544938341309622,0.00019452724233210005,-9.014002134701338,0.00012169384496754468,-9.179580688476562,0.00010312376506828364,-9.246728314624168,9.642661409528703e-05
2022-03-03,-9.177267920793447,0.00010336254239129991,-9.288347352029888,9.249579702646993e-05,-9.188884154032717,0.00010216880577538419,-9.225309680477668,9.851421746286704e-05,-9.429935729547388,8.028435968273083e-05,-9.396372730948654,8.302467286162155e-05,-8.978609085083008,0.0001260780894954508,-9.240997845592982,9.698077009156994e-05
2022-03-04,-9.383129181066462,8.413152742220653e-05,-9.038916993775887,0.00011869931896934087,-8.984231191665026,0.00012537125385311763,-9.289611239541895,9.23789665895124e-05,-9.177267920793447,0.00010336254239129991,-9.468269360841859,7.726500969187164e-05,-9.122639656066895,0.00010916613562563657,-9.235515151608311,9.751394626166738e-05
2022-03-07,-9.134008431126594,0.00010793207853600009,-9.053303261253511,0.00011700390340893406,-8.996277822562188,0.00012387001323377323,-9.367067403480885,8.549373979442119e-05,-9.383129181066462,8.413152742220653e-05,-9.58321588446065,6.887509684042193e-05,-9.154533386230469,0.00010573935720072206,-9.230268250918417,9.802693688211815e-05
2022-03-08,-7.885676997405998,0.0003760919120873,-8.749326975792759,0.0001585680093199647,-8.736134293616804,0.00016067380668568644,-9.30903692268344,9.060175967129852e-05,-9.134008431126594,0.00010793207853600009,-9.529230942097378,7.269550955618942e-05,-9.20366096496582,0.00010067017639987901,-9.225245847099309,9.852050615889632e-05
2022-03-09,-9.249624356315957,9.614776257837368e-05,-8.638305111710373,0.00017718695999211894,-8.63845536000717,0.00017716033995302349,-8.888981773283017,0.00013789999998372788,-7.885676997405998,0.0003760919120873,-8.844049946997583,0.00014423740832929542,-9.095742225646973,0.00011214226991843919,-9.220437280976265,9.899538936585521e-05
2022-03-10,-9.270878049543338,9.41258304027332e-05,-9.027481525412046,0.00012006449209634217,-8.974635449981085,0.00012658007450957063,-9.263636858085608,9.48098872661226e-05,-9.249624356315957,9.614776257837368e-05,-9.145028856035125,0.00010674915132170285,-8.953924179077148,0.00012922904581443652,-9.215832486665164,9.945229394006927e-05
2022-03-11,-9.15290691647105,0.00010591147900509999,-9.08780051307485,0.00011303641742501919,-9.025048887517634,0.00012035692107228363,-9.272130288773532,9.400803611403582e-05,-9.270878049543338,9.41258304027332e-05,-9.358648436729172,8.621654712334828e-05,-9.192444801330566,0.00010180566558391019,-9.211421951315208,9.989190053570911e-05
2022-03-14,-8.573193937125888,0.00018910768615860014,-9.026830343555277,0.00012014270137670608,-8.974088499119942,0.0001266493265273261,-9.217133843754674,9.932295516849929e-05,-9.15290691647105,0.00010591147900509999,-9.43988103014188,7.948986488598362e-05,-9.255268096923828,9.560665790981244e-05,-9.207196678183504,0.00010031486403801707
2022-03-15,-9.485166705198534,7.597040471230685e-05,-8.778685652235266,0.00015398033596611104,-8.76174197861962,0.00015661155684681128,-8.985550862246864,0.0001252059142185208,-8.573193937125888,0.00018910768615860014,-9.192927356334241,0.00010175655060187347,-9.235326766967773,9.75323181218151e-05,-9.203148152714387,0.0001007218145388943
2022-03-16,-8.47870339932405,0.00020784802396729994,-9.261676042030928,9.499597439691094e-05,-9.167447186470035,0.0001043826393107868,-9.381164482187932,8.429698302177523e-05,-9.485166705198534,7.597040471230685e-05,-9.466127860200041,7.74306500558872e-05,-9.114975929260254,0.00011000596908222487,-9.199268311333284,0.0001011133582755537
2022-03-17,-9.62961573017978,6.575231159540916e-05,-9.238329725919487,9.723987189580353e-05,-9.148591257399211,0.00010636954455670448,-9.037189597134924,0.00011890453696962608,-8.47870339932405,0.00020784802396729994,-9.13703570241974,0.00010760583291918662,-9.31191635131836,9.034125360443146e-05,-9.195549512697204,0.00010149007853363621
2022-03-18,-9.412476349552401,8.169838289080546e-05,-9.564929215591265,7.014617944213413e-05,-9.404181505003226,8.237887667011637e-05,-9.393057603140113,8.330036699156706e-05,-9.62961573017978,6.575231159540916e-05,-9.502292130918157,7.468045617465866e-05,-9.271888732910156,9.403074704923296e-05,-9.19198451117216,0.00010185253651613532
2022-03-21,-9.394307359246458,8.319632687518555e-05,-9.578701028673972,6.918676099990552e-05,-9.414547604287176,8.152933985444841e-05,-9.336964437308096,8.810648331615062e-05,-9.412476349552401,8.169838289080546e-05,-9.634831828157235,6.541023402653518e-05,-9.53717041015625,7.212063101474662e-05,-9.188566432332559,0.0001022012721794257
2022-03-22,-10.271262753161313,3.461363933438854e-05,-9.588276408995585,6.852743314528486e-05,-9.421734167461295,8.09455244289346e-05,-9.398420564264985,8.285482613870305e-05,-9.394307359246458,8.319632687518555e-05,-9.67382292040033,6.290889933513666e-05,-9.577696800231934,6.925627521134634e-05,-9.185288750299334,0.00010253680503764012
2022-03-23,-10.6024337399201,2.485544437402867e-05,-9.870483323035097,5.167774553268104e-05,-9.625467685668639,6.602562156969958e-05,-9.713561523255178,6.045800759516129e-05,-10.271262753161313,3.461363933438854e-05,-10.076855123277744,4.2041424704154406e-05,-9.621538162231445,6.628558122137862e-05,-9.182145266752777,0.0001028596349365937
2022-03-24,-10.486501565883495,2.791066829990445e-05,-9.938026070260038,4.830255644395964e-05,-9.671788846891138,6.303699089042193e-05,-9.990814264123411,4.5818882776107606e-05,-10.6024337399201,2.485544437402867e-05,-10.435274117460917,2.9377716374233585e-05,-9.822956085205078,5.419314761899875e-05,-9.179130091472887,0.00010317024279840773
2022-03-25,-10.083559187578429,4.1760518946871085e-05,-10.137589172156954,3.956407010468979e-05,-9.80274997823577,5.529931822157465e-05,-10.046594502730857,4.333306871679888e-05,-10.486501565883495,2.791066829990445e-05,-10.55228174845018,2.6133782068101203e-05,-9.926910400390625,4.8842466889191836e-05,-9.176237624274991,0.00010346909133794358
2022-03-28,-9.734317671225934,5.921606579461081e-05,-10.195170662311055,3.735026085608949e-05,-9.838841751469918,5.333905523644461e-05,-10.001142421571906,4.534809351842062e-05,-10.083559187578429,4.1760518946871085e-05,-10.418783909995835,2.9866177354790805e-05,-9.983687400817871,4.6146594080203015e-05,-9.173462538221644,0.0001037566257521117
2022-03-29,-10.16878578062622,3.834885908624713e-05,-10.22873446654865,3.611744867686039e-05,-9.859519734223126,5.224743630672494e-05,-9.950405293572413,4.7708294152950666e-05,-9.734317671225934,5.921606579461081e-05,-10.168659515339312,3.8353701521651517e-05,-9.991700172424316,4.577830942230714e-05,-9.170799764003506,0.00010403327438308472
2022-03-30,-10.070785988827762,4.229735561712524e-05,-10.278000537852815,3.438120401407152e-05,-9.889386585760969,5.071004271793831e-05,-10.07332369933622,4.21901532551077e-05,-10.16878578062622,3.834885908624713e-05,-10.218826539505773,3.6477076363807994e-05,-10.027237892150879,4.4180020668355354e-05,-9.168244475392353,0.00010429944935640335
2022-03-31,-10.144129523515428,3.9306151543437304e-05,-10.228239468769946,3.613533115925728e-05,-9.8592167143156,5.2263270718992936e-05,-10.013167471908458,4.480604601717812e-05,-10.070785988827762,4.229735561712524e-05,-10.23837997085569,3.577075238828582e-05,-10.186129570007324,3.768947915334915e-05,-9.165792075678677,0.00010455554719492109
2022-04-01,-10.10979302712928,4.067922544612446e-05,-10.070382326244182,4.231443292347514e-05,-9.759652462545304,5.7734683613941625e-05,-10.02043292448274,4.448168953991106e-05,-10.144129523515428,3.9306151543437304e-05,-10.276371960784504,3.443724207327322e-05,-10.182565689086914,3.7824039605293867e-05,-9.163438185014563,0.00010480194940950872
2022-04-04,-10.602144904948402,2.486262453249151e-05,-10.156197415531432,3.8834659828685276e-05,-9.814498273547782,5.46534468729347e-05,-10.019040775042544,4.4543657823650495e-05,-10.10979302712928,4.067922544612446e-05,-10.288317918316197,3.4028303685413005e-05,-10.130622863769531,3.984064786256487e-05,-9.161178628589974,0.00010503902306739293
2022-04-05,-9.117458030653497,0.00010973326169680008,-10.325223810016588,3.279535035748063e-05,-9.917468513439786,4.930581594238673e-05,-10.240635494967982,3.569016151525428e-05,-10.602144904948402,2.486262453249151e-05,-10.486864034336572,2.790055339641891e-05,-10.102424621582031,4.098007350062554e-05,-9.15900942557717,0.00010526712133897987
2022-04-06,-9.57818185781194,6.92226900761128e-05,-9.837939389074263,5.3387208116516434e-05,-9.602800901141782,6.753930041519007e-05,-9.735731661411366,5.913239402822647e-05,-9.117458030653497,0.00010973326169680008,-9.959343004076139,4.7283791099749674e-05,-10.247407913208008,3.544926944606244e-05,-9.156926778783914,0.00010548658402397516
2022-04-07,-9.09484961533167,0.00011224241395350002,-9.793288320729662,5.5825024535561295e-05,-9.571340152236768,6.969791516206465e-05,-9.829266040780695,5.385226786410024e-05,-9.57818185781194,6.92226900761128e-05,-9.83052788607843,5.3784357488328584e-05,-9.93231201171875,4.8579350133728106e-05,-9.154927064961461,0.00010569773805758659
2022-04-08,-9.879481546455377,5.121482349397289e-05,-9.675080803726859,6.282981702815785e-05,-9.486087906323837,7.590045291478027e-05,-9.619240885735096,6.643803257357294e-05,-9.09484961533167,0.00011224241395350002,-9.587788203360951,6.85608967921792e-05,-9.893301963806152,5.0511881920381665e-05,-9.153006825718066,0.00010590089799756128
2022-04-11,-10.40345968625093,3.0327378085223766e-05,-9.830427847585813,5.3789738263515916e-05,-9.597537426370529,6.789572902260551e-05,-9.826750196850835,5.3987922336504064e-05,-9.879481546455377,5.121482349397289e-05,-9.817610897245697,5.448359573749244e-05,-9.769153594970703,5.7188736404703915e-05,-9.151162758993088,0.00010609636649278554
2022-04-12,-8.660549005656074,0.00017328914406320006,-9.687165228400032,6.207512403652743e-05,-9.494931300739465,7.52321944649768e-05,-9.96810473295654,4.687131299112747e-05,-10.40345968625093,3.0327378085223766e-05,-10.213325459783544,3.6678292614806677e-05,-9.910544395446777,4.9648399906890565e-05,-9.149391711050631,0.00010628443473414262
2022-04-13,-10.0844215761755,4.1724520676003746e-05,-9.377127192273592,8.4638002314805e-05,-9.259415500491734,9.521095964308225e-05,-9.436793886838995,7.973564066734613e-05,-8.660549005656074,0.00017328914406320006,-9.628105236951573,6.585170506449601e-05,-9.923952102661133,4.898717138204719e-05,-9.14769066895515,0.00010646538288830172
2022-04-14,-9.707544721332871,6.082286799714324e-05,-9.915409486502394,4.94074425356241e-05,-9.656387893436154,6.401533503169975e-05,-9.891631701196115,5.059632052580825e-05,-10.0844215761755,4.1724520676003746e-05,-9.89832112974529,5.0258989588320494e-05,-9.579011917114258,6.916525497884973e-05,-9.146056753494609,0.0001066394805150853
2022-04-18,-10.10706586765282,4.0790315592716146e-05,-9.841907580034153,5.3175777256350636e-05,-9.605576703748017,6.73520846063487e-05,-9.837410427433486,5.3415455371916894e-05,-9.707544721332871,6.082286799714324e-05,-9.94644544408714,4.789758635395968e-05,-9.864655494689941,5.197979385089897e-05,-9.144487212519678,0.00010680698696903344
2022-04-19,-9.662619437598972,6.361766099289683e-05,-9.888665662631565,5.074661394156327e-05,-9.638033728310885,6.520113192882046e-05,-9.982828509148245,4.6186246031367806e-05,-10.10706586765282,4.0790315592716146e-05,-10.11854729107895,4.032466300030428e-05,-9.84934139251709,5.2781944153960114e-05,-9.142979414669977,0.00010696815178576707
2022-04-20,-10.233338209303833,3.59515553921836e-05,-9.845683605775301,5.297536277587562e-05,-9.608215008573332,6.717462347774982e-05,-9.798140510441929,5.555480702928561e-05,-9.662619437598972,6.361766099289683e-05,-10.041344883637814,4.35611489651123e-05,-9.959390640258789,4.728153873408794e-05,-9.14153084346079,0.00010712321505372175
2022-04-21,-8.341657691158979,0.00023837686001990007,-10.058679007100187,4.281256142920192e-05,-9.75204175463528,5.817576175661888e-05,-10.093484233136872,4.134809394777262e-05,-10.233338209303833,3.59515553921836e-05,-10.21067133369203,3.6775770730610294e-05,-9.900304794311523,5.015939142886857e-05,-9.140139091705741,0.00010727240777181105
2022-04-22,-9.160765372438236,0.00010508244006039991,-9.312387014525024,9.029874330511754e-05,-9.208109070014144,0.00010022337931687951,-9.41103101015079,8.181655015797806e-05,-8.341657691158979,0.00023837686001990007,-9.43461704520487,7.990940158605966e-05,-10.088130950927734,4.157003549131693e-05,-9.138801856252936,0.00010741595219354569
2022-04-25,-8.36948230947371,0.00023183554174070002,-9.026855463503923,0.00012013968343612277,-8.97410959931763,0.00012664665422969235,-9.58687188738963,6.862374902877428e-05,-9.160765372438236,0.00010508244006039991,-9.365434158585206,8.563348609745668e-05,-9.739907264709473,5.8885995398173605e-05,-9.137516933013757,0.00010755406215812734
2022-04-26,-9.590324643706342,6.838721652537202e-05,-8.994442159400105,0.00012409760568158034,-8.946813107270858,0.0001301512779820318,-9.203445237388056,0.00010069189607586915,-8.36948230947371,0.00023183554174070002,-8.990915583988928,0.00012453601783876187,-9.611876487731934,6.692911473076221e-05,-9.136282212265169,0.00010768694340900585
2022-04-27,-8.67193078684485,0.00017132798684569992,-8.824904329289781,0.00014702552757494031,-8.801857963527397,0.00015045327854595772,-9.532599614642304,7.245103419891126e-05,-9.590324643706342,6.838721652537202e-05,-9.398050168117333,8.288552093138473e-05,-9.34506607055664,8.739556060756395e-05,-9.135095674207822,0.00010781479390037705
2022-04-28,-8.085984833659099,0.00030782324067009993,-8.73745708084678,0.00016046140993483603,-8.725753858935285,0.00016235035724834288,-9.135143769272794,0.00010780960866555253,-8.67193078684485,0.00017132798684569992,-9.2264909905191,9.839791033946626e-05,-9.2925443649292,9.21084044876162e-05,-9.133955384763587,0.00010793780409207684
2022-04-29,-8.202057080100646,0.0002740891662895998,-8.779546738422754,0.0001538478026951395,-8.762491593188107,0.0001564942025329524,-8.93487601681347,0.0001317142154644273,-8.085984833659099,0.00030782324067009993,-8.807352786812125,0.00014962883153743148,-9.048755645751953,0.00011753720387746814,-9.132859491597387,0.00010805615723331031
2022-05-02,-8.02861231405622,0.0003260002811886002,-8.43697058514274,0.00021670564820291496,-8.458202957737628,0.00021215297618376475,-8.872012993143406,0.00014025996096734517,-8.202057080100646,0.0002740891662895998,-8.633389994790356,0.00017805999840251566,-8.966630935668945,0.000127597352504146,-9.131806220349297,0.00010817002963563954
2022-05-03,-9.495200268997847,7.52119621137094e-05,-8.552554164601723,0.00019305138429939075,-8.562149652690024,0.00019120782113036784,-8.777211499606741,0.00015420749387469375,-8.02861231405622,0.0003260002811886002,-8.450116144846199,0.00021387557337947902,-8.92285442352295,0.0001333071860310009,-9.130793871063913,0.00010827959093563602
2022-05-04,-7.82206070851853,0.00040079490974209985,-9.462190167945414,7.773614921297439e-05,-9.325756030529243,8.909957169361105e-05,-9.175806588812463,0.00010351369979880939,-9.495200268997847,7.52119621137094e-05,-9.120037312223769,0.00010945059341451397,-8.901313781738281,0.00013620985885474113,-9.129820814804916,0.00010838500434759032
2022-05-05,-7.733791766642955,0.0004377810026208,-9.215337558722577,9.950152784190642e-05,-9.129939195772044,0.00010837217438538008,-8.616046911354601,0.00018117504196273065,-7.82206070851853,0.00040079490974209985,-8.671272763626156,0.00017144076173923646,-9.194690704345703,0.00010157727649848614,-9.128885490443663,0.00010848642690665226
2022-05-06,-8.344285688362014,0.0002377512287372,-8.571964749790626,0.00018934027785152342,-8.57948492908531,0.00018792174550834586,-8.536815041247223,0.00019611388113851462,-7.733791766642955,0.0004377810026208,-8.34607613582012,0.0002373259285065199,-9.058603286743164,0.00011638542017471036,-9.12798640161135,0.00010858400970276914
2022-05-09,-8.787315468906995,0.0001526572311829001,-8.766156050028577,0.0001559217857208838,-8.750824967942213,0.000158330653509804,-8.712947559083581,0.00016444283445220942,-8.344285688362014,0.0002377512287372,-8.481198617120986,0.00020733004438352662,-8.96486759185791,0.00012782254899705787,-9.127122113805115,0.00010867789810576383
2022-05-10,-7.9512638367614885,0.0003522167387523001,-8.592693018806541,0.0001854559781182971,-8.597956967233975,0.00018448231232546944,-8.891852705087475,0.00013750466624757476,-8.787315468906995,0.0001526572311829001,-8.78796246127558,0.00015255849506351754,-9.006542205810547,0.00012260506699739352,-9.126291251639016,0.00010876823198189439
2022-05-11,-7.874148427040067,0.00038045280328069997,-8.659846493289056,0.00017341092460113302,-8.657508850011318,0.00017381677166132398,-8.521371524461046,0.00019916607680870325,-7.9512638367614885,0.0003522167387523001,-8.564618241806137,0.00019073638970885375,-8.929372787475586,0.00013244106718060864,-9.12549249623153,0.00010885514590221349
2022-05-12,-7.959008272097232,0.00034949955410579995,-8.552839111931851,0.00019299638265951453,-8.562404394038087,0.00019115911879576564,-8.48584234454406,0.00020636949216825534,-7.874148427040067,0.00038045280328069997,-8.390095539301377,0.00022710557981366576,-8.73941421508789,0.00016014767252833063,-9.124724582721715,0.00010893876934304033
2022-05-13,-9.333420064978938,8.841931957422175e-05,-8.608803300023308,0.00018249216816566482,-8.612284693379639,0.0001818579457732119,-8.505914810060768,0.0002022684444158806,-7.959008272097232,0.00034949955410579995,-8.312078868442534,0.0002455330814601848,-8.723012924194336,0.0001627959593869477,-9.123986297906749,0.00010901922687884135
2022-05-16,-9.024425290929074,0.0001204319986442999,-9.407244499171806,8.212693669357475e-05,-9.283045645029846,9.298748488181158e-05,-8.97845540567619,0.0001260974665903493,-9.333420064978938,8.841931957422175e-05,-8.975309569595055,0.00012649477315349487,-8.79028034210205,0.00015220529215215656,-9.12327647799399,0.0001090966383678114
2022-05-17,-9.624974070107124,6.605822088906883e-05,-9.302457318722446,9.119984880525798e-05,-9.200179353049835,0.00010102128173721652,-8.901289111162864,0.0001362132192717881,-9.024425290929074,0.0001204319986442999,-9.222144454642407,9.882653122016072e-05,-9.109004020690918,0.00011066488019185036,-9.122594006461235,0.00010917111913042596
2022-05-18,-8.426927723504757,0.00021889295808510015,-9.573922224577387,6.951818224468127e-05,-9.410954580343144,8.182280362014126e-05,-9.205054694526744,0.0001005299671287262,-9.624974070107124,6.605822088906883e-05,-9.6215004281786,6.628808249219461e-05,-9.124292373657227,0.00010898586384322642,-9.121937812019155,0.0001092427801212355
2022-05-19,-8.75765305756707,0.00015725324014079993,-9.011559370304761,0.000121991477734677,-8.961245577082353,0.00012828636362282347,-8.898043661966963,0.0001366560104942957,-8.426927723504757,0.00021889295808510015,-9.230408347163838,9.801320463825125e-05,-9.315945625305176,8.997797630471887e-05,-9.121306866670368,0.00010931172809415566
2022-05-20,-7.466578111177853,0.0005718818686926999,-8.952389295599762,0.000129427549642808,-8.911193374060039,0.00013487078661477341,-9.047597879956367,0.00011767336323694163,-8.75765305756707,0.00015725324014079993,-9.120161310544098,0.00010943702256617006,-9.115540504455566,0.00010994387996938044,-9.120700183859908,0.00010937806576149859
2022-05-23,-9.238567978549247,9.721670700026503e-05,-9.047253094533,0.00011771394229243576,-8.991215028585025,0.00012449873178403304,-8.508416995494432,0.00020176296392726255,-7.466578111177853,0.0005718818686926999,-8.395487967371825,0.00022588422530287,-9.197064399719238,0.00010133644892592994,-9.120116816712187,0.0001094418919469849
2022-05-24,-8.460917640774476,0.0002115778291223,-9.098736611929196,0.00011180697489567735,-9.034135099335417,0.00011926828586844331,-9.03185976345444,0.00011953997024813851,-9.238567978549247,9.721670700026503e-05,-8.922827181752297,0.0001333108176042541,-9.091585159301758,0.00011260942309522063,-9.11955585634987,0.00010950330173296176
2022-05-25,-9.060420528674278,0.00011617411176640004,-9.074962378086092,0.00011449694940384408,-9.014361015758608,0.00012165017918767875,-8.71260009926075,0.00016449998165793793,-8.460917640774476,0.0002115778291223,-8.861956271905544,0.0001416776329130966,-9.362566947937012,8.587936766932058e-05,-9.119016430290337,0.0001095623866020477
2022-05-26,-8.99315979818657,0.00012425684571760006,-9.19663378299786,0.00010138009549211864,-9.114706691830609,0.00011003559079404402,-8.93868599684577,0.00013121334169894847,-9.060420528674278,0.00011617411176640004,-9.147927495681975,0.000106440172025573,-9.151444435119629,0.00010606648588775592,-9.118497700915697,0.00010961923457341547
2022-05-27,-10.00940957664278,4.4974739212539365e-05,-9.26072378473642,9.508647809104168e-05,-9.166679744553628,0.000104462777670374,-8.933498309615096,0.00013189580414649566,-8.99315979818657,0.00012425684571760006,-9.273917176578777,9.384020429368194e-05,-9.187325477600098,0.00010232817805773953,-9.117998864012538,0.00010967393033391439
2022-05-31,-9.118673226936673,0.00010959999523390006,-9.698692037404909,6.136370401617494e-05,-9.503339850692452,7.460225295865275e-05,-9.43737854216479,7.968903642541092e-05,-10.00940957664278,4.4974739212539365e-05,-9.77798385069409,5.66859682901383e-05,-9.181528091430664,0.00010292313695884288,-9.117519147377854,0.00010972655536422879
2022-06-01,-8.519355402377489,0.00019956802498660012,-9.534259435201971,7.233087822903924e-05,-9.380970185975986,8.431336319750638e-05,-9.18663965451227,0.00010239838115548785,-9.118673226936673,0.00010959999523390006,-9.649009222664942,6.448943005776521e-05,-9.468130111694336,7.727576952773618e-05,-9.117057809487752,0.00010977718806026117
2022-06-02,-8.722893171243038,0.00016281545585089988,-9.302726261752072,9.117532453958182e-05,-9.200394335972051,0.00010099956622117882,-9.025811308973214,0.00012026519334536748,-8.519355402377489,0.00019956802498660012,-9.233622860094492,9.769864577220172e-05,-9.3720064163208,8.50725261618653e-05,-9.116614138225817,0.00010982590384991843
2022-06-03,-10.181629117172983,3.785948113263846e-05,-9.295887149159965,9.180102001179472e-05,-9.194923808615446,0.00010155360116114382,-9.061899371904609,0.00011600243544014876,-8.722893171243038,0.00016281545585089988,-9.099484619802066,0.00011172337366929936,-9.332220077514648,8.852548533536346e-05,-9.1161874496681,0.00010987277530547783
2022-06-06,-9.213607473939314,9.967382292070815e-05,-9.735343291692397,5.9155363719554765e-05,-9.529900767388884,7.264683256966804e-05,-9.574425938482426,6.948317378749519e-05,-10.181629117172983,3.785948113263846e-05,-9.721411851273594,5.998525048131446e-05,-9.427499771118164,8.04801674383861e-05,-9.115777086921966,0.00010991787225169805
2022-06-07,-9.049196096584671,0.0001174854459174,-9.604985247319416,6.739193221266869e-05,-9.434233307179294,7.994007174632627e-05,-9.250387811228514,9.607438611007854e-05,-9.213607473939314,9.967382292070815e-05,-9.669875306163753,6.31577302227955e-05,-9.72903060913086,5.9529973906108664e-05,-9.115382419016102,0.0001099612618698383
2022-06-08,-9.725026805700036,5.9768798003202514e-05,-9.468031853499198,7.728336287842621e-05,-9.330265970794303,8.869864271007338e-05,-9.210408706960576,9.999316673503881e-05,-9.049196096584671,0.0001174854459174,-9.52209779399961,7.321591123644486e-05,-9.531501770019531,7.253061785447178e-05,-9.115002839839228,0.00011000300879773791
2022-06-09,-8.810180210883356,0.00014920636490499991,-9.646921548583908,6.462420360206553e-05,-9.465370315523,7.748932945600427e-05,-9.510567914946236,7.40649671880289e-05,-9.725026805700036,5.9768798003202514e-05,-9.747754169711097,5.8425730774436004e-05,-9.479507446289062,7.640155976033069e-05,-9.114637767125108,0.00011004317522610843
2022-06-10,-10.053836403218174,4.3020388511352624e-05,-9.350930324039766,8.688455069713074e-05,-9.238737663698597,9.720021216832194e-05,-9.260750167433983,9.508396948633993e-05,-8.810180210883356,0.00014920636490499991,-9.438548528919789,7.959585582893577e-05,-9.629277229309082,6.577457257760292e-05,-9.114286641481657,0.00011008182099117964
2022-06-13,-8.704194839484057,0.0001658884738814001,-9.493899159697804,7.530988478732634e-05,-9.35016367841669,8.695118589716409e-05,-9.618853882364231,6.64637492920399e-05,-10.053836403218174,4.3020388511352624e-05,-9.827932297477936,5.392414088512817e-05,-9.47222900390625,7.69596727437319e-05,-9.113948925462024,0.00011011900366383744
2022-06-14,-8.702898414952248,0.00016610367523449995,-8.790600170073422,0.00015215662042604024,-8.77210666469885,0.00015499671036856667,-9.205730619442775,0.00010046203937875166,-8.704194839484057,0.0001658884738814001,-9.45475680191825,7.831614344771085e-05,-9.599742889404297,6.774615250546426e-05,-9.113624102675654,0.0001101547786353882
2022-06-15,-7.713507439543116,0.00044675177109099987,-8.674362045018185,0.00017091195022850655,-8.670321041665593,0.00017160400334510827,-9.18398940882646,0.00010267012195426451,-8.702898414952248,0.00016610367523449995,-9.200528031076828,0.00010098606397620256,-9.223245620727539,9.871776669056586e-05,-9.113311676937451,0.00011018919920007513
2022-06-16,-8.614644517112788,0.00018142929904099988,-8.943157162264106,0.00013062797475452717,-8.903343086961195,0.00013593372774866355,-8.728199485737594,0.00016195379398382278,-7.713507439543116,0.00044675177109099987,-8.567834662872198,0.00019012388672872118,-9.130695343017578,0.00010829026003778313,-9.11301117145324,0.0001102223166344718
2022-06-17,-8.601777157197207,0.00018377889928869996,-8.58236631453699,0.0001873810498751379,-8.588759513784169,0.00018618690675294356,-8.961896890909795,0.00012820283614457725,-8.614644517112788,0.00018142929904099988,-8.697327894230023,0.0001670315411482218,-9.043304443359375,0.00011817967248672727,-9.112722128039858,0.00011025418027386838
2022-06-21,-9.436265234691984,7.977780422892494e-05,-8.783830090433838,0.00015319022771799752,-8.766219202222857,0.00015591193922889665,-8.83129489365328,0.00014608894730358733,-8.601777157197207,0.00018377889928869996,-8.798817823990667,0.0001509113734899447,-9.115062713623047,0.00010999642269853905,-9.112444106378257,0.00011028483758576742
2022-06-22,-8.370510571461084,0.00023159727658630003,-9.317169244096057,8.986794489412639e-05,-9.211922422828717,9.984191999302278e-05,-9.134284964270288,0.00010790223586545102,-9.436265234691984,7.977780422892494e-05,-9.30058403715077,9.137085191984936e-05,-9.060209274291992,0.00011619865664913462,-9.1121766832981,0.00011031433424059655
2022-06-23,-9.10956549850697,0.00011060276175729993,-9.0868762838691,0.00011314093727602599,-9.02428022636767,0.00012044947032659248,-8.804325003071643,0.000150082561832643,-8.370510571461084,0.00023159727658630003,-9.054353025473576,0.00011688114134441257,-9.177958488464355,0.00010329118820142559,-9.111919452092419,0.00011034271417974373
2022-06-24,-9.524078493960324,7.30710360084785e-05,-9.131234936988562,0.00010823184302850084,-9.061036173916264,0.00011610261173883333,-9.140057031615637,0.00010728121091644699,-9.10956549850697,0.00011060276175729993,-9.237583136734614,9.731249723977411e-05,-9.046518325805664,0.00011780046659978846,-9.111672021860961,0.0001103700196810168
2022-06-27,-10.214480837727548,3.663593979596358e-05,-9.381577397855727,8.426218266203906e-05,-9.262916779803932,9.48781823927988e-05,-9.332877378110343,8.846731660038475e-05,-9.524078493960324,7.30710360084785e-05,-9.535198381628167,7.226299528363422e-05,-9.206279754638672,0.00010040688728144205,-9.111434016880924,0.00011039629142162623
2022-06-28,-8.084766336986133,0.00030819855087539985,-9.613391751273916,6.682777627993312e-05,-9.440501888466091,7.944052825879135e-05,-9.673503076675797,6.292902356993984e-05,-10.214480837727548,3.663593979596358e-05,-10.00325482208021,4.525240128836283e-05,-9.371971130371094,8.507552807970734e-05,-9.111205076003866,0.00011042156853878051
2022-06-29,-9.962095055267826,4.715384258061147e-05,-9.280466443326421,9.322762791675339e-05,-9.182561594721264,0.00010281682050678189,-8.95657956883602,0.0001288863475297564,-8.084766336986133,0.00030819855087539985,-9.24456597852636,9.663534643714266e-05,-9.579349517822266,6.914190868088442e-05,-9.11098485207759,0.00011044588868799089
2022-06-30,-8.395416689111105,0.00022590032651139983,-9.492986917905657,7.537861695700343e-05,-9.349463986686507,8.701204621211256e-05,-9.62198418470149,6.625602295502937e-05,-9.962095055267826,4.715384258061147e-05,-9.651832674347276,6.430760407720245e-05,-9.274961471557617,9.374225859052899e-05,-9.110773011391919,0.0001104692880991662
2022-07-01,-8.75492154382441,0.00015768336670820012,-9.19128187889168,0.00010192412654392736,-9.110338358861597,0.00011051731429135821,-9.109225379614369,0.00011064038624418426,-8.395416689111105,0.00022590032651139983,-9.184800759504036,0.00010258685426546578,-9.570785522460938,6.973658242314282e-05,-9.11056923314731,0.00011049180163058432
2022-07-05,-8.321442911230182,0.00024324463047800004,-9.154191236982749,0.00010577554203219609,-9.079947140611981,0.00011392762944239623,-9.144600975707656,0.00010679483695682274,-8.75492154382441,0.00015768336670820012,-9.08697792290401,0.00011312943832473357,-9.315685272216797,9.000140539852201e-05,-9.110373208945253,0.00011051346282082212
2022-07-06,-8.995930447660204,0.00012391305004199989,-9.00033274279206,0.00012336874719497148,-8.951784154874918,0.00012950589522667445,-8.867471546849465,0.00014089839265158172,-8.321442911230182,0.00024324463047800004,-8.853175341578762,0.0001429271723672397,-9.355401039123535,8.649698162676482e-05,-9.11018464229957,0.00011053430393871713
2022-07-07,-10.134360415777056,3.9692019295683946e-05,-9.209858078764164,0.00010004824095340899,-9.125482144312723,0.00010885627276767816,-9.133381358597575,0.00010799978100240985,-8.995930447660204,0.00012391305004199989,-9.063805977644375,0.00011578147523984004,-9.239416122436523,9.713428820092266e-05,-9.110003248167645,0.000110554356031439
2022-07-08,-9.477640443399466,7.654433493252985e-05,-9.713034090749044,6.048990352435859e-05,-9.513765338449705,7.382852832019118e-05,-9.46686288406163,7.737375759169853e-05,-10.134360415777056,3.9692019295683946e-05,-9.73377801869772,5.924803051837404e-05,-9.349614143371582,8.699898175257425e-05,-9.109828752500755,0.00011057364897074052
2022-07-11,-10.823378987740393,1.9928115428571333e-05,-9.578130263267985,6.922626168137547e-05,-9.414118688863983,8.156431654623976e-05,-9.372449970398737,8.503480026332246e-05,-9.477640443399466,7.654433493252985e-05,-9.820263989857727,5.433923729500012e-05,-9.560270309448242,7.047374636773007e-05,-9.109660891812656,0.00011059221149745811
2022-07-12,-8.856082135860268,0.0001425123157234999,-9.83940021437098,5.3309275669083156e-05,-9.603823152884521,6.747029352485354e-05,-9.934394189402834,4.847830452893067e-05,-10.823378987740393,1.9928115428571333e-05,-10.373624597321156,3.124583104250517e-05,-9.497746467590332,7.502070111920569e-05,-9.109499412765652,0.00011061007126432696
2022-07-13,-8.747531684732037,0.0001588529407404999,-9.53080441024323,7.258121543022035e-05,-9.378344560069355,8.453502942714495e-05,-9.417040915109105,8.132631507619987e-05,-8.856082135860268,0.0001425123157234999,-9.828263303151456,5.3906294642322275e-05,-9.756570816040039,5.791287592176687e-05,-9.109344071773398,0.00011062725487717566
2022-07-14,-8.62586197346212,0.0001794054959811999,-9.25634915252778,9.550335764323032e-05,-9.163152326188612,0.00010483191225409201,-9.365824893691205,8.560003262433816e-05,-8.747531684732037,0.0001588529407404999,-9.370354989934722,8.521313324546796e-05,-9.458783149719238,7.800144937479042e-05,-9.109194634619703,0.00011064378793456135
2022-07-15,-10.83467520407789,1.9704269810062045e-05,-9.169991191912285,0.00010411742680237328,-9.092918137677739,0.00011245941716884237,-9.196418883757774,0.00010140188433871924,-8.62586197346212,0.0001794054959811999,-9.101372943634109,0.00011151260282463788,-9.43903923034668,7.955680761019777e-05,-9.10905087609269,0.00011065969506590347
2022-07-18,-8.722358054272298,0.00016290260447969997,-9.93552117060945,4.8423701165059675e-05,-9.670088592501212,6.314426097828803e-05,-9.946433420535865,4.789816225650733e-05,-10.83467520407789,1.9704269810062045e-05,-9.974679608604031,4.656415081984115e-05,-9.429713249206543,8.030222336152257e-05,-9.108912579633625,0.00011067499996817481
2022-07-19,-9.73940227904388,5.8915739491292095e-05,-9.676141103140568,6.276323391525518e-05,-9.486864980718194,7.58414955264053e-05,-9.182586535108449,0.00010281425624744628,-8.722358054272298,0.00016290260447969997,-9.582166748235178,6.894739411776504e-05,-9.915725708007812,4.939182130978057e-05,-9.108779536999819,0.00011068972544120316
2022-07-20,-9.537504549541511,7.209653669708912e-05,-9.687033996722706,6.208327079371957e-05,-9.494835419340056,7.523940817888764e-05,-9.558313136209026,7.061181076208562e-05,-9.73940227904388,5.8915739491292095e-05,-9.757754983578806,5.784433796224604e-05,-9.51785945892334,7.352688333764974e-05,-9.10865154794101,0.00011070389342163611
2022-07-21,-9.051280011462564,0.00011724087117369996,-9.656152700894253,6.403039273172643e-05,-9.47217891854433,7.696352739332448e-05,-9.573959889267083,6.951556391322842e-05,-9.537504549541511,7.209653669708912e-05,-9.805841744280743,5.5128609698578325e-05,-9.624963760375977,6.605890193507694e-05,-9.10852841988865,0.00011071752501562039
2022-07-22,-8.88644404037682,0.00013825039777139996,-9.582911884975085,6.88960380173219e-05,-9.417710072156485,8.127191320305758e-05,-9.475868216518611,7.66801091362847e-05,-9.051280011462564,0.00011724087117369996,-9.568500221834686,6.989613372052762e-05,-9.627166748046875,6.591353516794936e-05,-9.10840996765757,0.00011073064053024377
2022-07-25,-10.340322886499045,3.230389048622554e-05,-9.436966928151067,7.972184430117122e-05,-9.306214401434005,9.085784629816779e-05,-9.266587308278991,9.453056767779701e-05,-8.88644404037682,0.00013825039777139996,-9.361614162770486,8.596123124995617e-05,-9.614580154418945,6.674840511224073e-05,-9.108296013159505,0.00011074325950378659
2022-07-26,-10.332101542977666,3.257056658282707e-05,-9.824000364846924,5.41365843572843e-05,-9.593024189905607,6.820285103846173e-05,-9.824152187841387,5.4128365802835763e-05,-10.340322886499045,3.230389048622554e-05,-9.920599026144075,4.915170480847389e-05,-9.582563400268555,6.892005141681965e-05,-9.108186385127977,0.00011075540073482838
2022-07-27,-9.055890945156538,0.00011670152568919993,-9.75066381353965,5.825597978467908e-05,-9.540923619158002,7.185045454474471e-05,-9.880931996423612,5.114059280182932e-05,-10.332101542977666,3.257056658282707e-05,-10.259369275979385,3.502777373123181e-05,-9.883694648742676,5.0999504103771825e-05,-9.108080918854087,0.00011076708231025238
2022-07-28,-8.642579870836858,0.00017643114503219993,-9.631447038494152,6.563200902966119e-05,-9.453919929194495,7.838171152423265e-05,-9.478994053538464,7.64407938376297e-05,-9.055890945156538,0.00011670152568919993,-9.840432994726399,5.325424731740204e-05,-9.856812477111816,5.238907519014239e-05,-9.107979455932753,0.00011077832163218881
2022-07-29,-9.600747084898561,6.767815627083474e-05,-9.456159686610041,7.820635195935371e-05,-9.32109404462227,8.951592239763707e-05,-9.31552138432116,9.001615674820793e-05,-8.642579870836858,0.00017643114503219993,-9.357711753160391,8.629734258037697e-05,-9.632658004760742,6.555257898397724e-05,-9.10788184401896,0.00011078913544393992
2022-08-01,-9.572503532626982,6.961687712249949e-05,-9.75101321240741,5.8235628766820396e-05,-9.541174452476584,7.183243431692091e-05,-9.65639678430561,6.401476588224293e-05,-9.600747084898561,6.767815627083474e-05,-9.557565858331149,7.066459712676988e-05,-9.569365501403809,6.983568018243613e-05,-9.10778793659363,0.0001107995398549222
2022-08-02,-9.161426569759772,0.00010501298279750006,-9.644919085576259,6.475374083264814e-05,-9.463891187997769,7.760403086420722e-05,-9.582677479255103,6.891218953564737e-05,-9.572503532626982,6.961687712249949e-05,-9.698115339065486,6.139910256854398e-05,-9.828327178955078,5.390285144440138e-05,-9.107697592738697,0.00011080955036466461
2022-08-03,-9.83306975917629,5.3647818083379884e-05,-9.432321127161426,8.009307779507971e-05,-9.302603011216988,9.118656263965453e-05,-9.379117678308365,8.446969911134297e-05,-9.161426569759772,0.00010501298279750006,-9.599145095849186,6.778666282601344e-05,-9.810483932495117,5.487328540658812e-05,-9.107610676921038,0.00011081918188589874
2022-08-04,-10.857698547420746,1.9255794155668684e-05,-9.785652951871548,5.6252900606495334e-05,-9.565918962276802,7.007678683974204e-05,-9.640621512472938,6.503262359789856e-05,-9.83306975917629,5.3647818083379884e-05,-9.842175312535215,5.3161542278178086e-05,-9.633581161499023,6.549209160293887e-05,-9.107527058784871,0.00011082844876677377
2022-08-05,-10.177861215110868,3.800240103467842e-05,-10.08599996391418,4.165871515114502e-05,-9.769760044966134,5.715406481012942e-05,-10.131088422366542,3.9822104023398794e-05,-10.857698547420746,1.9255794155668684e-05,-10.403174421473807,3.0336030652051564e-05,-9.757596969604492,5.785347889815781e-05,-9.1074466129523,0.00011083736481223196
2022-08-08,-9.310442667824491,9.047448616588479e-05,-10.125354077299093,4.005111369187428e-05,-9.794981531264517,5.5730580994872014e-05,-9.997491413161535,4.551396239933954e-05,-10.177861215110868,3.800240103467842e-05,-10.43497841998843,2.938640457518909e-05,-10.064738273620605,4.25539330495101e-05,-9.107369218831668,0.00011084594330457295
2022-08-09,-11.035968019760347,1.6111648798120763e-05,-9.839759017388989,5.329015157118237e-05,-9.604074166342386,6.745335969857078e-05,-9.725035766470915,5.976826243109746e-05,-9.310442667824491,9.047448616588479e-05,-10.006255928251917,4.5116797609867733e-05,-10.01270580291748,4.482673635490876e-05,-9.107294760433403,0.00011085419702324107
2022-08-10,-11.199679358905025,1.3678581277882412e-05,-10.112497205660775,4.056937015909339e-05,-9.786780974176146,5.6189481855520335e-05,-10.376040282040467,3.117044206058065e-05,-11.035968019760347,1.6111648798120763e-05,-10.470639064238163,2.8356931388910567e-05,-9.859763145446777,5.223472024200007e-05,-9.107223126193059,0.00011086213826386274
2022-08-11,-9.428241669820222,8.042048144983851e-05,-10.519097345585045,2.7015565837348373e-05,-10.027057599402163,4.4187986723809426e-05,-10.536271838217202,2.6555548787920386e-05,-11.199679358905025,1.3678581277882412e-05,-10.856047381826299,1.928761492392161e-05,-10.20839786529541,3.6859474395893554e-05,-9.10715420880125,0.00011086977885656413
2022-08-12,-10.203644520136658,3.703509726745787e-05,-10.18188341270007,3.7849854859939506e-05,-9.830582298429372,5.378143103461211e-05,-9.927670018061391,4.880537937620744e-05,-9.428241669820222,8.042048144983851e-05,-10.296048905190062,3.376624560529607e-05,-10.363555908203125,3.156202475835375e-05,-9.107087905040233,0.00011087713018359305
2022-08-15,-10.157532761989154,3.878283671185464e-05,-10.287817794120246,3.4045326319794133e-05,-9.89526876157151,5.04126328972688e-05,-10.160804643111897,3.8656151243443175e-05,-10.203644520136658,3.703509726745787e-05,-10.258499643205289,3.5058248280184825e-05,-10.053272247314453,4.304466556488932e-05,-9.107024115626828,0.00011088420319627673
2022-08-16,-9.782122257599163,5.645186343224048e-05,-10.344507563175467,3.21689916001183e-05,-9.92878087501654,4.875119368292792e-05,-10.23035407602286,3.6058999859704674e-05,-10.157532761989154,3.878283671185464e-05,-10.291205448998005,3.393018763919137e-05,-10.16482162475586,3.85011816568486e-05,-9.106962745061466,0.00011089100843133502
2022-08-17,-9.640761219710388,6.502353870433905e-05,-10.17507037563135,3.8108607769842105e-05,-9.826331176278567,5.4010549126831334e-05,-10.013675368835118,4.478329494219982e-05,-9.782122257599163,5.645186343224048e-05,-10.134474188124784,3.9687503698342545e-05,-10.193684577941895,3.7405807758400734e-05,-9.106903701483086,0.00011089755602657783
2022-08-18,-10.674325510752134,2.3131262260949265e-05,-9.964834209189341,4.702485768318348e-05,-9.689899490436728,6.19056262127833e-05,-9.855802931987606,5.24419910315331e-05,-9.640761219710388,6.502353870433905e-05,-9.993989662931014,4.567362030557121e-05,-10.115784645080566,4.043621979419128e-05,-9.106846896529676,0.00011090385573600681
2022-08-19,-10.33968025559877,3.232465663622127e-05,-10.160538397980451,3.866644462573283e-05,-9.817227341210474,5.450449725765404e-05,-10.25575495968744,3.515460424923437e-05,-10.674325510752134,2.3131262260949265e-05,-10.361171397804863,3.16373745350407e-05,-10.023266792297363,4.435581275490968e-05,-9.106792245204216,0.00011090991694434641
2022-08-22,-9.898876606622192,5.0231079634132426e-05,-10.178561356671882,3.797580328647672e-05,-9.828510799866,5.389295466237371e-05,-10.179973599585985,3.792221007959866e-05,-10.33968025559877,3.232465663622127e-05,-10.458094234849064,2.8714904919019282e-05,-10.238889694213867,3.575252384640538e-05,-9.106739665745817,0.00011091574868102393
2022-08-23,-10.210025673683738,3.6799523042178855e-05,-9.78135294962821,5.649530901012595e-05,-9.562860639230168,7.029143235232273e-05,-10.04275871797857,4.349960423406172e-05,-9.898876606622192,5.0231079634132426e-05,-10.284925525811921,3.4143937073793075e-05,-10.171256065368652,3.825424339671827e-05,-9.106689079505838,0.00011092135963362147
2022-08-24,-10.27403056034663,3.451796791582501e-05,-9.810065510099859,5.489625042230702e-05,-9.583209842264791,6.887551299850405e-05,-10.1768387655638,3.804127644308894e-05,-10.210025673683738,3.6799523042178855e-05,-10.310356614858987,3.328656769559886e-05,-9.955378532409668,4.747161842188905e-05,-9.106640410828813,0.00011092675816081711
2022-08-25,-10.29271793026446,3.387890765580254e-05,-10.012710658602234,4.482651869093693e-05,-9.721848533873347,5.995906168469949e-05,-10.245585844180912,3.551391934235398e-05,-10.27403056034663,3.451796791582501e-05,-10.365480078052334,3.150135245256405e-05,-9.933159828186035,4.853818121502432e-05,-9.106593586937967,0.00011093195230483725
2022-08-26,-8.689577551068023,0.00016833112250650003,-10.069253241191445,4.236223649927707e-05,-9.758919572908168,5.777701227448932e-05,-10.219534663133828,3.6451255227509754e-05,-10.29271793026446,3.387890765580254e-05,-10.399903634803625,3.04354157819113e-05,-9.988245010375977,4.593675446868746e-05,-9.10654853782515,0.00011093694980343724
2022-08-29,-9.668628174996082,6.323654533281051e-05,-9.232565103702827,9.78020418134957e-05,-9.1439224041712,0.00010686732948632403,-9.631874108327825,6.560398556289582e-05,-8.689577551068023,0.00016833112250650003,-9.691699792568208,6.179427764257017e-05,-10.05908203125,4.279531040955286e-05,-9.10650519614503,0.00011094175810142827
2022-08-30,-8.982541415791555,0.00012558328226289998,-9.41079724654367,8.183567812548937e-05,-9.285822999464266,9.272958398520973e-05,-9.897599064500085,5.0295292963086596e-05,-9.668628174996082,6.323654533281051e-05,-9.726759920473157,5.966530152795253e-05,-9.720234870910645,6.005589350776996e-05,-9.106463497113356,0.0001109463843617678
2022-08-31,-9.631454579785855,6.563151408140231e-05,-9.257052292989158,9.543622897148232e-05,-9.163719494347363,0.00010477247178940335,-9.599664083938592,6.775149148292972e-05,-8.982541415791555,0.00012558328226289998,-9.489332275402708,7.565460286207578e-05,-9.765951156616211,5.737217337363225e-05,-9.10642337840915,0.0001109508354762306
2022-09-01,-9.023303685820931,0.0001205671515691001,-9.397224510182085,8.295398427922279e-05,-9.275200958872295,9.37198111967876e-05,-9.730450090222572,5.944553217965449e-05,-9.631454579785855,6.563151408140231e-05,-9.665844688407695,6.34128086080673e-05,-9.5891695022583,6.846625907757155e-05,-9.106384780080656,0.00011095511807567508
2022-09-02,-8.184342287355816,0.0002789878606356998,-9.251288417074079,9.598789990717432e-05,-9.159067956104,0.0001052609601792197,-9.455345992713774,7.827001388774113e-05,-9.023303685820931,0.0001205671515691001,-9.516908467944809,7.359683999918804e-05,-9.646746635437012,6.463550821351699e-05,-9.106347644454909,0.00011095923853992228
2022-09-06,-9.330960028401517,8.863710210118517e-05,-9.023796008717937,0.00012050780820900191,-8.97153910191658,0.00012697261789012995,-9.163729631300834,0.00010477140972111492,-8.184342287355816,0.0002789878606356998,-8.989749495042563,0.00012468132261526975,-9.509051322937012,7.417737874511831e-05,-9.1063119160508,0.00011096320300725809
2022-09-07,-9.294792152400142,9.190159688688282e-05,-9.178915575202236,0.00010319237686810915,-9.100228348724514,0.00011164031265625559,-9.444817421431502,7.90984387205584e-05,-9.330960028401517,8.863710210118517e-05,-9.267754095706994,9.442033492147152e-05,-9.358074188232422,8.626607106409222e-05,-9.106277541495453,0.00011096701738357961
2022-09-08,-9.38099295855887,8.43114431863166e-05,-9.405727152267504,8.225164633669502e-05,-9.2818588056913,9.309791160328814e-05,-9.452013810476409,7.853125885392774e-05,-9.294792152400142,9.190159688688282e-05,-9.435615500587225,7.982965543205864e-05,-9.491839408874512,7.5465164248119e-05,-9.106244469443846,0.0001109706873511916
2022-09-09,-10.080514287759655,4.1887869329629815e-05,-9.52672731995698,7.287773966590379e-05,-9.375243400975535,8.479759291755045e-05,-9.456563177872596,7.817480274500603e-05,-9.38099295855887,8.43114431863166e-05,-9.579604114910962,6.91243075929153e-05,-9.527262687683105,7.283873371832802e-05,-9.106212650501485,0.00011097421837727264
2022-09-12,-10.75984383217269,2.1235338956334743e-05,-9.7822569460978,5.644426052753294e-05,-9.56350391066005,7.024623042223884e-05,-9.730275626277066,5.945590418648553e-05,-10.080514287759655,4.1887869329629815e-05,-9.970083869499948,4.6778639999251476e-05,-9.576231956481934,6.935779917345474e-05,-9.10618203715008,0.0001109776157220184
2022-09-13,-8.7499576564636,0.00015846803507069986,-9.856715474345688,5.2394157321837205e-05,-9.61590573800251,6.66599831404996e-05,-10.126093976439815,4.002149086757124e-05,-10.75984383217269,2.1235338956334743e-05,-10.446463280605016,2.9050836479524625e-05,-9.78022289276123,5.655918800867757e-05,-9.106152583676044,0.00011098088444647913
2022-09-14,-9.443784876786317,7.918015356975672e-05,-9.281738838733647,9.310908094646973e-05,-9.183583056733834,0.0001027118506508681,-9.508013773206564,7.42543814045771e-05,-8.7499576564636,0.00015846803507069986,-9.793924529699309,5.578951944974563e-05,-9.981117248535156,4.626535039985858e-05,-9.106124246101746,0.00011098402942009801
2022-09-15,-8.88255434619091,0.00013878919674209994,-9.466360511394068,7.741263781806296e-05,-9.328976262702314,8.881311186735734e-05,-9.708234357156233,6.0780936828772595e-05,-9.443784876786317,7.918015356975672e-05,-9.68183875607841,6.240664760832108e-05,-9.586752891540527,6.863191545593445e-05,-9.1060969821194,0.00011098705532796583
2022-09-16,-9.670365690597624,6.312676624776183e-05,-9.271325624685534,9.408371144720822e-05,-9.175215947776465,0.0001035748572969847,-9.498590907671986,7.495737737254468e-05,-8.88255434619091,0.00013878919674209994,-9.408695930413932,8.200782155646449e-05,-9.63245677947998,6.556577114734182e-05,-9.106070751027476,0.00011098996667780032
2022-09-19,-9.658267930792608,6.389509687198576e-05,-9.410164714553789,8.188745818436276e-05,-9.285328676228483,9.277543370457527e-05,-9.685722323489593,6.216475718832212e-05,-9.670365690597624,6.312676624776183e-05,-9.633566015602668,6.549308354688233e-05,-9.533361434936523,7.239586054959269e-05,-9.106045513669558,0.000110992767806661
2022-09-20,-9.573485814108679,6.954852732815287e-05,-9.480249253809092,7.634490552462552e-05,-9.339678667113773,8.786766632177718e-05,-9.59314399309622,6.819468060873001e-05,-9.658267930792608,6.389509687198576e-05,-9.802173333751826,5.533121546419362e-05,-9.646380424499512,6.465918277825333e-05,-9.106021232375532,0.00011099546288741076
2022-09-21,-8.138408487958174,0.00029210171188989996,-9.354093879082596,8.661012095430342e-05,-9.241240782946138,9.695721270157779e-05,-9.626178479435639,6.597870764446352e-05,-9.573485814108679,6.954852732815287e-05,-9.843003550163061,5.311753011728876e-05,-9.619441986083984,6.642467320537473e-05,-9.105997870905028,0.00011099805593493165
2022-09-22,-10.024599223202248,4.429675105573843e-05,-9.003967667546545,0.00012292112511101642,-8.95484937411037,0.00012910953903516495,-9.097160968851309,0.0001119832816435089,-8.138408487958174,0.00029210171188989996,-9.144947511950242,0.00010675783508691084,-9.562560081481934,7.03125621621557e-05,-9.105975394393031,0.00011100055081210552
2022-09-23,-8.51135782531901,0.0002011704850023,-9.459980497903272,7.790811037182358e-05,-9.324048540960039,8.925183824267592e-05,-9.720996106928027,6.001019419476411e-05,-10.024599223202248,4.429675105573843e-05,-9.633692350546143,6.548481000450416e-05,-9.306649208068848,9.081834929117244e-05,-9.105953769297548,0.00011100295123557012
2022-09-26,-8.717786972698526,0.00016364895007710004,-8.982914034639066,0.00012553649628220702,-8.93707137090921,0.00013142537329347,-9.186413946083626,0.00010242149594169705,-8.51135782531901,0.0002011704850023,-9.242006512840948,9.688299808309694e-05,-9.623590469360352,6.614968235130433e-05,-9.105932963349307,0.00011100526078125416
2022-09-27,-8.16085006620545,0.0002856194960908002,-8.653812826000532,0.00017446039130700831,-8.65217681764297,0.00017474604356627915,-9.154123674455679,0.00010578268873653995,-8.717786972698526,0.00016364895007710004,-9.111394394574551,0.00011040066566396556,-9.312047958374023,9.032936484037935e-05,-9.105912945503357,0.00011100748288970492
2022-09-28,-8.460973414761876,0.00021156602891219984,-8.578792989226418,0.00018805182105145242,-8.585574527233064,0.00018678085490328797,-8.863820463619351,0.0001414137646707002,-8.16085006620545,0.0002856194960908002,-8.782435091239625,0.0001534040770873948,-9.173490524291992,0.00010375372205251605,-9.105893685892514,0.00011100962087121432
2022-09-29,-8.752233474572623,0.00015810780071619996,-8.795980882889362,0.00015134010802782252,-8.77678217829212,0.00015427371265223772,-8.972263586124491,0.00012688066154811238,-8.460973414761876,0.00021156602891219984,-8.74952708808274,0.00015853628108721245,-8.991552352905273,0.00012445674241637775,-9.105875155782599,0.0001110116779107493
2022-09-30,-8.4140775376221,0.00022172392354540015,-8.803413643488145,0.00015021940336013234,-8.78323536051469,0.0001532813616270876,-8.942667554581798,0.00013069194687383392,-8.752233474572623,0.00015810780071619996,-8.906188968988296,0.00013554742634082627,-9.058844566345215,0.00011635734213431152,-9.105857327529367,0.00011101365707269716
2022-10-03,-8.567534396464191,0.0001901809831169001,-8.715337190274198,0.00016405034586418506,-8.706368655851094,0.00016552825446905178,-8.834619383566057,0.00014560408248258128,-8.4140775376221,0.00022172392354540015,-8.84171544519059,0.00014457452416533626,-9.052091598510742,0.00011714575860242447,-9.105840174537098,0.0001110155613054303
2022-10-04,-10.178804737435902,3.796656183110042e-05,-8.908227951492874,0.00013527132908436952,-8.873544748690858,0.0001400452814542903,-8.855967663736296,0.00014252863034473979,-8.567534396464191,0.0001901809831169001,-8.881842101848333,0.00013888808377397435,-8.980438232421875,0.00012584768487979578,-9.105823671218749,0.0001110173934456984
2022-10-05,-8.395484281295499,0.00022588505793089987,-9.707429895249081,6.082985244987121e-05,-9.509696412859881,7.41295430963913e-05,-9.482861135197966,7.614576186976518e-05,-10.178804737435902,3.796656183110042e-05,-9.65712545594601,6.396813712836611e-05,-9.019173622131348,0.00012106613128367703,-9.105807792957636,0.00011101915622285449
2022-10-06,-9.202900146757406,0.00010074679724670007,-9.237919976550051,9.72797240361339e-05,-9.148259564278117,0.00010640483245498086,-8.978280611206849,0.00012611950965655413,-8.395484281295499,0.00022588505793089987,-9.247895289268811,9.631415231435523e-05,-9.380762100219727,8.433090943294764e-05,-9.10579251607057,0.0001110208522629213
2022-10-07,-8.82677527523772,0.0001467507079264001,-9.025426111930344,0.00012031152806563006,-8.972908840961631,0.00012679881759545175,-9.240585502347697,9.702076770284547e-05,-9.202900146757406,0.00010074679724670007,-9.358425183444254,8.623579739947162e-05,-9.167869567871094,0.00010433855933528476,-9.105777817772413,0.00011102248409250207
2022-10-10,-9.024188954240412,0.00012046046450769989,-8.794283023177394,0.00015159728055970836,-8.775307197163244,0.0001545014313661995,-9.164130997247348,0.00010472936648301103,-8.82677527523772,0.0001467507079264001,-9.25526977879264,9.560649711209157e-05,-9.251846313476562,9.593436353839652e-05,-9.10576367614196,0.00011102405414254562
2022-10-11,-8.521209637506393,0.00019919832180829983,-8.812448216975092,0.0001488683474182218,-8.79107071118262,0.0001520850413228691,-9.25342778866635,9.578276562837556e-05,-9.024188954240412,0.00012046046450769989,-9.279479491034252,9.331968455810347e-05,-9.178963661193848,0.0001031874148796427,-9.105750070089139,0.00011102556475196742
2022-10-12,-10.117479534549346,4.0367742917865615e-05,-8.589739808990162,0.0001860044780524344,-8.595327759277595,0.0001849679928866631,-8.963585215275959,0.00012798657078691046,-8.521209637506393,0.00019919832180829983,-9.063964052437424,0.0001157631745535793,-9.185606002807617,0.00010250428013862624,-9.105736979323456,0.00011102701817113347
2022-10-13,-7.1422863331684106,0.0007909416714600002,-9.421834550615648,8.093739926968309e-05,-9.294437623064006,9.193418447530364e-05,-9.546050425116263,7.148303385834079e-05,-10.117479534549346,4.0367742917865615e-05,-9.693030831790713,6.171208175041505e-05,-9.049555778503418,0.0001174431961254862,-9.10572438432364,0.00011102841656521332
2022-10-14,-8.040403906222618,0.0003221787938157001,-9.171455120088263,0.00010396511787952968,-9.094118090580475,0.00011232455209682048,-8.528311935053907,0.00019778856822652344,-7.1422863331684106,0.0007909416714600002,-8.576840264152793,0.0001884193933245573,-9.283011436462402,9.299066590486839e-05,-9.10571226630844,0.0001110297620174049
2022-10-17,-9.853016509386228,5.2588320353592854e-05,-8.761594139561215,0.00015663471186347662,-8.746845826911331,0.00015896192864307923,-8.704285843211682,0.00016587337809880344,-8.040403906222618,0.0003221787938157001,-8.387753376789775,0.00022763812139489685,-8.993659973144531,0.0001241947110954032,-9.105700607208538,0.00011103105653203883
2022-10-18,-8.566013913919546,0.00019047036993009988,-9.402645258454971,8.250552819412458e-05,-9.279447001485558,9.332271652179234e-05,-9.28965826721678,9.237462232365658e-05,-9.853016509386228,5.2588320353592854e-05,-9.205925479518175,0.00010044246524535399,-9.073512077331543,0.00011466312488904637,-9.105689389639531,0.00011103230203756316
2022-10-19,-8.88016534034958,0.00013912116131860005,-9.0457184248996,0.00011789473299661813,-8.98993001936224,0.00012465881663582777,-8.921643109885963,0.00013346876068238154,-8.566013913919546,0.00019047036993009988,-9.094442891298748,0.00011228807492584609,-9.329679489135742,8.875067809456982e-05,-9.105678596875942,0.0001110335003894166
2022-10-20,-8.439276116941855,0.0002162066019445001,-8.96049003168144,0.00012838332642014382,-8.918072647267497,0.00013394615765999963,-8.902569890020237,0.00013603887193447506,-8.88016534034958,0.00013912116131860005,-9.186853191501415,0.00010237651764789944,-9.099451065063477,0.00011172712258079368,-9.10566821282621,0.00011103465337279288
2022-10-21,-8.580984997088807,0.00018764006143620003,-8.866990937525165,0.00014096612600820665,-8.838171091061513,0.00014508785665569448,-8.873622466729167,0.0001400343978326736,-8.439276116941855,0.0002162066019445001,-8.99561992664706,0.00012395153362251173,-9.050369262695312,0.00011734769679085853,-9.10565822200864,0.0001110357627053001
2022-10-24,-8.920415406798849,0.0001336327213188001,-8.861690112568152,0.00014171534675671933,-8.833609021998734,0.00014575126959514675,-8.961278392460041,0.00012828215392642075,-8.580984997088807,0.00018764006143620003,-8.921957249960982,0.00013342683938081317,-9.025489807128906,0.00012030386504301202,-9.10564860952827,0.00011103683003951942
2022-10-25,-10.050255714381665,4.3174707255057976e-05,-9.008160782979642,0.00012240678174841346,-8.958383126130062,0.00012865410311357607,-8.971081075538713,0.00012703078801910026,-8.920415406798849,0.0001336327213188001,-9.074173556696477,0.00011458730267819199,-9.114819526672363,0.00011002317564601321,-9.105639361054608,0.00011103785696546624
2022-10-26,-8.954938634287954,0.00012909801520909997,-9.592420941609815,6.824400670441348e-05,-9.424839411843319,8.069455865065056e-05,-9.42285002815488,8.085525087562465e-05,-10.050255714381665,4.3174707255057976e-05,-9.70281245588697,6.111138007313115e-05,-9.174026489257812,0.00010369812859182688,-9.105630462800221,0.00011103884501296012
2022-10-27,-9.34325938539744,8.755359959024789e-05,-9.39167881044,8.341530014578076e-05,-9.270851888869617,9.412829283008038e-05,-9.12323128585622,0.00010910156878953014,-8.954938634287954,0.00012909801520909997,-9.549599772774677,7.122976545419477e-05,-9.413257598876953,8.163458101018823e-05,-9.105621901500134,0.0001110397956539029
2022-10-28,-9.278342682047509,9.342583153713755e-05,-9.289808322873618,9.23607620289624e-05,-9.190055152751619,0.00010204923625624957,-9.316335706614696,8.994288442268255e-05,-9.34325938539744,8.755359959024789e-05,-9.590942888693391,6.834494953859964e-05,-9.287942886352539,9.25332159684949e-05,-9.105613664392026,0.00011104071030447108
2022-10-31,-10.464938719338868,2.8519037268871467e-05,-9.422241946222321,8.090443244453085e-05,-9.294755195789985,9.190499332113165e-05,-9.3620166131059,8.59266430840833e-05,-9.278342682047509,9.342583153713755e-05,-9.585468173564799,6.872014477418974e-05,-9.379663467407227,8.442360904925474e-05,-9.105605739197147,0.00011104159032722692
2022-11-01,-9.209176591858041,0.00010011644575730008,-9.787566003392698,5.614538878004156e-05,-9.567278375095318,6.998158827916405e-05,-9.836191750164755,5.348059125492608e-05,-10.464938719338868,2.8519037268871467e-05,-10.092071422606773,4.14065522558344e-05,-9.46291446685791,7.767986539025414e-05,-9.105598114102,0.00011104243703314657
2022-11-02,-7.829530435603595,0.0003978122349014001,-9.619488252193124,6.642160006528633e-05,-9.445039543464329,7.908087116569904e-05,-9.422238969355902,8.090467328657743e-05,-9.209176591858041,0.00010011644575730008,-9.846685863590814,5.292229440304195e-05,-9.744540214538574,5.861381053212439e-05,-9.105590777740682,0.00011104325168357451
2022-11-03,-9.270457196051783,9.416545192394666e-05,-9.17091557343813,0.0001040212270460075,-9.093675871748198,0.00011237423511365789,-8.936588439141982,0.00013148885810943664,-7.829530435603595,0.0003978122349014001,-8.955349484424662,0.00012904498616614327,-9.550995826721191,7.1130394238951e-05,-9.105583719177925,0.00011104403549210149
2022-11-04,-8.211457927724853,0.0002715245693816001,-9.354483040291528,8.657642221247389e-05,-9.241548587147513,9.692737345671267e-05,-9.3274430810845,8.894938293534776e-05,-9.270457196051783,9.416545192394666e-05,-9.187130649176513,0.00010234811643757728,-9.360557556152344,8.60521064570166e-05,-9.105576927892765,0.0001110447896263727
2022-11-07,-9.622919930338659,6.619405316911331e-05,-9.281716145296892,9.311119393548487e-05,-9.18356484099163,0.00010271372164050148,-8.941646343348099,0.00013082547912885014,-8.211457927724853,0.0002715245693816001,-8.821472642871699,0.0001475309397931554,-9.585018157958984,6.875107687121311e-05,-9.105570393762823,0.00011104551520982792
2022-11-08,-8.62431737439747,0.00017968281966429994,-9.6295970105766,6.575354246411102e-05,-9.452547919410938,7.848932580633859e-05,-9.273815401812662,9.384975534454588e-05,-9.622919930338659,6.619405316911331e-05,-9.35153380724381,8.683213314824014e-05,-9.422124862670898,8.091390557737051e-05,-9.105564107049211,0.00011104621332337435
2022-11-09,-9.358569545523611,8.622334911899545e-05,-9.300100227559577,9.14150687097547e-05,-9.19829468708579,0.00010121185263338331,-8.943917601656336,0.00013052867785621805,-8.62431737439747,0.00017968281966429994,-9.199357498784568,0.00010110434063497452,-9.588852882385254,6.848794028799861e-05,-9.105558058381988,0.00011104688500699662
2022-11-10,-9.413006554583626,8.165507747854202e-05,-9.340396504886934,8.780461422514774e-05,-9.230391036109802,9.801490136481897e-05,-9.277285224106706,9.352467767818003e-05,-9.358569545523611,8.622334911899545e-05,-9.428390361460457,8.040852448551567e-05,-9.332275390625,8.852058885084532e-05,-9.105552238746165,0.00011104753126130702
2022-11-11,-9.422762448673096,8.086233244669149e-05,-9.576955854244561,6.930760938614141e-05,-9.413235959552248,8.163634754650715e-05,-9.312185441633392,9.031694691853212e-05,-9.413006554583626,8.165507747854202e-05,-9.590456069464167,6.83782292742057e-05,-9.396272659301758,8.303298169310012e-05,-9.105546639468265,0.00011104815304903545
2022-11-14,-9.477137641353234,7.658283125796591e-05,-9.67433921700352,6.28764280672234e-05,-9.485544279964506,7.594172561911847e-05,-9.406898300172745,8.215537387903257e-05,-9.422762448673096,8.086233244669149e-05,-9.665126367654034,6.345837570847602e-05,-9.473915100097656,7.68300206662797e-05,-9.105541252203368,0.00011104875129646373
2022-11-15,-8.653301589043693,0.00017454960470920014,-9.565190697154529,7.012783990730621e-05,-9.40437865165304,8.236263755136193e-05,-9.431409360360181,8.016613730597977e-05,-9.477137641353234,7.658283125796591e-05,-9.72338998001488,5.9866709216879424e-05,-9.584425926208496,6.879180550101994e-05,-9.10553606892266,0.00011104932689480569
2022-11-16,-10.910652621895299,1.8262649004202138e-05,-9.32819871734045,8.888219494469516e-05,-9.22070320713641,9.896906740209361e-05,-9.207760488874452,0.00010025832138638494,-8.653301589043693,0.00017454960470920014,-9.3488884122869,8.706214253406684e-05,-9.624335289001465,6.610043111255753e-05,-9.105531081901459,0.00011104988070153423
2022-11-17,-9.802576653266621,5.530890380488581e-05,-9.917196664930966,4.931922147698157e-05,-9.657608926716378,6.393721787870867e-05,-9.977560475976142,4.643019871879632e-05,-10.910652621895299,1.8262649004202138e-05,-10.123746998701467,4.011553072725486e-05,-9.495654106140137,7.517783587622048e-05,-9.105526283707677,0.00011105041354165962
2022-11-18,-9.69624181091935,6.151424334141333e-05,-9.910844435788407,4.9633505618576546e-05,-9.65326583058681,6.421550724350909e-05,-9.70889698839769,6.074067482204973e-05,-9.802576653266621,5.530890380488581e-05,-10.15644921999483,3.882488231906783e-05,-9.940362930297852,4.8189811915480434e-05,-9.105521667190743,0.00011105092620895764
2022-11-21,-10.581719215973164,2.5375682714148937e-05,-9.769250747148465,5.718318066429924e-05,-9.55423275530082,7.090052247291397e-05,-9.70855038923181,6.076173113811804e-05,-9.69624181091935,6.151424334141333e-05,-10.043282364812203,4.347683176692578e-05,-9.7599458694458,5.7717746344248715e-05,-9.105517225470926,0.00011105141946715272
2022-11-22,-10.11489146681937,4.0472352680828675e-05,-9.99907542280256,4.544192491319637e-05,-9.712801314164956,6.0503985796420826e-05,-10.0662971488002,4.248764845761081e-05,-10.581719215973164,2.5375682714148937e-05,-10.366012809552398,3.14845751591111e-05,-9.73437786102295,5.9212501698892786e-05,-9.105512951929077,0.00011105189405105531
2022-11-23,-10.78026812486457,2.0806021356350486e-05,-10.206908820738784,3.691440067929573e-05,-9.846103679943832,5.2953113867827865e-05,-10.067466441210204,4.243799700693973e-05,-10.11489146681937,4.0472352680828675e-05,-10.357122610825066,3.176572718606741e-05,-9.96334457397461,4.709495976745966e-05,-9.105508840196753,0.0001110523506676564
2022-11-25,-12.159983333229095,5.235839658790989e-06,-10.232973786836288,3.596465933425212e-05,-9.862112510901733,5.2112145837129765e-05,-10.260655378694786,3.4982753372929685e-05,-10.78026812486457,2.0806021356350486e-05,-10.578089318802663,2.5467961212439543e-05,-10.00045394897461,4.5379325187988394e-05,-9.105504884146717,0.00011105278999718137
2022-11-28,-9.741004643525631,5.882141059773246e-05,-10.630575335326494,2.4165722963353324e-05,-10.085860278604812,4.1664534668099806e-05,-10.858607065974422,1.9238307853930063e-05,-12.159983333229095,5.235839658790989e-06,-11.204627393837287,1.3611066350752162e-05,-10.199153900146484,3.7201781793909766e-05,-9.105501077883796,0.00011105321269410264
2022-11-29,-9.948369044967148,4.7805539074196185e-05,-10.43723433111215,2.932018617771442e-05,-9.981910600265255,4.622866026009256e-05,-10.189510297390584,3.7562276439117586e-05,-9.741004643525631,5.882141059773246e-05,-10.654006196311055,2.3606081314461587e-05,-10.519021987915039,2.701760174415341e-05,-9.105497415736094,0.00011105361938811494
2022-11-30,-8.248517510548364,0.00026164615759270016,-10.33710000456803,3.240817006129183e-05,-9.92444607241924,4.896297917645013e-05,-10.201878920821732,3.710054416932235e-05,-9.948369044967148,4.7805539074196185e-05,-10.294314000327516,3.382487767481153e-05,-10.100751876831055,4.1048680068108975e-05,-9.105493892246528,0.00011105401068507347
2022-12-01,-9.544680053024658,7.158105936333134e-05,-9.608441421233936,6.715941601416927e-05,-9.43681213702344,7.973418549047581e-05,-9.563517309135108,7.024528923617783e-05,-8.248517510548364,0.00026164615759270016,-9.380053607624319,8.439067842829004e-05,-10.05709171295166,4.288057151917156e-05,-9.10549050216469,0.00011105438716789633
2022-12-02,-9.642679571297185,6.489892026489403e-05,-9.989216729950437,4.589213850579597e-05,-9.706234088740272,6.090263669262311e-05,-9.819280571836892,5.43927017648472e-05,-9.544680053024658,7.158105936333134e-05,-9.484055698453922,7.605485524820391e-05,-9.809806823730469,5.4910453170971446e-05,-9.105487240439018,0.00011105474939743266
2022-12-05,-9.490174150448771,7.559093794252013e-05,-10.05680654338964,4.289280149669661e-05,-9.750821197030689,5.824681197665638e-05,-9.646580586961576,6.464624173223237e-05,-9.642679571297185,6.489892026489403e-05,-9.684225815842254,6.225785686766544e-05,-10.024123191833496,4.431784271852302e-05,-9.105484102209264,0.00011105509791329844
2022-12-06,-8.837910872932662,0.00014512561605889996,-9.7884069441228,5.6098193682730096e-05,-9.567875708683422,6.993979840842535e-05,-9.598352851127132,6.78403877306891e-05,-9.490174150448771,7.559093794252013e-05,-9.747983605598298,5.841232735273218e-05,-10.007696151733398,4.5051866107701474e-05,-9.10548108279924,0.00011105543323468046
2022-12-07,-10.146921983597222,3.919654379314221e-05,-9.430624646968209,8.022906943611978e-05,-9.301283330365969,9.13069792385041e-05,-9.321088092133703,8.951645524172764e-05,-8.837910872932662,0.00014512561605889996,-9.466876877488456,7.737267487525888e-05,-9.864770889282227,5.197379600984635e-05,-9.105478177709854,0.00011105575586110953
2022-12-08,-10.103506210918567,4.093577385144949e-05,-9.728314573399162,5.95726147588977e-05,-9.524827907559931,7.301629609433635e-05,-9.86037381467002,5.220283184358634e-05,-10.146921983597222,3.919654379314221e-05,-9.885460451990571,5.0909528476790625e-05,-9.590649604797363,6.836499695132209e-05,-9.105475382612392,0.00011105606627320469
2022-12-09,-9.862271916835057,5.210383951394125e-05,-9.865642342611217,5.1928523001815224e-05,-9.622110148147637,6.624767764366311e-05,-9.897825835597718,5.028388873741882e-05,-10.103506210918567,4.093577385144949e-05,-10.127686511620993,3.995780595904974e-05,-9.812342643737793,5.477138654369812e-05,-9.105472693342072,0.00011105636493338908
2022-12-12,-10.314312799903181,3.315514002182656e-05,-9.762922248322983,5.754621186562347e-05,-9.549709136529641,7.122197592553331e-05,-9.85900170139244,5.227450920577079e-05,-9.862271916835057,5.210383951394125e-05,-10.13108555772475,3.982221809962559e-05,-9.862208366394043,5.210715084113795e-05,-9.10547010589183,0.00011105665228657911
2022-12-13,-8.120898907163175,0.00029726132996810004,-9.667182601655265,6.33280245009021e-05,-9.480292539155943,7.634160098042922e-05,-10.061494571251595,4.269218945304209e-05,-10.314312799903181,3.315514002182656e-05,-10.306753067802617,3.3406733790688895e-05,-9.827260971069336,5.3960353738927946e-05,-9.105467616406349,0.00011105692876084677
2022-12-14,-8.37046351639827,0.0002316081746671001,-9.306170724236786,9.086181480090535e-05,-9.203146683038861,0.00010072196256738886,-9.375272058743791,8.479516284260435e-05,-8.120898907163175,0.00029726132996810004,-9.370487845596521,8.520181295025591e-05,-9.873564720153809,5.151875096500106e-05,-9.105465221176301,0.00011105719476805816
2022-12-15,-9.165725636792368,0.00010456249397979991,-9.436193257753768,7.978354659766751e-05,-9.305613251937485,9.091248186715184e-05,-9.291851565104675,9.217223928389699e-05,-8.37046351639827,0.0002316081746671001,-8.925921168446354,0.00013289899312666402,-9.606982231140137,6.725748590262618e-05,-9.105462916632831,0.00011105745070448605
2022-12-16,-9.262268566775536,9.493970360400756e-05,-9.469801844292132,7.71466930255558e-05,-9.331631265263205,8.857762557459331e-05,-9.436486443096712,7.976015865986481e-05,-9.165725636792368,0.00010456249397979991,-9.136697872330236,0.00010764219154852645,-9.652280807495117,6.427879216442593e-05,-9.10546069934223,0.00011105769695140076
2022-12-19,-9.591579059118013,6.830148433013686e-05,-9.538039907887613,7.205794954434202e-05,-9.383840636543146,8.407169287359266e-05,-9.420449654430431,8.104956681745e-05,-9.262268566775536,9.493970360400756e-05,-9.351755332647473,8.681289975531474e-05,-9.739885330200195,5.8887287047751766e-05,-9.10545856600081,0.00011105793387563839
2022-12-20,-9.737242054189796,5.9043148302331174e-05,-9.685119322637732,6.220225389399894e-05,-9.493436121502638,7.534476421508687e-05,-9.442490670067084,7.928269539738492e-05,-9.591579059118013,6.830148433013686e-05,-9.654393139301831,6.414315733055963e-05,-9.68776798248291,6.203771927613772e-05,-9.105456513429992,0.00011105816183014644
2022-12-21,-9.99891708288381,4.5449120753574327e-05,-9.781300693567824,5.649826130954228e-05,-9.562823449410395,7.029404652663354e-05,-9.613921013910149,6.679241619309742e-05,-9.737242054189796,5.9043148302331174e-05,-9.872040181211208,5.159735320798748e-05,-9.655909538269043,6.40459644232663e-05,-9.105454538571555,0.00011105838115451087
2022-12-22,-8.307669580581397,0.0002466180978126002,-9.974945614084948,4.655176614777718e-05,-9.696689380932465,6.148671757102844e-05,-9.822255010082644,5.423115440785118e-05,-9.99891708288381,4.5449120753574327e-05,-10.066846567545893,4.246431135859464e-05,-9.711894989013672,6.055884693776181e-05,-9.105452638483088,0.00011105859217546054
2022-12-23,-9.75055761860505,5.826216660314088e-05,-9.318701037083784,8.97303911851158e-05,-9.213143093644549,9.97201202289233e-05,-9.256865890140558,9.545402021453993e-05,-8.307669580581397,0.0002466180978126002,-9.353220186003387,8.668582468366718e-05,-9.8910551071167,5.062550247692527e-05,-9.105450810333597,0.00011105879520735493
2022-12-27,-10.322536352873072,3.2883604993230884e-05,-9.832854410549988,5.365937231135715e-05,-9.599239057096945,6.778029380581815e-05,-9.698680633729346,6.136440379193688e-05,-9.75055761860505,5.826216660314088e-05,-9.608414724890679,6.716120894892441e-05,-9.6218900680542,6.626225904322803e-05,-9.105449051399285,0.00011105899055265226
2022-12-28,-9.215330252327622,9.95022548420234e-05,-9.94120047897238,4.814946749994914e-05,-9.67394157841966,6.290143513259582e-05,-9.914578395236418,4.944852169749149e-05,-10.322536352873072,3.2883604993230884e-05,-10.062827871611175,4.263530587136983e-05,-9.898676872253418,5.0241113509137476e-05,-9.105447359059497,0.00011105917850235986
2022-12-29,-10.02991876878045,4.4061738104774184e-05,-9.717603511557272,6.021413024242942e-05,-9.517078337627922,7.358433918908366e-05,-9.534538864675497,7.231066967338054e-05,-9.215330252327622,9.95022548420234e-05,-9.823491577382883,5.416413538096466e-05,-10.033839225769043,4.388933412770059e-05,-9.105445730792807,0.000111059359336468
2022-12-30,-9.891112307948521,5.062260673889227e-05,-9.874549553457205,5.146803855903328e-05,-9.62828403118783,6.583993221167324e-05,-9.768584964025626,5.7221264937422146e-05,-10.02991876878045,4.4061738104774184e-05,-10.01727620175389,4.462232776144746e-05,-9.771629333496094,5.7047327165147564e-05,-9.10544416417327,0.00011105953332436631
2023-01-03,-8.430130302622363,0.00021819305741040013,-9.923106245696482,4.902862505160518e-05,-9.661641535116438,6.367990329000306e-05,-9.85747444551556,5.235440675363593e-05,-9.891112307948521,5.062260673889227e-05,-10.08845742797591,4.155646604401421e-05,-9.865775108337402,5.1921629131394136e-05,-9.105442656866797,0.000111059700725246
2023-01-04,-9.140119910766314,0.00010727446537710005,-9.36751714130542,8.545529867073626e-05,-9.251843311506546,9.59346515309117e-05,-9.34144187581037,8.771287379423729e-05,-8.430130302622363,0.00021819305741040013,-9.402169299639827,8.254480677431847e-05,-9.878676414489746,5.125607478962203e-05,-9.105441206627676,0.00011105986178848562
2023-01-05,-10.759159650643713,2.124987275432134e-05,-9.565489475224842,7.010689037640955e-05,-9.404603902851573,8.234408735784429e-05,-9.441432780160147,7.936661214015202e-05,-9.140119910766314,0.00010727446537710005,-9.357976600308213,8.627449000168369e-05,-9.618351936340332,6.649711888089608e-05,-9.105439811295234,0.00011106001675402185
2023-01-06,-8.620686757873216,0.00018033636474639996,-10.001599100016117,4.532738874969533e-05,-9.714478947437449,6.040256739196163e-05,-10.031706963324599,4.398301754989953e-05,-10.759159650643713,2.124987275432134e-05,-10.092652778561458,4.1382487305946244e-05,-9.692357063293457,6.175367541767641e-05,-9.105438468790608,0.00011106016585270825
2023-01-09,-9.126022397924007,0.00010879747865649998,-9.741746352016252,5.8777798433817356e-05,-9.534513420077293,7.231250961272444e-05,-9.308597243990743,9.064160409327662e-05,-8.620686757873216,0.00018033636474639996,-9.571523281370457,6.968515261187418e-05,-10.04391860961914,4.344917865649878e-05,-9.105437177113647,0.00011106030930665841
2023-01-10,-10.241025907657535,3.56762303429367e-05,-9.65728113296906,6.39581795343123e-05,-9.473010081588374,7.689958473068608e-05,-9.39116366761078,8.345828200944704e-05,-9.126022397924007,0.00010879747865649998,-9.457561885167538,7.809676797265826e-05,-9.68551254272461,6.21777995266081e-05,-9.10543593433994,0.00011106044732957637
2023-01-11,-10.774041719463227,2.0935972223666186e-05,-10.042141480683874,4.352646210008509e-05,-9.741234361641116,5.880789980603603e-05,-9.852226953662665,5.262985815896867e-05,-10.241025907657535,3.56762303429367e-05,-9.937822579484271,4.831238656877792e-05,-9.653440475463867,6.420429331339756e-05,-9.105434738617937,0.00011106058012707633
2023-01-12,-9.076293707935156,0.0001143446176219,-10.114521551918363,4.0487326776563966e-05,-9.788074703945405,5.611683485305216e-05,-10.140577202668226,3.9446027900746974e-05,-10.774041719463227,2.0935972223666186e-05,-10.426969741492194,2.9622695768738415e-05,-9.939311981201172,4.824048357678663e-05,-9.105433588166198,0.00011106070789698739
2023-01-13,-9.65565382351969,6.406234401516818e-05,-10.004983309518451,4.517425064184841e-05,-9.716726397010861,6.026696810100422e-05,-9.51988768466759,7.337790535153406e-05,-9.076293707935156,0.0001143446176219,-9.951114853011415,4.767445428963275e-05,-10.127558708190918,3.9962913030053236e-05,-9.105432481270732,0.00011106083082964945
2023-01-17,-10.482862584683565,2.8012419720594552e-05,-10.11415955014592,4.0501985913775286e-05,-9.787843423368852,5.612981508795157e-05,-9.760702950822457,5.7674065850319504e-05,-9.65565382351969,6.406234401516818e-05,-9.879438470868445,5.121702965006991e-05,-9.858492851257324,5.230111586567041e-05,-9.105431416282446,0.00011106094910819629
2023-01-18,-9.10657105418749,0.00011093445193500004,-10.207109522292502,3.6906992645151686e-05,-9.846227563172175,5.294655427145152e-05,-10.124511424812408,4.008487708582736e-05,-10.482862584683565,2.8012419720594552e-05,-10.234342782557857,3.591545755569232e-05,-9.982865333557129,4.618454528147388e-05,-9.105430391614687,0.00011106106290882839
2023-01-19,-10.087208526267421,4.160839840791422e-05,-9.87245056636613,5.157618276451265e-05,-9.626830673907792,6.593569072528126e-05,-9.652361536001848,6.427360324296979e-05,-9.10657105418749,0.00011093445193500004,-9.83526034515916,5.353042655014206e-05,-10.210009574890137,3.6800115474873655e-05,-9.105429405740882,0.00011106117240107512
2023-01-20,-9.414050203770328,8.15699026773785e-05,-9.977343298020692,4.644028342947402e-05,-9.698296134370276,6.138800290249529e-05,-9.880561218597459,5.11595581153982e-05,-10.087208526267421,4.160839840791422e-05,-10.018016501836566,4.458930607300394e-05,-9.936845779418945,4.835960116699154e-05,-9.105428457192248,0.0001110612777480484
2023-01-23,-9.202644624939605,0.00010077254354069997,-9.963762668125872,4.707527375581687e-05,-9.68917862120687,6.1950268162446e-05,-9.720141163081863,6.006152147884449e-05,-9.414050203770328,8.15699026773785e-05,-9.872625370002666,5.156716784814979e-05,-10.021913528442383,4.441587850630767e-05,-9.105427544555628,0.00011106137910668383
2023-01-24,-10.390658166489029,3.071811026190009e-05,-9.804648247391276,5.519444480195495e-05,-9.579383554612768,6.913955535227381e-05,-9.62048374558356,6.635551070265893e-05,-9.202644624939605,0.00010077254354069997,-9.655397047440104,6.407879580483616e-05,-9.897157669067383,5.0317497975922026e-05,-9.10542666647136,0.00011106147662797647
2023-01-25,-8.952668510565884,0.00012939141657860012,-10.08833762968556,4.156144473581274e-05,-9.77126816264738,5.706793471791635e-05,-9.952769621096582,4.7595629360671794e-05,-10.390658166489029,3.071811026190009e-05,-10.08341355994607,4.176660087520904e-05,-9.840209007263184,5.326617693715686e-05,-9.105425821631266,0.00011106157045720435
2023-01-26,-9.763307441333275,5.752404973566686e-05,-9.84083661165877,5.323275733861549e-05,-9.604827873196022,6.740253879350322e-05,-9.526731047901528,7.28774679822379e-05,-8.952668510565884,0.00012939141657860012,-9.702548290316305,6.112752572819156e-05,-10.106449127197266,4.081548038981353e-05,-9.105425008776699,0.00011106166073414588
2023-01-27,-9.793123140181054,5.5834246505364184e-05,-10.023419910896223,4.434902157495061e-05,-9.728925153116784,5.9536252030902035e-05,-9.741404990964714,5.879786630989856e-05,-9.763307441333275,5.752404973566686e-05,-9.814268375826375,5.466601302024682e-05,-9.869105339050293,5.174900572482167e-05,-9.105424226696668,0.0001110617475932869
2023-01-30,-9.94600285981391,4.791878976420739e-05,-10.076976994417029,4.203630138002755e-05,-9.76392725985417,5.748840631161205e-05,-9.780910305383202,5.65203218690199e-05,-9.793123140181054,5.5834246505364184e-05,-9.938469410732953,4.828114671199382e-05,-9.99045467376709,4.583536176715689e-05,-9.10542347422603,0.0001110618311640225
2023-01-31,-10.60127853394619,2.4884174123047613e-05,-9.973461763227368,4.6620893300406036e-05,-9.695694375571405,6.154792763176491e-05,-9.880764934455891,5.114913716359229e-05,-9.94600285981391,4.791878976420739e-05,-10.055386346439292,4.295376099957811e-05,-10.029012680053711,4.410168004168812e-05,-9.105422750243758,0.0001110619115708484
2023-02-01,-8.05624278018595,0.0003171160444716998,-10.126965823975535,3.998661343549337e-05,-9.796006863570495,5.567346791469373e-05,-10.094497152882564,4.130623285151082e-05,-10.60127853394619,2.4884174123047613e-05,-10.396365722906918,3.054328430363628e-05,-10.039112091064453,4.3658520639932115e-05,-9.10542205367127,0.00011106198893354728
2023-02-02,-9.529632657339315,7.266631252681882e-05,-9.436828545420774,7.973287719101274e-05,-9.306106884310065,9.086761559766323e-05,-9.288761353687391,9.245751153886335e-05,-8.05624278018595,0.0003171160444716998,-9.403949885709945,8.239795941719287e-05,-10.17638874053955,3.805839982212829e-05,-9.105421383470825,0.00011106206336736676
2023-02-03,-9.201153511949146,0.00010092291887490002,-10.03012651213931,4.405258552203013e-05,-9.733343733926633,5.9273766623739885e-05,-9.680623596259608,6.248252775283503e-05,-9.529632657339315,7.266631252681882e-05,-9.494826898169034,7.524004930948392e-05,-9.790462493896484,5.598299948766292e-05,-9.10542073864396,0.00011106213498319188
2023-02-06,-10.509496662570422,2.727618276987236e-05,-9.995136568122412,4.56212670211984e-05,-9.710180096342928,6.0662787958898795e-05,-9.547253987631555,7.139705131137408e-05,-9.201153511949146,0.00010092291887490002,-9.476265789086138,7.664962928779443e-05,-10.000003814697266,4.539975657582725e-05,-9.105420118230029,0.00011106220388770909
2023-02-07,-8.80623282303595,0.00014979650428480012,-10.135001946241063,3.966656382223171e-05,-9.801110160874362,5.53900733942856e-05,-9.972988343829469,4.664296976094183e-05,-10.509496662570422,2.727618276987236e-05,-10.058903870020394,4.2802935553909165e-05,-9.934910774230957,4.845326783966158e-05,-9.105419521304752,0.00011106227018356572
2023-02-08,-10.379153551559805,3.10735509756991e-05,-9.85219895041411,5.2631331986604024e-05,-9.612760206671352,6.686999433123208e-05,-9.331129096703904,8.862211764353849e-05,-8.80623282303595,0.00014979650428480012,-9.655652098291746,6.406245453740961e-05,-10.164823532104492,3.8501108221742436e-05,-9.10541894697884,0.00011106233396952356
2023-02-09,-8.936088049539153,0.00013155467023139998,-10.12555033466621,4.0043254137024016e-05,-9.79510641493029,5.572362159018874e-05,-9.977413288565657,4.643703316247376e-05,-10.379153551559805,3.10735509756991e-05,-10.05458591311654,4.2988156384989596e-05,-9.782676696777344,5.642057298259947e-05,-9.10541839439668,0.00011106239534060487
2023-02-10,-10.674738714109903,2.312170632012297e-05,-9.76087854865606,5.766393929842749e-05,-9.548246554735378,7.132622010511022e-05,-9.52201494635646,7.322197725340596e-05,-8.936088049539153,0.00013155467023139998,-9.678850927409915,6.259338681260366e-05,-10.052064895629883,4.3096667000064164e-05,-9.105417862735052,0.00011106245438823455
2023-02-13,-10.581306591900645,2.5386155492204972e-05,-10.154361972094138,3.8906004104369646e-05,-9.813343053170648,5.4716620130934826e-05,-10.134050853335191,3.9704308356117324e-05,-10.674738714109903,2.312170632012297e-05,-10.174217139724776,3.814113727803959e-05,-9.762628555297852,5.756311526875545e-05,-9.1054173512019,0.00011106251120037642
2023-02-14,-9.019013766423706,0.00012108548594269996,-10.226976085920574,3.6181012767504276e-05,-9.85844305290963,5.23037204396743e-05,-10.111879135361233,4.059445263242725e-05,-10.581306591900645,2.5386155492204972e-05,-10.493890857047814,2.7705188355774225e-05,-10.108832359313965,4.071832344585059e-05,-9.105416859035163,0.00011106256586166368
2023-02-15,-10.143136967162558,3.934518448184959e-05,-9.972131996488324,4.6682929451325046e-05,-9.694802279101973,6.160285881902215e-05,-9.689561892379071,6.192652896011569e-05,-9.019013766423706,0.00012108548594269996,-9.92297853873276,4.9034886748268616e-05,-10.135337829589844,3.9653242721233725e-05,-9.105416385501623,0.00011106261845352605
2023-02-16,-9.867482204324718,5.183306953801881e-05,-10.22650445101087,3.6198081020869573e-05,-9.858154139364943,5.2318833876079924e-05,-9.990733295382011,4.582259282357528e-05,-10.143136967162558,3.934518448184959e-05,-10.061969932896233,4.2671900046435424e-05,-9.894739151000977,5.043933903184095e-05,-9.10541592989583,0.00011106266905430993
2023-02-17,-10.288639455991746,3.401736406258785e-05,-10.132170781144687,3.977902553693938e-05,-9.799313952147433,5.5489654935344364e-05,-9.983251128637761,4.6166730947665186e-05,-9.867482204324718,5.183306953801881e-05,-10.085267022557868,4.16892597386584e-05,-10.133147239685059,3.974020192563436e-05,-9.105415491539043,0.0001110627177393954
2023-02-21,-10.457226178419232,2.8739841898653125e-05,-10.1043554950328,4.090102250798438e-05,-9.781568189827821,5.6483150257110723e-05,-10.080956706674272,4.1869341442791414e-05,-10.288639455991746,3.401736406258785e-05,-10.2544241007202,3.520142121601913e-05,-10.095083236694336,4.1282031029951946e-05,-9.105415069778212,0.00011106276458130937
2023-02-22,-9.935060064508917,4.844603477776406e-05,-9.889584855016675,5.069998947216948e-05,-9.638667117199388,6.515984733232154e-05,-10.121608833667937,4.0201396116831254e-05,-10.457226178419232,2.8739841898653125e-05,-10.443957072765286,2.9123735225207398e-05,-10.1513671875,3.902269384919267e-05,-9.10541466398502,0.00011106280964983237
2023-02-23,-9.13046405993671,0.00010831530863929992,-9.966015648509087,4.6969333473012046e-05,-9.690693999625474,6.185646115755255e-05,-10.0538504016465,4.3019786297742536e-05,-9.935060064508917,4.844603477776406e-05,-10.30882348290639,3.333763953605683e-05,-10.066924095153809,4.246101932972643e-05,-9.105414273554931,0.0001110628530121034
2023-02-24,-10.147466740539668,3.917519701872069e-05,-9.771727256993467,5.7041741164860576e-05,-9.556000743142876,7.077528195566522e-05,-9.744954548956148,5.8589529843585616e-05,-9.13046405993671,0.00010831530863929992,-9.837905378242947,5.338902389072392e-05,-9.9436674118042,4.803083239032775e-05,-9.105413897906304,0.00011106289473271947
2023-02-27,-9.729101000925276,5.952578363190604e-05,-9.882743518160677,5.104803436744211e-05,-9.633948613072887,6.546803085165495e-05,-10.051280219573478,4.3130497193905704e-05,-10.147466740539668,3.917519701872069e-05,-10.031550249755302,4.398991082568903e-05,-9.809164047241211,5.4945759665160824e-05,-9.105413536479515,0.00011106293487383213
2023-02-28,-10.620085664858816,2.4420547610547098e-05,-9.978289641971118,4.6396355736825896e-05,-9.698929955413934,6.134910622249683e-05,-9.895328341661363,5.040962939754629e-05,-9.729101000925276,5.952578363190604e-05,-10.009893001415179,4.495300256391235e-05,-10.012608528137207,4.48310970779288e-05,-9.10541318873613,0.00011106297349523989
2023-03-01,-10.394209739650488,3.060920615085552e-05,-10.059071177686953,4.279577489367317e-05,-9.752297288594862,5.8160897773072706e-05,-10.166658057471775,3.8430541709860084e-05,-10.620085664858816,2.4420547610547098e-05,-10.356182716968686,3.179559763321895e-05,-9.97900390625,4.636322830953017e-05,-9.105412854158095,0.0001110630106544775
2023-03-02,-9.427839279800502,8.045284836057926e-05,-10.154401040275506,3.890448414723619e-05,-9.813367650704116,5.471527425359261e-05,-10.14583549974418,3.923915334817375e-05,-10.394209739650488,3.060920615085552e-05,-10.48950016359745,2.782710078903598e-05,-10.164255142211914,3.8522998082907326e-05,-9.105412532246977,0.00011106304640690121
2023-03-03,-10.316749930054279,3.3074435014664965e-05,-10.043605839619968,4.346277038150234e-05,-9.742193828036456,5.8751502662300205e-05,-9.8936974082246,5.04919112275207e-05,-9.427839279800502,8.045284836057926e-05,-10.093960451199639,4.132840792636524e-05,-10.145337104797363,3.925871481818384e-05,-9.10541222252321,0.0001110630808057716
2023-03-06,-10.297243864488143,3.3725920414428084e-05,-10.239223653981334,3.5740585935357234e-05,-9.865927150936807,5.191373543204015e-05,-10.154674443791471,3.8893848978396036e-05,-10.316749930054279,3.3074435014664965e-05,-10.231405679066835,3.602110003696664e-05,-9.997491836547852,4.551394312935474e-05,-9.105411924525384,0.00011106311390233311
2023-03-07,-9.73882987552158,5.894947272168473e-05,-10.351312473142915,3.1950827643449784e-05,-9.93275127046739,4.855801591514271e-05,-10.215474518380596,3.6599553452578824e-05,-10.297243864488143,3.3725920414428084e-05,-10.352123224544592,3.1924933963240264e-05,-10.213580131530762,3.6668952879275364e-05,-9.10541163780956,0.00011106314574588994
2023-03-08,-10.444961028345627,2.9094510961093856e-05,-10.085278646773936,4.168877513651205e-05,-9.7692944431392,5.718068204315699e-05,-9.988958955627782,4.590396984555679e-05,-9.73882987552158,5.894947272168473e-05,-10.162011374090513,3.860953180244274e-05,-10.285255432128906,3.413267463114333e-05,-9.105411361948606,0.00011106317638387946
2023-03-09,-8.422426393904152,0.00021988048836890005,-10.166532122378591,3.843538176847164e-05,-9.820988211454706,5.429989789272954e-05,-10.202736481990607,3.706874182147689e-05,-10.444961028345627,2.9094510961093856e-05,-10.34564329579256,3.2132476966454305e-05,-10.143020629882812,3.934976205984963e-05,-9.105411096531562,0.00011106320586194344
2023-03-10,-8.582572895810863,0.00018734234445720013,-9.380306903724113,8.436930530556374e-05,-9.261917534615373,9.497303634333835e-05,-9.53397998624266,7.235109384217089e-05,-8.422426393904152,0.00021988048836890005,-9.546413435422997,7.145708948961517e-05,-10.249512672424316,3.5374735734757755e-05,-9.105410841163025,0.00011106323422399545
2023-03-13,-8.11209785561476,0.00029988908881520006,-9.22429368730087,9.86143580981139e-05,-9.137214344860585,0.00010758661166746151,-9.43633050214164,7.977259750502038e-05,-8.582572895810863,0.00018734234445720013,-9.129220268879848,0.00010845011406902177,-9.797809600830078,5.557319369090986e-05,-9.10541059546256,0.00011106326151228704
2023-03-14,-9.056076660110714,0.0001166798544831001,-8.905535334334617,0.00013563605379773272,-8.871241342241552,0.0001403682344620169,-9.106457523640394,0.0001109470470989745,-8.11209785561476,0.00029988908881520006,-8.713372628985809,0.00016437294960667124,-9.582907676696777,6.889632795163419e-05,-9.105410359064143,0.00011106328776746938
2023-03-15,-9.219693829534172,9.906901499598903e-05,-9.347814264871053,8.715571035330709e-05,-9.236270510273295,9.744031606950461e-05,-9.317458969365205,8.984191165103042e-05,-9.056076660110714,0.0001166798544831001,-8.99748461144426,0.00012372061844109875,-9.308868408203125,9.061702866623237e-05,-9.105410131615601,0.0001110633130286551
2023-03-16,-8.726379347060144,0.00016224884077979993,-9.263611279215791,9.481231242690264e-05,-9.169006392981943,0.00010422001203754223,-9.250953784609539,9.602002594959485e-05,-9.219693829534172,9.906901499598903e-05,-9.28667940393198,9.265020395075514e-05,-9.414438247680664,8.153825611390308e-05,-9.105409912778097,0.00011106333733347603
2023-03-17,-9.66446413575685,6.35004137869556e-05,-9.413197123931342,8.163951800631559e-05,-9.287697880035902,9.255588996842915e-05,-9.12024070224675,0.00010942833451949934,-8.726379347060144,0.00016224884077979993,-9.21173445996565,9.986068832997879e-05,-9.338480949401855,8.797297003150636e-05,-9.10540970222562,0.00011106336071813924
2023-03-20,-10.728593608446126,2.1909425875927276e-05,-9.487051079311978,7.582738284395321e-05,-9.34490755561807,8.740941520753654e-05,-9.477433895213668,7.656014665892872e-05,-9.66446413575685,6.35004137869556e-05,-9.589332843337132,6.845507663825097e-05,-9.280989646911621,9.317886364552086e-05,-9.105409499644503,0.00011106338321748112
2023-03-21,-10.504287094039507,2.7418650689258436e-05,-9.84795009370573,5.28554307191541e-05,-9.609797158723568,6.706842716852828e-05,-9.993963289461947,4.567482489326804e-05,-10.728593608446126,2.1909425875927276e-05,-10.247500160241529,3.5445999506938956e-05,-9.464292526245117,7.75728916475703e-05,-9.105409304732957,0.00011106340486501901
2023-03-22,-8.369357658557828,0.0002318644420545,-10.098611636668277,4.113662818329246e-05,-9.777881469685914,5.669177215381893e-05,-10.054115327360186,4.300839075970713e-05,-10.504287094039507,2.7418650689258436e-05,-10.506208666562545,2.7366014351941305e-05,-9.823690414428711,5.4153366614946004e-05,-9.105409117200615,0.00011106342569300135
2023-03-23,-8.305207694265144,0.00024722599150850004,-9.45726709620503,7.811979343152297e-05,-9.321950628120677,8.943927736678744e-05,-9.367861499291777,8.54258765223291e-05,-8.369357658557828,0.0002318644420545,-9.613349749564284,6.683058321973551e-05,-9.972281455993652,4.667595276516099e-05,-9.105408936768105,0.0001110634457324558
2023-03-24,-9.159606133330426,0.0001052043263685,-9.357223448970641,8.63394922244096e-05,-9.24371538381549,9.671757892000472e-05,-9.296272746655333,9.176562859226579e-05,-8.305207694265144,0.00024722599150850004,-9.020861086439115,0.00012086200878141197,-9.671215057373047,6.307317123400516e-05,-9.105408763166631,0.00011106346501323541
2023-03-27,-10.281830396218844,3.4249780699226054e-05,-9.56191576254864,7.035788047536093e-05,-9.401908566956871,8.256633170925782e-05,-9.488452252024658,7.57212099848655e-05,-9.159606133330426,0.0001052043263685,-9.160809292582414,0.00010507782492583136,-9.633556365966797,6.549371553433983e-05,-9.105408596137575,0.00011106348356406263
2023-03-28,-10.631410181614175,2.4145556718276927e-05,-10.016471433307538,4.465825285658525e-05,-9.724336562735163,5.981006723680374e-05,-9.77798472866684,5.6685918521424654e-05,-10.281830396218844,3.4249780699226054e-05,-9.811573070909212,5.4813553337694246e-05,-9.792064666748047,5.5893376860376376e-05,-9.105408435432109,0.00011106350141257302
2023-03-29,-11.441115926127823,1.0744506834535349e-05,-10.08587321529231,4.166399567052151e-05,-9.769678238827195,5.7158740554745873e-05,-9.890901505717599,5.0633279222180074e-05,-10.631410181614175,2.4145556718276927e-05,-10.361945264252874,3.16129009032675e-05,-10.036567687988281,4.376974695643393e-05,-9.105408280810824,0.00011106351858535562
2023-03-30,-10.826379593707617,1.9868408629587656e-05,-10.399372936428534,3.0451572094297144e-05,-9.9604713393815,4.723046921701909e-05,-10.383008197728653,3.0954003985174626e-05,-11.441115926127823,1.0744506834535349e-05,-10.912453791108575,1.8229784489224135e-05,-10.107440948486328,4.077501879609149e-05,-9.10540813204338,0.0001110635351079927
2023-03-31,-10.642600242976922,2.3876872556745888e-05,-10.520930259069585,2.6966093995086365e-05,-10.028049443397967,4.414418086237226e-05,-10.416570223512332,2.9932364940167703e-05,-10.826379593707617,1.9868408629587656e-05,-10.947512214511242,1.7601750255819605e-05,-10.341678619384766,3.226012471360876e-05,-9.105407988908151,0.00011106355100509827
2023-04-03,-11.230088830374939,1.3268883764534001e-05,-10.54683469787733,2.627652250494532e-05,-10.041977835311721,4.353358558702088e-05,-10.487430473761869,2.7884753898139377e-05,-10.642600242976922,2.3876872556745888e-05,-10.804843041351928,2.030094662253207e-05,-10.309137344360352,3.3327177777897615e-05,-9.105407851191908,0.00011106356630035438
2023-04-04,-9.983101714305652,4.617362943428892e-05,-10.598158559029981,2.4961933362483077e-05,-10.06908048284778,4.2369555561284985e-05,-10.745687317717689,2.153809527010539e-05,-11.230088830374939,1.3268883764534001e-05,-10.947213107593097,1.7607015848540937e-05,-10.340316772460938,3.230408799404679e-05,-9.105407718689492,0.00011106358101654624
2023-04-05,-10.740496062754696,2.1650195733362157e-05,-10.551711119882278,2.6148699006347407e-05,-10.044581143485692,4.342040163809229e-05,-10.339656527756118,3.232542363968736e-05,-9.983101714305652,4.617362943428892e-05,-10.567075237999898,2.5750017841012927e-05,-10.514616966247559,2.7136877378245268e-05,-9.105407591203507,0.0001110635951755971
2023-04-06,-10.452397969416154,2.8878939387714392e-05,-10.469554981432166,2.838768931971978e-05,-9.999933219019546,4.5402961715544207e-05,-10.499687238118561,2.7545063048402014e-05,-10.740496062754696,2.1650195733362157e-05,-10.606946681155181,2.4743525944794105e-05,-10.31112289428711,3.3261070653717894e-05,-9.105407468544039,0.00011106360879859947
2023-04-10,-10.496499386960167,2.763301272029902e-05,-10.591399356669553,2.5131227623930904e-05,-10.065548689163405,4.251946065112996e-05,-10.394826545161951,3.059033204522475e-05,-10.452397969416154,2.8878939387714392e-05,-10.595965190645362,2.5016744166107268e-05,-10.399068832397461,3.0460833948335738e-05,-9.105407350528356,0.00011106362190584784
2023-04-11,-11.190182611761088,1.3809102086171259e-05,-10.455018085622081,2.8803372251184937e-05,-9.991859052762106,4.577103672680216e-05,-10.39583665521371,3.0559448044085194e-05,-10.496499386960167,2.763301272029902e-05,-10.576681261522486,2.550384681920193e-05,-10.356562614440918,3.1783520860163e-05,-9.10540723698065,0.00011106363451686809
2023-04-12,-9.981031624315168,4.6269312004001255e-05,-10.436862900184197,2.9331078624444714e-05,-9.981701986491947,4.623830520134323e-05,-10.612504607840584,2.4606384705162767e-05,-11.190182611761088,1.3809102086171259e-05,-10.844314731750579,1.9515242486722012e-05,-10.336642265319824,3.2423007948374e-05,-9.105407127731766,0.00011106364665044684
2023-04-13,-10.49920396931425,2.7558377935161657e-05,-10.424639643669527,2.9691800026224644e-05,-9.97481786669223,4.655771339439349e-05,-10.28513390297887,3.4136822998148357e-05,-9.981031624315168,4.6269312004001255e-05,-10.535039299942007,2.6588299697448946e-05,-10.454971313476562,2.8804719478209395e-05,-9.105407022618953,0.00011106365832465974
2023-04-14,-9.527403906396994,7.282844825229825e-05,-10.523801518591712,2.6888778390627813e-05,-10.02960149020295,4.407572016834955e-05,-10.432713065400383,2.9453050661627187e-05,-10.49920396931425,2.7558377935161657e-05,-10.509295694122088,2.728166497285657e-05,-10.242412567138672,3.56267938435972e-05,-9.105406921485624,0.00011106366955689784
2023-04-17,-10.856033067154025,1.9287891021784316e-05,-10.4018219335865,3.0377087524260077e-05,-9.96186874216416,4.716451532072055e-05,-10.0888384841329,4.1540633713460524e-05,-9.527403906396994,7.282844825229825e-05,-10.141787131417402,3.939832987897183e-05,-10.359533309936523,3.168924180442696e-05,-9.105406824181117,0.00011106368036389404
2023-04-18,-10.69791873790644,2.2591908700196775e-05,-10.470214063369779,2.836898567073425e-05,-10.000298053202101,4.5386400184411165e-05,-10.506140113757262,2.7367890433299134e-05,-10.856033067154025,1.9287891021784316e-05,-10.456612845998084,2.8757474382202404e-05,-10.228338241577148,3.613176214742305e-05,-9.105406730560476,0.00011106369076174738
2023-04-19,-10.940595039750285,1.772392670922698e-05,-10.632637433214553,2.411594222108892e-05,-10.086918797971764,4.162045528479483e-05,-10.439559405366712,2.9252093758334718e-05,-10.69791873790644,2.2591908700196775e-05,-10.651413260134277,2.3667369800922224e-05,-10.53270149230957,2.6650530741176808e-05,-9.105406640484233,0.00011106370076594786
2023-04-20,-10.293558682939665,3.3850435844110995e-05,-10.637412410893273,2.4001063624921354e-05,-10.089365818938811,4.151873366627988e-05,-10.597085349129099,2.4988737136978273e-05,-10.940595039750285,1.772392670922698e-05,-10.801318306551138,2.0372628330874483e-05,-10.551811218261719,2.6146081694948874e-05,-9.1054065538182,0.00011106371039139858
2023-04-21,-10.976344999223226,1.710148939333321e-05,-10.519227508134788,2.701204965125907e-05,-10.027128061744996,4.418487324443259e-05,-10.39464618362538,3.059584986210267e-05,-10.293558682939665,3.3850435844110995e-05,-10.633906806788982,2.408534950221333e-05,-10.626327514648438,2.4268592953009886e-05,-9.10540647043327,0.0001110637196524388
2023-04-24,-10.968366240959162,1.7238483839180116e-05,-10.589005765970107,2.519145354598642e-05,-10.06429526620006,4.2572788933964386e-05,-10.708295712202585,2.2358685214193073e-05,-10.976344999223226,1.710148939333321e-05,-10.762797103025195,2.1172717762938715e-05,-10.458799362182617,2.86946643915937e-05,-9.10540639020522,0.0001110637285628648
2023-04-25,-10.76404604264752,2.114629082307359e-05,-10.676611484773606,2.3078445188564973e-05,-10.109238678425648,4.0701782173583954e-05,-10.738597833775485,2.1691331792786828e-05,-10.968366240959162,1.7238483839180116e-05,-10.87306787462943,1.896210821339137e-05,-10.601700782775879,2.4873669027684558e-05,-9.105406313014536,0.00011106373713595032
2023-04-26,-10.575379585428943,2.553706618263503e-05,-10.466505204958839,2.847439757993811e-05,-9.998243620628278,4.547973933001951e-05,-10.708710284698755,2.2349417839384815e-05,-10.76404604264752,2.114629082307359e-05,-10.831798316787433,1.976103839269962e-05,-10.646108627319336,2.3793250086578556e-05,-9.105406238746223,0.00011106374538446695
2023-04-27,-10.265816470840985,3.480266927429736e-05,-10.423381231315075,2.972918807406026e-05,-9.974107044584056,4.6590819411230694e-05,-10.638835702935282,2.396692740073501e-05,-10.575379585428943,2.553706618263503e-05,-10.728411301219777,2.1913420486701737e-05,-10.556607246398926,2.6020984575902647e-05,-9.105406167289646,0.00011106375332070237
2023-04-28,-10.936894369670853,1.7789638628563256e-05,-10.579345437035267,2.5435990525698315e-05,-10.059222037031885,4.278931923806706e-05,-10.549443771884324,2.620805447100732e-05,-10.265816470840985,3.480266927429736e-05,-10.546921377320187,2.6274244969323556e-05,-10.465332984924316,2.8507795410230834e-05,-9.105406098538351,0.00011106376095647943
2023-05-01,-11.11536876159073,1.4881841766465316e-05,-10.658652889678379,2.3496645547125446e-05,-10.10018183283211,4.1072086292501454e-05,-10.737594363717484,2.1713109319479616e-05,-10.936894369670853,1.7789638628563256e-05,-10.708441455514581,2.2355426822808205e-05,-10.439213752746582,2.9262206568845605e-05,-9.10540603238992,0.00011106376830317317
2023-05-02,-9.046571376754738,0.00011779421733900009,-10.73536506726153,2.1761568271749445e-05,-10.13830582924637,3.9535726390937905e-05,-10.796736246966793,2.0466191119213856e-05,-11.11536876159073,1.4881841766465316e-05,-10.903212312578042,1.8399035511470878e-05,-10.666329383850098,2.3316964228189414e-05,-9.105405968745812,0.00011106377537172794
2023-05-03,-9.415937211958811,8.141612473883819e-05,-10.10377291935519,4.092485739102437e-05,-9.781194606805535,5.650425534509784e-05,-10.060001592377308,4.275597559382468e-05,-9.046571376754738,0.00011779421733900009,-10.124934306397066,4.0067929513145233e-05,-10.777076721191406,2.0872527837397325e-05,-9.105405907511212,0.00011106378217267396
2023-05-04,-10.594484253509767,2.5053819838148187e-05,-10.155441354566332,3.886403230136555e-05,-9.814022507136617,5.467945533369668e-05,-10.058716270248762,4.281096612808764e-05,-9.415937211958811,8.141612473883819e-05,-9.802731129196523,5.530036057041773e-05,-10.288750648498535,3.4013581796887056e-05,-9.105405848594902,0.00011106378871614238
2023-05-05,-9.829532446391152,5.383792322863592e-05,-10.070346635439952,4.231594318656782e-05,-9.759629300072021,5.7736020907495805e-05,-10.410851250959185,3.0104037741828497e-05,-10.594484253509767,2.5053819838148187e-05,-10.213807079779283,3.666063186889939e-05,-10.141044616699219,3.942759458217069e-05,-9.10540579190911,0.00011106379501188139
2023-05-08,-11.51519099653312,9.977370328168135e-06,-10.39648033163023,3.053978397740428e-05,-9.958818920657302,4.7308578245343455e-05,-10.10468375215806,4.0887598659273274e-05,-9.829532446391152,5.383792322863592e-05,-10.16220148910901,3.860219224829178e-05,-10.2878999710083,3.404252869577594e-05,-9.105405737369393,0.00011106380106926948
2023-05-09,-12.219647074418667,4.9325864409996996e-06,-10.626446319593702,2.4265709895416592e-05,-10.08373757270068,4.1753070155989916e-05,-10.617820890981378,2.4475917305100275e-05,-11.51519099653312,9.977370328168135e-06,-10.7558315742674,2.1320711767272477e-05,-10.183121681213379,3.780301558221947e-05,-9.105405684894501,0.0001110638068973306
2023-05-10,-9.325185924241831,8.915038240201528e-05,-10.897201475211853,1.8509962168690108e-05,-10.213919115160877,3.665652481109066e-05,-11.089063607085208,1.527850518703187e-05,-12.219647074418667,4.9325864409996996e-06,-11.367662041844504,1.1563441379384054e-05,-10.597370147705078,2.4981621393551035e-05,-9.105405634406262,0.00011106381250474681
2023-05-11,-11.029691245030396,1.6213096035816515e-05,-10.592593647451805,2.5101231546018018e-05,-10.066173554665673,4.249290000627363e-05,-10.257701199754607,3.5086251486917326e-05,-9.325185924241831,8.915038240201528e-05,-10.530705610305048,2.6703775173020627e-05,-10.873603820800781,1.8951948266929032e-05,-9.105405585829464,0.00011106381789987129
2023-05-12,-9.828864453078078,5.387389861566372e-05,-10.706556323838749,2.2397609493490857e-05,-10.12416110212123,4.009892218785893e-05,-10.770572323756015,2.1008733541743704e-05,-11.029691245030396,1.6213096035816515e-05,-10.6199014905314,2.4425045662678538e-05,-10.366004943847656,3.1484822808457184e-05,-9.105405539091738,0.00011106382309074177
2023-05-15,-10.553826050022758,2.6093454774122395e-05,-10.785456977975452,2.0698341576589795e-05,-10.16240672722266,3.859427042013036e-05,-10.431673253512876,2.9483692221796924e-05,-9.828864453078078,5.387389861566372e-05,-10.358496774916683,3.172210584273032e-05,-10.636982917785645,2.4011374130311005e-05,-9.105405494123461,0.00011106382808509055
2023-05-16,-11.332139560064343,1.1981586319463445e-05,-10.614613268121069,2.4554552866164385e-05,-10.077630673402975,4.2008832112188224e-05,-10.557939053006827,2.5986352723284355e-05,-10.553826050022758,2.6093454774122395e-05,-10.438694213710903,2.927741337735148e-05,-10.434353828430176,2.940476480864075e-05,-9.105405450857644,0.00011106383289035798
2023-05-17,-9.96557712202859,4.698993528640148e-05,-10.550463902258446,2.618133247087417e-05,-10.043915871832695,4.344929761123401e-05,-10.720968442071127,2.207712745708318e-05,-11.332139560064343,1.1981586319463445e-05,-10.856592207361713,1.9277109400892298e-05,-10.530426025390625,2.6711242189501102e-05,-9.105405409229832,0.00011106383751370246
2023-05-18,-10.35374345387667,3.187325012994618e-05,-10.600984479757134,2.4891492494635852e-05,-10.070553693314443,4.230718224435688e-05,-10.380824195047479,3.1021681489896145e-05,-9.96557712202859,4.698993528640148e-05,-10.547749346002135,2.6252499720781765e-05,-10.660801887512207,2.3446205523904575e-05,-9.10540536917801,0.00011106384196201155
2023-05-19,-10.51483719382074,2.7130901747619984e-05,-10.61988430940106,2.4425465316176694e-05,-10.08035531514837,4.189452888292756e-05,-10.43199028285178,2.9474346507854442e-05,-10.35374345387667,3.187325012994618e-05,-10.45763451418294,2.872810878904974e-05,-10.40612506866455,3.0246651656218077e-05,-9.105405330642514,0.00011106384624191193
2023-05-22,-10.60771987993213,2.472440167517988e-05,-10.571340583805377,2.5640419015032603e-05,-10.055000572135429,4.2970334653465384e-05,-10.529055604709956,2.674787292222791e-05,-10.51483719382074,2.7130901747619984e-05,-10.533055184182704,2.664110633180571e-05,-10.450952529907227,2.8920712330539292e-05,-9.105405293565937,0.00011106385035977919
2023-05-23,-10.352235667166797,3.19213444417631e-05,-10.52777147609439,2.678224269413374e-05,-10.031744060324986,4.398138594214452e-05,-10.562362172614673,2.587166580098271e-05,-10.60771987993213,2.472440167517988e-05,-10.602784459779821,2.484672860455057e-05,-10.510713577270508,2.724301017030323e-05,-9.105405257893047,0.00011106385432174783
2023-05-24,-10.946158865445474,1.7625587694633682e-05,-10.344253995059344,3.2177149664984806e-05,-9.928632710616002,4.875841740945184e-05,-10.405466239916077,3.0266585585676132e-05,-10.352235667166797,3.19213444417631e-05,-10.54511356257404,2.632178689737426e-05,-10.541552543640137,2.6415686368560238e-05,-9.1054052235707,0.00011106385813371992
2023-05-25,-10.197891864008147,3.7248761425705256e-05,-10.221176511309569,3.639145690392828e-05,-9.854886691356514,5.2490062533660285e-05,-10.651702310669293,2.3660529723630456e-05,-10.946158865445474,1.7625587694633682e-05,-10.731568516290302,2.18443442070094e-05,-10.403559684753418,3.0324345544458142e-05,-9.105405190547765,0.0001110638618013746
2023-05-26,-10.174205135923533,3.8141595119418595e-05,-10.371236690750864,3.1320532322087775e-05,-9.944311464890928,4.7999907944030105e-05,-10.423669861586896,2.9720608568637456e-05,-10.197891864008147,3.7248761425705256e-05,-10.560845549128093,2.5910933146335824e-05,-10.43310832977295,2.9441411220517004e-05,-9.10540515877505,0.0001110638653301752
2023-05-30,-10.320788712901853,3.294112394228232e-05,-10.437832048612954,2.930266622582169e-05,-9.9822462363329,4.621314685792468e-05,-10.385771045904708,3.086860080406008e-05,-10.174205135923533,3.8141595119418595e-05,-10.41171602433248,3.007801582471291e-05,-10.27719497680664,3.440891133121519e-05,-9.10540512820522,0.00011106386872537865
2023-05-31,-10.728285020660305,2.191618790043235e-05,-10.441172918054834,2.9204933191219794e-05,-9.98412061328477,4.612660712995317e-05,-10.404191917654206,3.0305179554833098e-05,-10.320788712901853,3.294112394228232e-05,-10.41775642325344,2.989688022676465e-05,-10.289414405822754,3.399101252393519e-05,-9.105405098792737,0.00011106387199204287
2023-06-01,-9.52406018695721,7.307237373240716e-05,-10.415342540905504,2.9969134950318607e-05,-9.969557158493554,4.680328531371265e-05,-10.54732826582201,2.626355645581554e-05,-10.728285020660305,2.191618790043235e-05,-10.592918585920096,2.5093076515300594e-05,-10.374517440795898,3.1217945856551546e-05,-9.105405070493783,0.00011106387513503435
2023-06-02,-10.369452254832696,3.137647170021367e-05,-10.406041845008149,3.024916899791256e-05,-9.9642731837292,4.705124722751424e-05,-10.079221904323006,4.1942039514933236e-05,-9.52406018695721,7.307237373240716e-05,-10.196476432258493,3.7301521835833755e-05,-10.500945091247559,2.7510437186348015e-05,-9.1054050432662,0.00011106387815903514
2023-06-05,-10.52218233042877,2.6932351649446435e-05,-10.584364700248768,2.5308640463256295e-05,-10.061860863399303,4.26765545029315e-05,-10.342646878508276,3.222890367099811e-05,-10.369452254832696,3.137647170021367e-05,-10.296493547815427,3.3751235030619406e-05,-10.312999725341797,3.3198703787745506e-05,-9.105405017069431,0.00011106388106854998
2023-06-06,-11.167939057315605,1.4119707275434358e-05,-10.687189890838416,2.2835598752713687e-05,-10.114535827603666,4.048674879635371e-05,-10.423764287372281,2.971780230932496e-05,-10.52218233042877,2.6932351649446435e-05,-10.47604299239345,2.8204105869949187e-05,-10.526602745056152,2.6813562230936343e-05,-9.105404991864447,0.00011106388386791343
2023-06-07,-10.517941848234946,2.704680029427569e-05,-10.83030188540146,1.9790631567325193e-05,-10.183452283058141,3.7790519901191816e-05,-10.679117102929576,2.3020691801471807e-05,-11.167939057315605,1.4119707275434358e-05,-10.800834178825731,2.0382493672938997e-05,-10.642760276794434,2.387305175541726e-05,-9.105404967613701,0.00011106388656129544
2023-06-08,-10.644656406321161,2.3827828245456357e-05,-10.823461621689976,1.992646875772211e-05,-10.180274532943983,3.791079973853894e-05,-10.485594551870655,2.793599515132846e-05,-10.517941848234946,2.704680029427569e-05,-10.745639411975016,2.153912709326998e-05,-10.869317054748535,1.9033365218416567e-05,-9.105404944281066,0.00011106388915270864
2023-06-09,-10.596203243998517,2.5010789555059204e-05,-10.841385910537447,1.9572482925484848e-05,-10.188576837322447,3.759735569423655e-05,-10.60423513781399,2.4810710133062324e-05,-10.644656406321161,2.3827828245456357e-05,-10.704862016350067,2.2435590097309156e-05,-10.752908706665039,2.1383120546825602e-05,-9.105404921831783,0.00011106389164601339
2023-06-12,-11.11666714328544,1.4862531993972428e-05,-10.847447432758853,1.945420272648576e-05,-10.191366389506113,3.74926220564499e-05,-10.59436933253744,2.5056699212931615e-05,-10.596203243998517,2.5010789555059204e-05,-10.680795985899229,2.298207517952171e-05,-10.766047477722168,2.110401021997635e-05,-9.105404900232408,0.00011106389404492402
2023-06-13,-11.299410716484225,1.2380217570799972e-05,-10.75429081241815,2.1353587226685464e-05,-10.147485268892096,3.917447117358829e-05,-10.80500232436302,2.029771328414079e-05,-11.11666714328544,1.4862531993972428e-05,-10.855814979111768,1.9292097938898996e-05,-10.749232292175293,2.1461878445672408e-05,-9.105404879450766,0.00011106389635301406
2023-06-14,-9.489506534216803,7.564142052930241e-05,-10.900257374571197,1.8453483927020524e-05,-10.215284328233379,3.660651498902488e-05,-10.869453575115166,1.9030766953780784e-05,-11.299410716484225,1.2380217570799972e-05,-11.0386407834166,1.6068643665649564e-05,-10.840256690979004,1.9594597039506757e-05,-9.105404859455899,0.00011106389857372203
2023-06-15,-9.455246904878972,7.827776987820293e-05,-10.592683452754462,2.5098977423539542e-05,-10.066220527360933,4.249090404710905e-05,-10.274344838792326,3.450712136702736e-05,-9.489506534216803,7.564142052930241e-05,-10.397862760807548,3.049759405797184e-05,-10.89529037475586,1.8545370389387675e-05,-9.105404840218018,0.00011106390071035606
2023-06-16,-10.657164702513056,2.3531638985391348e-05,-10.532074626467125,2.6667242285982547e-05,-10.03406203056867,4.3879556462700305e-05,-10.158351732615003,3.8751087710324906e-05,-9.455246904878972,7.827776987820293e-05,-9.96289498665543,4.711613782450461e-05,-10.491711616516113,2.7765630460199024e-05,-9.105404821708467,0.00011106390276609905
2023-06-20,-10.513393674341831,2.7170094013367003e-05,-10.679714942867003,2.3006933225648532e-05,-10.110795638446293,4.063846043347122e-05,-10.494989078645132,2.7674778620934366e-05,-10.657164702513056,2.3531638985391348e-05,-10.303485328349455,3.3516076847710537e-05,-10.33785629272461,3.238366941204133e-05,-9.10540480389967,0.00011106390474401348
2023-06-21,-11.202497519832173,1.364008710145505e-05,-10.806372489816743,2.026992110290057e-05,-10.172284629310445,3.8214916689823296e-05,-10.410599382462483,3.0111620955505433e-05,-10.513393674341831,2.7170094013367003e-05,-10.48831125482311,2.7860204347985027e-05,-10.639741897583008,2.3945218537115625e-05,-9.105404786765098,0.00011106390664704606
2023-06-22,-11.505536279043476,1.0074165533271584e-05,-10.877686622871373,1.8874728956149823e-05,-10.205146445282397,3.6979515074192275e-05,-10.604054213057928,2.4815199410839375e-05,-11.202497519832173,1.364008710145505e-05,-10.825954745488346,1.9876851480951886e-05,-10.679987907409668,2.3000654005683658e-05,-9.105404770279224,0.00011106390847803164
2023-06-23,-11.038733421946432,1.606715515907158e-05,-11.08087839561989,1.540407619440651e-05,-10.2919081239773,3.390635411988399e-05,-10.861648384136496,1.917988692219762e-05,-11.505536279043476,1.0074165533271584e-05,-11.128201404031728,1.4692088533893293e-05,-10.867070198059082,1.9076178542070256e-05,-9.10540475441749,0.00011106391023969775
2023-06-26,-10.584383014204661,2.530817696617538e-05,-11.012276954382262,1.6497908306737812e-05,-10.263742890226288,3.487491028754181e-05,-10.8627659220714,1.915846464330905e-05,-11.038733421946432,1.606715515907158e-05,-11.083264316342543,1.536736709971007e-05,-11.026692390441895,1.6261789729418195e-05,-9.105404739156267,0.00011106391193466891
2023-06-27,-10.415245669543276,2.9972038241866668e-05,-10.85462563761219,1.9315056481659208e-05,-10.194658045157395,3.7369412148719187e-05,-10.731268818434131,2.185089189125216e-05,-10.584383014204661,2.530817696617538e-05,-10.843210244373555,1.9536808733339358e-05,-10.962084770202637,1.7347107672857255e-05,-9.10540472447282,0.00011106391356547002
2023-06-28,-10.727501659921376,2.1933362907815478e-05,-10.882557968867019,1.8783007206399336e-05,-10.207345128247633,3.6898298162174703e-05,-10.670988787267252,2.320857379885199e-05,-10.415245669543276,2.9972038241866668e-05,-10.644408431026893,2.3833737690845245e-05,-10.79842472076416,2.0431663649344224e-05,-9.105404710345274,0.00011106391513453051
2023-06-29,-11.633327767243738,8.865636983721788e-06,-10.887717922908557,1.868633737288861e-05,-10.20966766722928,3.681269986750247e-05,-10.724997050198326,2.1988366274043197e-05,-10.727501659921376,2.1933362907815478e-05,-10.67453790229526,2.312634989815383e-05,-10.719137191772461,2.211759324351598e-05,-9.105404696752586,0.00011106391664418765
2023-06-30,-10.9467236744446,1.761563541492201e-05,-11.012986591873782,1.6486204925541872e-05,-10.264040082097528,3.486454728767005e-05,-11.003084875316938,1.6650257514569084e-05,-11.633327767243738,8.865636983721788e-06,-11.044324471400763,1.5977573560918235e-05,-10.793374061584473,2.0535118055464573e-05,-9.105404683674502,0.00011106391809669093
2023-07-03,-12.29763832038734,4.562506928929487e-06,-11.025288955738935,1.6284628111797293e-05,-10.269172768846785,3.468605694714331e-05,-10.808307923529403,2.023072795435004e-05,-10.9467236744446,1.761563541492201e-05,-11.029718464913898,1.6212654723237468e-05,-11.049898147583008,1.5888767457845546e-05,-9.105404671091543,0.00011106391949420364
2023-07-05,-11.833401514558588,7.258034363915622e-06,-11.25932355655944,1.2886586979539061e-05,-10.359913648503724,3.16771914553549e-05,-11.341053515723338,1.1875257599096694e-05,-12.29763832038734,4.562506928929487e-06,-11.388691138624239,1.1322811632230934e-05,-10.937698364257812,1.7775341603537427e-05,-9.105404658984964,0.00011106392083880774
2023-07-06,-10.289654412007716,3.3982855449609635e-05,-11.255386408114637,1.2937423395012934e-05,-10.358493630000812,3.172220560624131e-05,-11.346420335728684,1.1811695943589903e-05,-11.833401514558588,7.258034363915622e-06,-11.51738233678086,9.95553045303963e-06,-11.241065979003906,1.31240257737438e-05,-9.105404647336728,0.00011106392213250653
2023-07-07,-9.971726476134181,4.670186416835567e-05,-10.768296271476023,2.105660497589841e-05,-10.154220666617155,3.8911502124278145e-05,-10.876346971658947,1.890003145415708e-05,-10.289654412007716,3.3982855449609635e-05,-10.945125083610531,1.7643818128544722e-05,-11.205628395080566,1.359744847330592e-05,-9.105404636129483,0.00011106392337722711
2023-07-10,-11.662519160043944,8.610577573700203e-06,-10.798737754054683,2.042526885938451e-05,-10.168691558704785,3.83524725596666e-05,-10.647281623500692,2.3765357057491457e-05,-9.971726476134181,4.670186416835567e-05,-10.45841643209601,2.8705654546010424e-05,-10.788399696350098,2.0637521718254585e-05,-9.105404625346535,0.00011106392457482362
2023-07-11,-10.794569628721293,2.0510581613571186e-05,-10.841792163723284,1.9564533156860387e-05,-10.188764083080988,3.759031640790927e-05,-11.184960929140942,1.3881397421916736e-05,-11.662519160043944,8.610577573700203e-06,-10.891800254780252,1.861020903855476e-05,-10.577117919921875,2.5492712781334084e-05,-9.10540461497182,0.00011106392572708032
2023-07-12,-11.08435092366721,1.5350677875017665e-05,-11.008587714990636,1.6558885450421995e-05,-10.26219588369081,3.492890375503617e-05,-10.821635251036525,1.996289512939082e-05,-10.794569628721293,2.0510581613571186e-05,-10.906307000926827,1.8342184244493907e-05,-10.952845573425293,1.7508123698139472e-05,-9.10540460498988,0.00011106392683571364
2023-07-13,-11.265915296817044,1.2801921299017727e-05,-11.006017178442082,1.6601505425309006e-05,-10.261116022667503,3.4966642489414966e-05,-10.846291166277904,1.9476709978695045e-05,-11.08435092366721,1.5350677875017665e-05,-10.94010038181305,1.773269615901283e-05,-10.83148193359375,1.9767291442264523e-05,-9.105404595385847,0.00011106392790237527
2023-07-14,-10.930002362138014,1.7912668426153492e-05,-11.026128659451691,1.627095958866891e-05,-10.269521761738833,3.467395387188203e-05,-10.98252886997485,1.6996062302977852e-05,-11.265915296817044,1.2801921299017727e-05,-11.063320177113361,1.567693275779957e-05,-10.89395809173584,1.8570094537581773e-05,-9.105404586145417,0.0001110639289286538
2023-07-17,-11.077727643701458,1.5452687157355736e-05,-11.027090008181307,1.6255325038670207e-05,-10.269921101793654,3.4660109937644664e-05,-10.96415777403628,1.7311184299658563e-05,-10.930002362138014,1.7912668426153492e-05,-10.988777388758876,1.6890193195439206e-05,-10.98367977142334,1.6976512762210023e-05,-9.105404577254818,0.0001110639299160786
2023-07-18,-10.272136591251625,3.458340582941179e-05,-10.978888124640152,1.7058053415968888e-05,-10.249621044503563,3.5370902308815306e-05,-10.956248930575736,1.7448638582125238e-05,-11.077727643701458,1.5452687157355736e-05,-10.978699978076843,1.7061263132034894e-05,-10.970044136047363,1.7209583724279017e-05,-9.10540456870081,0.00011106393086612046
2023-07-19,-11.468541230869594,1.0453839498920602e-05,-10.905668103357963,1.8353906765761786e-05,-10.217695893707674,3.651834234113155e-05,-10.694538750295719,2.2668398265777918e-05,-10.272136591251625,3.458340582941179e-05,-10.68681315101257,2.284420345297574e-05,-10.997685432434082,1.674040277709425e-05,-9.105404560470648,0.00011106393178019455
2023-07-20,-10.545020446922306,2.6324237981831386e-05,-10.90406423512358,1.8383367633159504e-05,-10.216981802733885,3.654442907281637e-05,-11.080079318176413,1.541639016348331e-05,-11.468541230869594,1.0453839498920602e-05,-10.93985451665342,1.7737056547196453e-05,-10.805580139160156,2.028598835280281e-05,-9.105404552552073,0.00011106393265966254
2023-07-21,-12.137282596839215,5.356056416631213e-06,-10.972334589800557,1.7170211076474306e-05,-10.246817238483214,3.547021461881974e-05,-10.761064052468562,2.1209442967369284e-05,-10.545020446922306,2.6324237981831386e-05,-10.82121198495722,1.9971346534214144e-05,-11.053790092468262,1.5827049430090988e-05,-9.105404544933288,0.00011106393350583484
2023-07-24,-11.570273075869784,9.442657752349713e-06,-11.246319729427242,1.3055256224982825e-05,-10.355209927283585,3.182654311190902e-05,-11.321094279541388,1.2114659865905321e-05,-12.137282596839215,5.356056416631213e-06,-11.225022274497196,1.3336281899595246e-05,-10.861645698547363,1.9179938431562663e-05,-9.105404537602942,0.00011106393431997191
2023-07-25,-11.026018258384541,1.6272756019133157e-05,-11.286131174656798,1.2545717638296145e-05,-10.369487632990129,3.137536167809355e-05,-11.205006333528868,1.3605909554586202e-05,-11.570273075869784,9.442657752349713e-06,-11.36493869492915,1.1594975561564623e-05,-11.229645729064941,1.327476452710285e-05,-9.105404530550118,0.00011106393510328631
2023-07-26,-10.480401055677017,2.8081458039333127e-05,-11.06078007981777,1.571680430967346e-05,-10.283774341566046,3.4183265669131e-05,-11.108867488571711,1.4978907867539734e-05,-11.026018258384541,1.6272756019133157e-05,-11.148899584876686,1.4391114580152585e-05,-11.17698860168457,1.3992506779316487e-05,-9.105404523764305,0.00011106393585694538
2023-07-27,-9.44402548317521,7.916110461067686e-05,-10.987188319992645,1.6917054210249202e-05,-10.25315704466164,3.524605165870632e-05,-10.870359529921217,1.9013533746428375e-05,-10.480401055677017,2.8081458039333127e-05,-10.821398713918253,1.996761765358122e-05,-11.033415794372559,1.6152821876360622e-05,-9.105404517235398,0.00011106393658207152
2023-07-28,-11.390134378616914,1.1306481884360867e-05,-10.619623760196799,2.4431830180872753e-05,-10.080220798265021,4.190016478343568e-05,-10.479531617849947,2.8105883737966323e-05,-9.44402548317521,7.916110461067686e-05,-10.20621567503149,3.693999660749297e-05,-10.867582321166992,1.9066411691356678e-05,-9.105404510953669,0.00011106393727974506
2023-07-31,-11.48721294005261,1.0260459434300598e-05,-10.81155336692097,2.0165176700982108e-05,-10.174714591964118,3.812216860228585e-05,-10.974651432137264,1.713047645172637e-05,-11.390134378616914,1.1306481884360867e-05,-10.651572995941645,2.366358957642542e-05,-10.542779922485352,2.6383284202863705e-05,-9.10540450490976,0.00011106393795100533
2023-08-01,-11.885038711523077,6.892761799528072e-06,-11.204223642244834,1.3616562950021942e-05,-10.339714067091064,3.232356370981935e-05,-11.002047772598992,1.6667534499347317e-05,-11.48721294005261,1.0260459434300598e-05,-11.052466362242276,1.5848014046496684e-05,-10.975371360778809,1.7118148169359738e-05,-9.10540449909467,0.00011106393859685221
2023-08-02,-10.668358895722397,2.326969016032981e-05,-11.218354606596598,1.3425500909153778e-05,-10.344961759144052,3.2154383891452404e-05,-11.185785218948268,1.3869959842098246e-05,-11.885038711523077,6.892761799528072e-06,-11.331606651839085,1.1987973106999386e-05,-11.119916915893555,1.4814310541427968e-05,-9.10540449349973,0.00011106393921824824
2023-08-03,-10.507909864429758,2.7319498923883423e-05,-10.77031538493397,2.1014132194524644e-05,-10.155187645093543,3.8873893725426624e-05,-10.856590331958344,1.9277145553282106e-05,-10.668358895722397,2.326969016032981e-05,-11.058753616359535,1.5748686132050877e-05,-11.232206344604492,1.3240816441317968e-05,-9.105404488116612,0.00011106393981611853
2023-08-04,-9.410595661525425,8.185217663502762e-05,-10.752793428850632,2.1385585688312776e-05,-10.14676226091292,3.920280487033692e-05,-10.88164095349523,1.880023941262745e-05,-10.507909864429758,2.7319498923883423e-05,-10.763369618162944,2.1160599530778816e-05,-10.836153030395508,1.9675171827745074e-05,-9.105404482937294,0.00011106394039135402
2023-08-07,-11.93722739843461,6.542263192659074e-06,-10.417297063293127,2.9910616811256012e-05,-9.97066487550425,4.6751469222495406e-05,-10.390875139459567,3.0711445985277346e-05,-9.410595661525425,8.185217663502762e-05,-10.172696708565974,3.819917235958238e-05,-10.664966583251953,2.3348762263255765e-05,-9.105404477954059,0.00011106394094481176
2023-08-08,-10.187520798095,3.763708094871958e-05,-10.761898314056943,2.1191756122544114e-05,-10.151149885242466,3.903117449005898e-05,-11.152295086188932,1.4342332398561014e-05,-11.93722739843461,6.542263192659074e-06,-10.816414030350835,2.0067398390273952e-05,-10.299887657165527,3.363687383521237e-05,-9.105404473159485,0.000111063941477316
2023-08-09,-10.817457595936558,2.0046467667109565e-05,-10.90812162048406,1.8308930338960128e-05,-10.218787044958288,3.647851703788175e-05,-10.524847830022054,2.6860659067799563e-05,-10.187520798095,3.763708094871958e-05,-10.668174161506677,2.32739892653753e-05,-10.8740234375,1.894399738123237e-05,-9.105404468546428,0.00011106394198966026
2023-08-10,-9.087972775070575,0.00011301694722319993,-10.774760600140716,2.0920927166218617e-05,-10.157312928538476,3.879136341386894e-05,-10.706353407306795,2.2402154799876646e-05,-10.817457595936558,2.0046467667109565e-05,-10.697884292284916,2.259268690593616e-05,-10.57112979888916,2.5645824198251975e-05,-9.105404464108018,0.00011106394248260761
2023-08-11,-10.69438134680752,2.267196663156608e-05,-10.356403150889973,3.178858957738798e-05,-9.935714117190237,4.841435887880089e-05,-10.089767048666706,4.150207845757426e-05,-9.087972775070575,0.00011301694722319993,-10.051473925182139,4.3122143383810973e-05,-10.637773513793945,2.3992398335851832e-05,-9.105404459837642,0.00011106394295689242
2023-08-14,-11.123155763065459,1.4766406871835857e-05,-10.621969434458773,2.4374588227379387e-05,-10.081431217091803,4.1849478717009486e-05,-10.64181912512534,2.3895530494215272e-05,-10.69438134680752,2.267196663156608e-05,-10.311324559742403,3.3254363721062014e-05,-10.238293647766113,3.57738403634283e-05,-9.105404455728939,0.00011106394341322115
2023-08-15,-10.715505191798222,2.219807039965383e-05,-10.885995737541641,1.8718546436701835e-05,-10.208893229690869,3.684122004629322e-05,-10.695011895457842,2.265767535975097e-05,-11.123155763065459,1.4766406871835857e-05,-10.733848822364127,2.1794589166156036e-05,-10.60773754119873,2.472396501478636e-05,-9.105404451775787,0.00011106394385227385
2023-08-16,-10.18407449218587,3.7767013608441007e-05,-10.69219503818959,2.2721588772489328e-05,-10.117032411257432,4.038579631171189e-05,-10.621333094137418,2.4390103696720717e-05,-10.715505191798222,2.219807039965383e-05,-10.784429776377687,2.0719613869724654e-05,-10.827001571655273,1.9856054759880564e-05,-9.105404447972298,0.00011106394427470434
2023-08-17,-10.127500253559935,3.996524911566425e-05,-10.522832717068008,2.691484090276547e-05,-10.02907803764291,4.4098797756391623e-05,-10.412558865746057,3.0052675507771985e-05,-10.18407449218587,3.7767013608441007e-05,-10.56197862602186,2.588159069345875e-05,-10.71265983581543,2.2261321755710274e-05,-9.105404444312805,0.00011106394468114199
2023-08-18,-10.022477788887183,4.43908234523982e-05,-10.404088246062798,3.0308321503888055e-05,-9.963160595318021,4.7103625031977184e-05,-10.479659720751055,2.8102283523325175e-05,-10.127500253559935,3.996524911566425e-05,-10.398746487236348,3.047065443347034e-05,-10.468901634216309,2.8406242397642386e-05,-9.105404440791858,0.00011106394507219226
2023-08-21,-9.894135694337992,5.046978617289736e-05,-10.42643796716155,2.963845254710649e-05,-9.975832985356886,4.651047577049639e-05,-10.382615750999683,3.09661541667807e-05,-10.022477788887183,4.43908234523982e-05,-10.274957719746489,3.448597908907005e-05,-10.353737831115723,3.18734293461161e-05,-9.10540443740421,0.00011106394544843776
2023-08-22,-10.939789872165289,1.7738203187199466e-05,-10.337324983553993,3.240087972417164e-05,-9.924577923152473,4.895652379732704e-05,-10.241006637989269,3.56769178186841e-05,-9.894135694337992,5.046978617289736e-05,-10.166699374561134,3.842895390453613e-05,-10.312036514282227,3.3230696551815845e-05,-9.105404434144814,0.00011106394581043918
2023-08-23,-10.600454679080999,2.490468351818758e-05,-10.411385482978998,3.00879594960804e-05,-9.967311641910472,4.690850095454935e-05,-10.542262561737864,2.6396937410012257e-05,-10.939789872165289,1.7738203187199466e-05,-10.545605441524877,2.6308842948140068e-05,-10.27048110961914,3.464070543869012e-05,-9.105404431008818,0.00011106394615873531
2023-08-24,-9.858019878981656,5.232585869433612e-05,-10.663337863506296,2.3386821839168506e-05,-10.102552322815013,4.097484062884102e-05,-10.47192127016639,2.8320595263553255e-05,-10.600454679080999,2.490468351818758e-05,-10.65956294513829,2.3475272023576714e-05,-10.536405563354492,2.6551997880940948e-05,-9.105404427991546,0.00011106394649384542
2023-08-25,-9.260859831409258,9.507354277198906e-05,-10.380296722788565,3.103804888260026e-05,-9.94953615773451,4.774977716573938e-05,-10.230886107575486,3.6039820436504695e-05,-9.858019878981656,5.232585869433612e-05,-10.363341760774489,3.156878440855332e-05,-10.559391975402832,2.594862398452402e-05,-9.105404425088507,0.00011106394681626844
2023-08-28,-11.150449599266706,1.436882542418373e-05,-10.254776174762386,3.518902989082092e-05,-9.875379340241865,5.142534877496344e-05,-9.990301622960754,4.584237744309779e-05,-9.260859831409258,9.507354277198906e-05,-9.91173101026245,4.958952131999706e-05,-10.35476016998291,3.1840860551474e-05,-9.105404422295374,0.0001110639471264848
2023-08-29,-10.233623632937006,3.594129543291243e-05,-10.5284410151524,2.676431693825544e-05,-10.032105021995903,4.396551321248142e-05,-10.638611700873438,2.397229664322707e-05,-11.150449599266706,1.436882542418373e-05,-10.458098714559064,2.871477628486068e-05,-10.179342269897461,3.7946159055730716e-05,-9.105404419607984,0.00011106394742495693
2023-08-30,-11.083637583475547,1.5361632037072734e-05,-10.823159138160458,1.9932497098013643e-05,-10.180133740812936,3.791613765658343e-05,-10.313255686402384,3.319020729974532e-05,-10.233623632937006,3.594129543291243e-05,-10.48153996606573,2.8049493980596298e-05,-10.678987503051758,2.3023675473654162e-05,-9.105404417022338,0.00011106394771212892
2023-08-31,-11.214339390720948,1.3479515561218538e-05,-10.83226510708454,1.975181628427996e-05,-10.184362178729494,3.775615010954915e-05,-10.587684872272085,2.522475076442102e-05,-11.083637583475547,1.5361632037072734e-05,-10.748099599540973,2.1486201930221812e-05,-10.596341133117676,2.500734107707724e-05,-9.105404414534583,0.0001110639479884289
2023-09-01,-10.266263041807566,3.478713088239552e-05,-10.985010380611843,1.6953938680310935e-05,-10.252230841884806,3.527871177223415e-05,-10.72836469237133,2.1914441869798747e-05,-11.214339390720948,1.3479515561218538e-05,-10.989288362605858,1.6881564953036704e-05,-10.804676055908203,2.0304336868164827e-05,-9.105404412141011,0.00011106394825426842
2023-09-05,-12.226606275645494,4.898378746560432e-06,-10.941669400919412,1.7704895035882152e-05,-10.233557802535666,3.5943661540695506e-05,-10.539834510281514,2.6461108406047698e-05,-10.266263041807566,3.478713088239552e-05,-10.707141792091065,2.2384500242104353e-05,-10.906044006347656,1.8347008773905084e-05,-9.105404409838057,0.00011106394851004361
2023-09-06,-9.992044049515185,4.576257001680371e-05,-11.107528904491007,1.4998971820805884e-05,-10.302543857648285,3.354764611051697e-05,-11.193528849625284,1.3762970772120394e-05,-12.226606275645494,4.898378746560432e-06,-11.188476316597193,1.3832684603925034e-05,-10.73806381225586,2.1702918524260124e-05,-9.105404407622292,0.00011106394875613525
2023-09-07,-11.20907203684781,1.3550704263166186e-05,-10.958857418632963,1.7403183327287507e-05,-10.24101821761887,3.567650469558233e-05,-10.55119238641388,2.616226673038907e-05,-9.992044049515185,4.576257001680371e-05,-10.759245484756658,2.1248048868620217e-05,-11.147910118103027,1.4405361156960417e-05,-9.105404405490413,0.00011106394899291012
2023-09-08,-11.097753199587741,1.5146316368179616e-05,-11.005778415798432,1.660546971787659e-05,-10.26101563875726,3.497015275390018e-05,-10.89682536763808,1.8516925214997152e-05,-11.20907203684781,1.3550704263166186e-05,-10.832485595496431,1.9747461717758847e-05,-10.693312644958496,2.269620915593421e-05,-9.105404403439245,0.00011106394922072095
2023-09-11,-11.310914402983387,1.223861546376799e-05,-11.129932195419368,1.4666681586997325e-05,-10.311353153104545,3.325341288059127e-05,-10.864293284420874,1.9129225061141845e-05,-11.097753199587741,1.5146316368179616e-05,-10.97508272944663,1.712308971637864e-05,-10.85490608215332,1.9309640438992584e-05,-9.105404401465732,0.0001110639494399071
2023-09-12,-10.798926178839999,2.0421420595050236e-05,-11.069895053179119,1.5574196975440875e-05,-10.287475228719138,3.405699106851628e-05,-11.013367906107947,1.647991969933567e-05,-11.310914402983387,1.223861546376799e-05,-11.069947828852055,1.5573375058403868e-05,-10.881318092346191,1.880631025949398e-05,-9.105404399566934,0.00011106394965079504
2023-09-13,-11.02252613631198,1.632968180765986e-05,-10.930588545496633,1.7902171394906706e-05,-10.228709678887462,3.6118343955037035e-05,-10.769126096212183,2.1039138932109726e-05,-10.798926178839999,2.0421420595050236e-05,-10.95008577190682,1.755650938123723e-05,-10.976011276245117,1.7107197505714804e-05,-9.105404397740022,0.0001110639498536991
2023-09-14,-10.737935754067,2.1705697938658906e-05,-10.977151760254714,1.708769814198037e-05,-10.248879197504964,3.539715184189566e-05,-10.918494690433299,1.811999215252219e-05,-11.02252613631198,1.632968180765986e-05,-10.936627849945827,1.779438055003858e-05,-10.84182071685791,1.956397453608648e-05,-9.105404395982276,0.00011106395004892132
2023-09-15,-10.790535524319125,2.0593490560384866e-05,-11.03474747738544,1.613132575404496e-05,-10.273093971098952,3.455031221772498e-05,-10.796833282927889,2.0464205259040117e-05,-10.737935754067,2.1705697938658906e-05,-10.847971775069013,1.944400473873772e-05,-10.901361465454102,1.843312084707291e-05,-9.105404394291078,0.00011106395023675247
2023-09-18,-11.217035753958543,1.3443218847551758e-05,-10.897089562680595,1.8512033781327445e-05,-10.213869074787938,3.6658359163158294e-05,-10.787377181526779,2.065863468244796e-05,-10.790535524319125,2.0593490560384866e-05,-10.80494050508047,2.0298968112999327e-05,-10.882423400878906,1.8785534967963887e-05,-9.105404392663907,0.00011106395041747255
2023-09-19,-10.480867010629316,2.8068376392857596e-05,-10.90533724458931,1.8359980321443443e-05,-10.2175486373253,3.652372029607435e-05,-10.908938562507501,1.8293979112336177e-05,-11.217035753958543,1.3443218847551758e-05,-10.955517906324976,1.7461398623453095e-05,-10.867342948913574,1.9070976207575302e-05,-9.105404391098338,0.00011106395059135082
2023-09-20,-10.123361797354073,4.013098626029737e-05,-10.865200342656468,1.91118816069602e-05,-10.199483912491857,3.718950677221367e-05,-10.679442318732146,2.30132063259753e-05,-10.480867010629316,2.8068376392857596e-05,-10.776998318520075,2.0874164363490385e-05,-10.947644233703613,1.7599426640350807e-05,-9.10540438959204,0.00011106395075864616
2023-09-21,-10.981491141230856,1.7013708759898547e-05,-10.673410933131851,2.3152427272789792e-05,-10.107630485982831,4.076729113347306e-05,-10.5069599215477,2.7345463217773123e-05,-10.123361797354073,4.013098626029737e-05,-10.49280089172404,2.7735402513571557e-05,-10.765506744384766,2.111542494773896e-05,-9.10540438814277,0.00011106395091960791
2023-09-22,-10.265620447987477,3.480949206152748e-05,-10.404423569292232,3.0298160123411316e-05,-9.96335163078577,4.7094627428394606e-05,-10.777679545483835,2.085994916231892e-05,-10.981491141230856,1.7013708759898547e-05,-10.693810178336246,2.268491984296862e-05,-10.566179275512695,2.577309922952836e-05,-9.105404386748367,0.0001110639510744758
2023-09-25,-10.845846822850453,1.9485366249798624e-05,-10.56919061692236,2.5695604368865995e-05,-10.053864038170968,4.301919966137393e-05,-10.52784707111316,2.6780218166517662e-05,-10.265620447987477,3.480949206152748e-05,-10.569859247305455,2.5678429249616104e-05,-10.628307342529297,2.422059284770458e-05,-9.105404385406755,0.00011106395122348044
2023-09-26,-10.495798175036576,2.76523961134422e-05,-10.52984600300787,2.672673980188874e-05,-10.03286211645244,4.3932239763310746e-05,-10.663019965396561,2.3394257647475966e-05,-10.845846822850453,1.9485366249798624e-05,-10.685213507182024,2.2880775285247464e-05,-10.44286060333252,2.915568602398588e-05,-9.105404384115936,0.000111063951366844
2023-09-27,-9.470449408625834,7.70967517505288e-05,-10.396353337524724,3.054366259622847e-05,-9.958746327517183,4.731201264824841e-05,-10.571606002333757,2.563361447581591e-05,-10.495798175036576,2.76523961134422e-05,-10.659409785510757,2.3478867762850106e-05,-10.531511306762695,2.6682268700965506e-05,-9.105404382873985,0.00011106395150477993
2023-09-28,-9.772988307831927,5.696985396557042e-05,-10.255984068326203,3.514655094828421e-05,-9.876111034199603,5.1387734920583375e-05,-10.232387883438168,3.598573732459839e-05,-9.470449408625834,7.70967517505288e-05,-10.171691705398668,3.823758194643753e-05,-10.413433074951172,3.002641466261351e-05,-9.105404381679053,0.00011106395163749383
2023-09-29,-9.751751529478911,5.819264827649953e-05,-10.283404580100115,3.419590766067176e-05,-9.892627373418172,5.0545968246265206e-05,-10.206983505001311,3.691164385745125e-05,-9.772988307831927,5.696985396557042e-05,-10.024105710618528,4.431861745503015e-05,-10.17797565460205,3.799805230807806e-05,-9.105404380529361,0.00011106395176518315
2023-10-02,-10.02765915188067,4.416141332432398e-05,-10.233008367544965,3.596341567234849e-05,-9.862133642974872,5.211104461108817e-05,-10.154996312090447,3.888133229585447e-05,-9.751751529478911,5.819264827649953e-05,-9.982590519214947,4.619723920106008e-05,-10.20605754852295,3.694583826203009e-05,-9.105404379423195,0.0001110639518880383
2023-10-03,-9.41851610971324,8.120643138265512e-05,-10.18816382749803,3.76128869785761e-05,-9.834491426090434,5.3571602944502146e-05,-10.156660372376315,3.881668521815441e-05,-10.02765915188067,4.416141332432398e-05,-10.092623558722918,4.1383696513210036e-05,-10.224085807800293,3.6285737225577605e-05,-9.105404378358907,0.00011106395200624236
2023-10-04,-10.012351360117789,4.484262768496083e-05,-9.819069762885002,5.440416944199872e-05,-9.589556180807405,6.8439789761737e-05,-9.881912198638378,5.10904892393236e-05,-9.41851610971324,8.120643138265512e-05,-9.902764879477928,5.003614671246446e-05,-10.27694034576416,3.4417674023757495e-05,-9.105404377334912,0.0001110639521199713
2023-10-05,-9.963575200927838,4.7084099652741766e-05,-10.049766235861417,4.3195845519818537e-05,-9.746224887724988,5.8515148547102277e-05,-10.090458023145942,4.147341148573839e-05,-10.012351360117789,4.484262768496083e-05,-10.040772717649341,4.358608030472106e-05,-10.034927368164062,4.384160225679298e-05,-9.105404376349684,0.0001110639522293946
2023-10-06,-8.597860489510975,0.00018450011161750014,-10.130912817848635,3.9829097578809834e-05,-9.798515251617983,5.553399225588389e-05,-10.071801650662083,4.225441761626769e-05,-9.963575200927838,4.7084099652741766e-05,-10.120718642718295,4.023719896914068e-05,-10.115062713623047,4.04654225131963e-05,-9.105404375401758,0.00011106395233467503
2023-10-09,-10.00755097156661,4.5058407219945496e-05,-9.63047841554676,6.569561249860763e-05,-9.453201664989194,7.843803052551076e-05,-9.581839864279338,6.89699355987226e-05,-8.597860489510975,0.00018450011161750014,-9.510201435210192,7.409211547199821e-05,-10.131274223327637,3.981470572552513e-05,-9.105404374489718,0.00011106395243596982
2023-10-10,-9.940677151915208,4.817467201360703e-05,-10.038455705974657,4.3687186848929575e-05,-9.73881725254006,5.895021684448605e-05,-9.965546026488573,4.6991396486532846e-05,-10.00755097156661,4.5058407219945496e-05,-9.807793245382092,5.502113106248381e-05,-9.879817008972168,5.119764572179704e-05,-9.105404373612206,0.0001110639525334297
2023-10-11,-10.52073717891389,2.6971301115393043e-05,-10.27239150061056,3.457459131910035e-05,-9.88601545274531,5.0881281489337356e-05,-9.978665823034596,4.6378905588796716e-05,-9.940677151915208,4.817467201360703e-05,-10.00461705152256,4.5190799102672426e-05,-10.150910377502441,3.90405238780323e-05,-9.105404372767918,0.00011106395262719969
2023-10-12,-9.480629602866172,7.631587333332966e-05,-10.406212193442137,3.0244016538213504e-05,-9.964370154011961,4.7046684875976125e-05,-10.175786912642486,3.808131132255739e-05,-10.52073717891389,2.6971301115393043e-05,-10.338686306867771,3.235680166027132e-05,-10.223462104797363,3.630837580799076e-05,-9.105404371955592,0.00011106395271741985
2023-10-13,-9.31048901792933,9.04702927611489e-05,-10.1447998165737,3.92798137309229e-05,-9.80731197344111,5.504761756211861e-05,-9.832428728028601,5.3682219030638216e-05,-9.480629602866172,7.631587333332966e-05,-10.086276031795967,4.164721610522694e-05,-10.419304847717285,2.9850622988191064e-05,-9.105404371174021,0.00011106395280422414
2023-10-16,-10.62933757180619,2.4195652932970218e-05,-9.869825679086839,5.171174226693824e-05,-9.62501185886534,6.605572467809609e-05,-9.82696984091415,5.39760655120603e-05,-9.31048901792933,9.04702927611489e-05,-9.804177137190244,5.5220453593964e-05,-10.174138069152832,3.8144153238814066e-05,-9.10540437042204,0.00011106395288774219
2023-10-17,-9.618894798879467,6.646102988266415e-05,-10.279448595949205,3.433145406233879e-05,-9.890255669320982,5.0665990598743574e-05,-10.247057651431106,3.546168814493928e-05,-10.62933757180619,2.4195652932970218e-05,-10.234186387741326,3.592107498634441e-05,-9.989398956298828,4.5883776510887235e-05,-9.105404369698526,0.00011106395296809848
2023-10-18,-9.73064346122562,5.9434038248802455e-05,-10.21128426330906,3.6753236678139915e-05,-9.848802267655229,5.2810407884373816e-05,-9.926428741840642,4.886599794748407e-05,-9.618894798879467,6.646102988266415e-05,-10.08658081385002,4.163452471530897e-05,-10.307494163513184,3.3381985375177576e-05,-9.105404369002406,0.00011106395304541237
2023-10-19,-9.289654613479929,9.237495983683484e-05,-9.997292024595858,4.552303826780278e-05,-9.711614931276413,6.057580928651383e-05,-9.880356083199526,5.1170053828194546e-05,-9.73064346122562,5.9434038248802455e-05,-10.006207516254674,4.511898185702069e-05,-10.138880729675293,3.951300381711253e-05,-9.105404368332639,0.00011106395311979929
2023-10-20,-10.538363932740966,2.6500050144172435e-05,-9.663396469238583,6.356824725797127e-05,-9.477510119128228,7.655431116725594e-05,-9.7301947745264,5.946071149476352e-05,-9.289654613479929,9.237495983683484e-05,-9.785582768273523,5.625684877600598e-05,-10.043295860290527,4.347624503024422e-05,-9.10540436768823,0.00011106395319136989
2023-10-23,-8.999223701116247,0.0001235056441753001,-9.881921154311097,5.109003169167175e-05,-9.633380750600391,6.550521824718765e-05,-10.184445150246018,3.775301755447464e-05,-10.538363932740966,2.6500050144172435e-05,-10.189973729799052,3.754487289587432e-05,-9.831700325012207,5.372133556547834e-05,-9.105404367068218,0.00011106395326023093
2023-10-24,-10.093056574127747,4.136578061432111e-05,-9.78446093342646,5.631999508258986e-05,-9.565071534494285,7.013619702518505e-05,-9.60182136966144,6.760548969805782e-05,-8.999223701116247,0.0001235056441753001,-9.777162691716711,5.673253559885627e-05,-10.055580139160156,4.2945437679888076e-05,-9.105404366471678,0.00011106395332648499
2023-10-25,-10.48131850812339,2.805570645169206e-05,-10.137470701747384,3.9568757553935867e-05,-9.802674924097078,5.53034688200319e-05,-9.946123250828023,4.791302111976608e-05,-10.093056574127747,4.136578061432111e-05,-9.987331270216917,4.5978747908646865e-05,-9.788277626037598,5.6105448662810394e-05,-9.105404365897721,0.00011106395339023092
2023-10-26,-9.785982582341106,5.623436099223316e-05,-10.134258078953296,3.9696081458718176e-05,-9.800638400634153,5.541621039332903e-05,-10.11282985668457,4.055587696096276e-05,-10.48131850812339,2.805570645169206e-05,-10.326788979704578,3.274406021855018e-05,-10.032354354858398,4.395455253170682e-05,-9.105404365345496,0.00011106395345156319
2023-10-27,-9.835445164165707,5.35205340240786e-05,-10.033462877424096,4.390585491455077e-05,-9.735538098304936,5.9143840985923844e-05,-9.951268354361588,4.766713675817038e-05,-9.785982582341106,5.623436099223316e-05,-10.19621497068884,3.7311276025400645e-05,-10.158117294311523,3.876017351457436e-05,-9.105404364814177,0.00011106395351057358
2023-10-30,-10.112365060617654,4.057473155449558e-05,-9.885732476630048,5.089568171407649e-05,-9.636011344689376,6.533312705754171e-05,-9.91145429521862,4.960324538530272e-05,-9.835445164165707,5.35205340240786e-05,-10.111946319439902,4.0591725423141646e-05,-10.02639102935791,4.4217450930963326e-05,-9.105404364302972,0.00011106395356735006
2023-10-31,-10.113968452403792,4.0509726491415015e-05,-10.12430718046973,4.009306503134138e-05,-9.794315213018145,5.576772767224992e-05,-10.082612420934309,4.180007513553637e-05,-10.112365060617654,4.057473155449558e-05,-10.197305162354535,3.7270621747745195e-05,-9.967170715332031,4.6915112074919e-05,-9.105404363811122,0.00011106395362197688
2023-11-01,-10.251024030786608,3.53213122133033e-05,-10.28508362118793,3.413853950189981e-05,-9.893632861330023,5.049517042877626e-05,-10.088024936730278,4.1574442738879045e-05,-10.113968452403792,4.0509726491415015e-05,-10.246448746137462,3.548328752989485e-05,-10.07278060913086,4.221307253715866e-05,-9.105404363337893,0.00011106395367453552
2023-11-02,-10.799323151991251,2.041331544823285e-05,-10.371304943032907,3.131839469723171e-05,-9.944350899159618,4.799801514008408e-05,-10.109879615319173,4.067570325811898e-05,-10.251024030786608,3.53213122133033e-05,-10.330600227832592,3.2619501992265675e-05,-10.180535316467285,3.790091451561957e-05,-9.10540436288258,0.0001110639537251045
2023-11-03,-10.446905563586421,2.9037990629913884e-05,-10.575894671098123,2.5523915792890844e-05,-10.057404188637106,4.286717447642786e-05,-10.358600968764097,3.1718800766661744e-05,-10.799323151991251,2.041331544823285e-05,-10.596511230893974,2.5003087745720264e-05,-10.301156044006348,3.359423631322565e-05,-9.105404362444505,0.00011106395377375877
2023-11-06,-11.04524281625762,1.5962907373753036e-05,-10.697967300152877,2.2590811612997707e-05,-10.11990385802209,4.026999698292426e-05,-10.313066560138719,3.319648503326562e-05,-10.446905563586421,2.9037990629913884e-05,-10.605469349540542,2.478010735271194e-05,-10.529740333557129,2.67295641510248e-05,-9.105404362023014,0.00011106395382057117
2023-11-07,-10.72831563776431,2.191551690050012e-05,-10.735277303521324,2.176347823218513e-05,-10.138263053312297,3.95374176047349e-05,-10.566627656930418,2.576154564115745e-05,-11.04524281625762,1.5962907373753036e-05,-10.798800888278073,2.0423979366603522e-05,-10.551749229431152,2.614770251021274e-05,-9.105404361617481,0.0001110639538656113
2023-11-08,-10.56646367102623,2.5765770517913326e-05,-10.82955807391505,1.9805357542404023e-05,-10.18310729789186,3.780355931905733e-05,-10.546592713614531,2.6282881779263705e-05,-10.72831563776431,2.191551690050012e-05,-10.810039371333279,2.019572981233419e-05,-10.716531753540039,2.2175294402323297e-05,-9.1054043612273,0.00011106395390894628
2023-11-09,-10.604292411029405,2.4809289184607812e-05,-10.832020854754767,1.975664130066141e-05,-10.18424902713996,3.776042251965912e-05,-10.531728093911129,2.667648495496364e-05,-10.56646367102623,2.5765770517913326e-05,-10.711704351637422,2.2282602261403625e-05,-10.69251823425293,2.271424643101708e-05,-9.105404360851892,0.00011106395395064058
2023-11-10,-9.78196880230939,5.6460526934014785e-05,-10.725593685826759,2.197525114417899e-05,-10.133531449308398,3.972493629041084e-05,-10.532526107037107,2.6655205261681185e-05,-10.604292411029405,2.4809289184607812e-05,-10.676550922625797,2.3079842911097787e-05,-10.667561531066895,2.3288251988097402e-05,-9.105404360490697,0.00011106395399075639
2023-11-13,-10.839215190290204,1.9615015456872335e-05,-10.682760692451598,2.29369664730253e-05,-10.112321305841538,4.057650693163101e-05,-10.240838736488286,3.568290852964693e-05,-9.78196880230939,5.6460526934014785e-05,-10.324758848040746,3.281060249393825e-05,-10.639144897460938,2.3959518103502014e-05,-9.105404360143176,0.00011106395402935346
2023-11-14,-10.247831984227208,3.543423962531949e-05,-10.650035244091281,2.370000629784704e-05,-10.095807173658645,4.125215625675864e-05,-10.53350198871977,2.662920562346741e-05,-10.839215190290204,1.9615015456872335e-05,-10.54322637397981,2.6371507975155458e-05,-10.461651802062988,2.8612931211438468e-05,-9.105404359808812,0.00011106395406648921
2023-11-15,-11.021882735129848,1.634019172492277e-05,-10.803257635660811,2.0333157385659233e-05,-10.170820465798725,3.827091055853049e-05,-10.3367884733882,3.2418267789544114e-05,-10.247831984227208,3.543423962531949e-05,-10.498048548283744,2.7590237866867708e-05,-10.656119346618652,2.3556250784713193e-05,-9.105404359487107,0.00011106395410221907
2023-11-16,-11.327260511946127,1.204018789936135e-05,-10.780273661414396,2.080590616309544e-05,-10.159941906823535,3.868951569818274e-05,-10.594796167989358,2.5046006407596022e-05,-11.021882735129848,1.634019172492277e-05,-10.726265397783179,2.1960495061713456e-05,-10.567185401916504,2.57471812744414e-05,-9.10540435917758,0.00011106395413659633
2023-11-17,-11.521805585489167,9.911591913006516e-06,-10.914584432237934,1.8190984709493362e-05,-10.221654134467576,3.637407965157677e-05,-10.754653095774618,2.134585257858408e-05,-11.327260511946127,1.204018789936135e-05,-11.004936914080094,1.66194491302028e-05,-10.740204811096191,2.1656502307131898e-05,-9.105404358879772,0.00011106395416967206
2023-11-20,-10.441479683556501,2.9195975499263904e-05,-11.059600786611924,1.5735349963445875e-05,-10.283294057208007,3.419968730014916e-05,-10.966575503049441,1.7269381101890236e-05,-11.521805585489167,9.911591913006516e-06,-11.18826479916253,1.383561076734333e-05,-10.856386184692383,1.9281081331567865e-05,-9.105404358593239,0.0001110639542014956
2023-11-21,-11.9102646557359,6.721060148114839e-06,-10.92563585988259,1.7991055146587107e-05,-10.226532992092585,3.619704790322445e-05,-10.641097259769207,2.3912786077199912e-05,-10.441479683556501,2.9195975499263904e-05,-10.876356840876571,1.889984492655399e-05,-10.976162910461426,1.710460366589019e-05,-9.105404358317555,0.00011106395423211409
2023-11-22,-11.256370752801065,1.2924694776739637e-05,-11.121343174527352,1.4793196563690216e-05,-10.307989979015348,3.336543817185449e-05,-11.201066384515885,1.365962188694972e-05,-11.9102646557359,6.721060148114839e-06,-11.164688789444881,1.4165674769202144e-05,-10.773287773132324,2.0951762774974226e-05,-9.105404358052306,0.00011106395426157372
2023-11-24,-13.692835502777651,1.1305170056184592e-06,-11.255344258927938,1.2937968708379193e-05,-10.358478408635685,3.172268846519034e-05,-11.056668694643117,1.5781555162543862e-05,-11.256370752801065,1.2924694776739637e-05,-11.20751209519681,1.3571859066986597e-05,-11.108753204345703,1.498061981825444e-05,-9.1054043577971,0.00011106395428991787
2023-11-27,-12.31208622672107,4.4970621645051544e-06,-12.139822883050153,5.342467767207776e-06,-10.596750909723115,2.4997095753030042e-05,-11.965700382560259,6.358612387006055e-06,-13.692835502777651,1.1305170056184592e-06,-11.807840478261303,7.445948654440745e-06,-11.081716537475586,1.5391170802429734e-05,-9.105404357551556,0.00011106395431718896
2023-11-28,-10.995580050729332,1.6775684842906517e-05,-11.62400960323251,8.94863453505505e-06,-10.476534371199854,2.819025037449833e-05,-11.658261310220666,8.647318282604274e-06,-12.31208622672107,4.4970621645051544e-06,-11.921105566235743,6.648591260689201e-06,-11.614391326904297,9.035120229687569e-06,-9.105404357315308,0.00011106395434342762
2023-11-29,-10.38465897924736,3.090294784033041e-05,-11.223610553055202,1.3355122310286235e-05,-10.346901732465756,3.209206571187459e-05,-11.344121943457468,1.1838875076446329e-05,-10.995580050729332,1.6775684842906517e-05,-11.377105507000929,1.1454756412678035e-05,-11.480117797851562,1.0333517726033816e-05,-9.105404357088005,0.00011106395436867276
2023-11-30,-10.697469111478311,2.260206890338702e-05,-11.009070148181957,1.655089882113186e-05,-10.262398370474312,3.492183182967343e-05,-11.05366003227725,1.5829108033031262e-05,-10.38465897924736,3.090294784033041e-05,-10.847318385571803,1.9456713398618017e-05,-11.184125900268555,1.3892993630463785e-05,-9.105404356869306,0.00011106395439296241
2023-12-01,-10.604676523249047,2.4799761463445582e-05,-11.006658651659059,1.6590859419146148e-05,-10.261385650965146,3.495721576403934e-05,-11.101519755673639,1.5089374223294867e-05,-10.697469111478311,2.260206890338702e-05,-10.719799247250398,2.2102955015944384e-05,-10.96267318725586,1.733690334137421e-05,-9.105404356658887,0.0001110639544163323
2023-12-04,-11.088870770448587,1.5281451726676008e-05,-11.014055483868963,1.6468592367703984e-05,-10.264487496226902,3.484895188566108e-05,-10.829420967957379,1.9808073161076397e-05,-10.604676523249047,2.4799761463445582e-05,-10.671421063911517,2.3198543442552623e-05,-11.012459754943848,1.6494892755464984e-05,-9.105404356456436,0.00011106395443881736
2023-12-05,-11.074358749866754,1.550483340812187e-05,-10.968036746717148,1.7244164756209495e-05,-10.244972777245989,3.55356984273686e-05,-10.873849360399063,1.8947295384421736e-05,-11.088870770448587,1.5281451726676008e-05,-10.83992240183992,1.9601148395444368e-05,-10.972394943237305,1.716917482649709e-05,-9.105404356261648,0.00011106395446045131
2023-12-06,-10.738669388176953,2.168977973805217e-05,-11.060646151895872,1.5718909369573523e-05,-10.283719814364487,3.418512963776613e-05,-10.878639738032003,1.8856747736276783e-05,-11.074358749866754,1.550483340812187e-05,-10.954100100892944,1.7486173047778928e-05,-11.030411720275879,1.6201419108443733e-05,-9.105404356074235,0.00011106395448126611
2023-12-07,-11.456205015585294,1.0583599038749135e-05,-10.991207468437288,1.684919851053965e-05,-10.254863207339318,3.518596743213855e-05,-10.815640191464205,2.00829333334982e-05,-10.738669388176953,2.168977973805217e-05,-10.865451362149315,1.910708475420883e-05,-11.02134895324707,1.634891615148992e-05,-9.105404355893917,0.00011106395450129294
2023-12-08,-11.121810031184653,1.478629187326745e-05,-11.040624035622882,1.603680707307915e-05,-10.275519276086023,3.446661870536942e-05,-11.082529870993522,1.5378657736673534e-05,-11.456205015585294,1.0583599038749135e-05,-11.054715257592592,1.5812413567276068e-05,-10.924777030944824,1.8006513022253277e-05,-9.105404355720426,0.00011106395452056158
2023-12-11,-11.976735564586512,6.288829682453607e-06,-11.180990579463012,1.39366209795734e-05,-10.330984621170524,3.2606965682604525e-05,-11.034040418114067,1.6142735590718964e-05,-11.121810031184653,1.478629187326745e-05,-11.077691408119534,1.5453247104612108e-05,-11.095900535583496,1.5174403413206756e-05,-9.105404355553501,0.00011106395453910085
2023-12-12,-10.903622389856904,1.839149203186514e-05,-11.292983906240284,1.246003910408531e-05,-10.37190856739404,3.129949585571527e-05,-11.359023902565502,1.1663760658720761e-05,-11.976735564586512,6.288829682453607e-06,-11.32436123242335,1.2075146422365386e-05,-11.102141380310059,1.5079997211322292e-05,-9.1054043553929,0.00011106395455693796
2023-12-13,-10.245919017113714,3.550208903656967e-05,-11.201616512581143,1.3652109412189958e-05,-10.338740782325317,3.235503905670591e-05,-11.04629534915874,1.594611472750124e-05,-10.903622389856904,1.839149203186514e-05,-11.143228246580463,1.4472963336005753e-05,-11.335796356201172,1.1937852113170708e-05,-9.105404355238376,0.00011106395457409996
2023-12-14,-10.032828220034373,4.393372893411502e-05,-11.017945753510515,1.640464956080063e-05,-10.266113528489427,3.4792332410601454e-05,-10.825680397024705,1.9882305412722402e-05,-10.245919017113714,3.550208903656967e-05,-10.7069122402512,2.2389639235129482e-05,-11.147252082824707,1.4414843512318653e-05,-9.105404355089702,0.00011106395459061228
2023-12-15,-11.5811847147086,9.340182981871771e-06,-10.88403503349061,1.875528397047598e-05,-10.208010640772104,3.6873750052059535e-05,-10.643089863358561,2.3865184814804126e-05,-10.032828220034373,4.393372893411502e-05,-10.401266448951056,3.039396621714264e-05,-10.934103012084961,1.783936524139053e-05,-9.105404354946657,0.00011106395460649939
2023-12-18,-11.629669928229813,8.898125439109917e-06,-11.032152490952098,1.617324068634777e-05,-10.272020333341239,3.458742665762958e-05,-11.127507335465545,1.4702289390353651e-05,-11.5811847147086,9.340182981871771e-06,-10.852412055130308,1.93578593086399e-05,-10.79004192352295,2.060365803285133e-05,-9.105404354809028,0.00011106395462178496
2023-12-19,-12.590489317328935,3.404238390209144e-06,-11.366552917359625,1.157627379040253e-05,-10.397228367672003,3.051694766054009e-05,-11.118466972407433,1.4835806034357983e-05,-11.629669928229813,8.898125439109917e-06,-11.191001718636144,1.3797795586961901e-05,-11.19339370727539,1.3764830858017419e-05,-9.10540435467661,0.00011106395463649188
2023-12-20,-9.607769613096059,6.720454941517822e-05,-11.635028493996906,8.850571772255102e-06,-10.479619327746974,2.81034186819043e-05,-11.536682351610786,9.765230867101695e-06,-12.590489317328935,3.404238390209144e-06,-11.595698029337475,9.205604916709393e-06,-11.305041313171387,1.2310705439795504e-05,-9.105404354549204,0.00011106395465064206
2023-12-21,-10.492734131212247,2.773725420504738e-05,-10.777619511768243,2.086120150016506e-05,-10.158677185914241,3.873847809301259e-05,-10.629426200858987,2.4193508590195895e-05,-9.607769613096059,6.720454941517822e-05,-10.77675591651702,2.0879224916063453e-05,-11.565558433532715,9.487281616485249e-06,-9.105404354426623,0.0001110639546642564
2023-12-22,-10.450822491800437,2.8924473369751664e-05,-10.857836961129616,1.925312907422853e-05,-10.196126496652576,3.731457725062299e-05,-10.915890985304262,1.816723274262309e-05,-10.492734131212247,2.773725420504738e-05,-10.525875742919244,2.683306283560811e-05,-10.823816299438477,1.9919402535837464e-05,-9.105404354308682,0.00011106395467735542
2023-12-26,-11.430165070252329,1.086281498578754e-05,-11.003700105450271,1.664001692490106e-05,-10.260141259850544,3.500074328974354e-05,-10.799282283706567,2.041414972246748e-05,-10.450822491800437,2.8924473369751664e-05,-10.528955329971414,2.67505551926715e-05,-10.832477569580078,1.9747620209870795e-05,-9.105404354195207,0.00011106395468995844
2023-12-27,-12.238760531362145,4.839202946065024e-06,-11.05932975540694,1.573961531230251e-05,-10.283183628349105,3.420346414112479e-05,-11.059898073636752,1.573067274334348e-05,-11.430165070252329,1.086281498578754e-05,-10.88448557843751,1.8746835775344152e-05,-10.838126182556152,1.9636387995726262e-05,-9.105404354086026,0.00011106395470208443
2023-12-28,-12.667969294763665,3.150437282992665e-06,-11.514094632979797,9.988315152010604e-06,-10.444399361082958,2.911085698550775e-05,-11.245505077471902,1.306589604828196e-05,-12.238760531362145,4.839202946065024e-06,-11.387234719580643,1.1339314405278548e-05,-11.124306678771973,1.4749421758330121e-05,-9.10540435398098,0.00011106395471375132
2023-12-29,-10.546156766331904,2.629434222804923e-05,-11.616167515327229,9.019086397504703e-06,-10.47432388606779,2.8252633426823586e-05,-11.61751412140595,9.006949414638812e-06,-12.667969294763665,3.150437282992665e-06,-11.747956677860314,7.905461740128019e-06,-11.396936416625977,1.1229835735364016e-05,-9.10540435387991,0.00011106395472497649
2024-01-02,-10.71430258287424,2.222478205583034e-05,-11.087909946792408,1.529614156303678e-05,-10.294730836572416,3.381078117798686e-05,-11.021493395754623,1.6346554843585948e-05,-10.546156766331904,2.629434222804923e-05,-11.2136749611362,1.3488474726183023e-05,-11.580912590026855,9.342725022053402e-06,-9.105404353782667,0.00011106395473577669
2024-01-03,-11.285710570387407,1.2550995530571603e-05,-11.010976213146156,1.651938177906972e-05,-10.263197829417924,3.489392441579205e-05,-11.093088203024294,1.5217138947091834e-05,-10.71430258287424,2.222478205583034e-05,-10.8653128074756,1.910973231351421e-05,-11.091856002807617,1.5235901065969213e-05,-9.105404353689107,0.00011106395474616791
2024-01-04,-10.306208880256532,3.342491826660707e-05,-11.002663458001912,1.6657275700073953e-05,-10.259704731904856,3.50160254276068e-05,-11.247262038826515,1.3042959928699764e-05,-11.285710570387407,1.2550995530571603e-05,-10.986170922722875,1.6934274333383014e-05,-10.995542526245117,1.677631435363856e-05,-9.105404353599088,0.00011106395475616575
2024-01-05,-10.280493664976296,3.429559406439358e-05,-10.90049052907742,1.844918191562359e-05,-10.21538839448474,3.660270568444801e-05,-10.812570521620913,2.0144676024672665e-05,-10.306208880256532,3.342491826660707e-05,-10.708391432004273,2.2356545147703357e-05,-11.095704078674316,1.5177384822449592e-05,-9.105404353512476,0.00011106395476578517
2024-01-08,-10.35623600494081,3.1793903355441326e-05,-10.855259123519723,1.930282454036514e-05,-10.194947923793123,3.7358581124424674e-05,-10.604433805536498,2.480578153537924e-05,-10.280493664976296,3.429559406439358e-05,-10.509978224483882,2.7263050761297173e-05,-10.839277267456055,1.961379785009784e-05,-9.105404353429144,0.0001110639547750404
2024-01-09,-10.649102764409578,2.372211637917472e-05,-10.8516067118846,1.9373455309109384e-05,-10.19327523775505,3.7421122593012435e-05,-10.603842582181157,2.4820451628994114e-05,-10.35623600494081,3.1793903355441326e-05,-10.477564481097648,2.8161226270141377e-05,-10.704951286315918,2.243358736234068e-05,-9.105404353348966,0.00011106395478394526
2024-01-10,-10.988707277266823,1.6891377433599082e-05,-10.894776395235413,1.8554904779997782e-05,-10.212834075731582,3.669632017171503e-05,-10.680052818950012,2.2999161046258907e-05,-10.649102764409578,2.372211637917472e-05,-10.583297851522424,2.5335655361942863e-05,-10.699346542358398,2.2559674889641546e-05,-9.105404353271824,0.00011106395479251293
2024-01-11,-9.512296525913657,7.393704826632435e-05,-10.970467310927013,1.7202302601460462e-05,-10.246016433482126,3.549863072043572e-05,-10.747191323032581,2.150572620806882e-05,-10.988707277266823,1.6891377433599082e-05,-10.786379435967806,2.0679257029673705e-05,-10.814750671386719,2.0100805453539522e-05,-9.105404353197603,0.00011106395480075626
2024-01-12,-10.65966212647619,2.347294383014843e-05,-10.668725688918839,2.326115656142438e-05,-10.105271656649721,4.0863567721008664e-05,-10.253372438694939,3.523846068703603e-05,-9.512296525913657,7.393704826632435e-05,-10.29121457758849,3.3929877905817067e-05,-10.952342987060547,1.7516925253968152e-05,-9.105404353126191,0.00011106395480868748
2024-01-16,-10.53346797010377,2.663011152759663e-05,-10.759785604815947,2.123657546999081e-05,-10.150133619343189,3.907086070415936e-05,-10.594695350995366,2.504853159796246e-05,-10.65966212647619,2.347294383014843e-05,-10.438282374551719,2.9289473445893692e-05,-10.590008735656738,2.5166199948131165e-05,-9.105404353057484,0.00011106395481631843
2024-01-17,-10.853626375337427,1.933436693543338e-05,-10.847233237131787,1.9458370177946838e-05,-10.19126797083275,3.749631221216077e-05,-10.570266251063785,2.5667980158957338e-05,-10.53346797010377,2.663011152759663e-05,-10.556893020173941,2.601354952333289e-05,-10.776297569274902,2.0888797044733098e-05,-9.105404352991378,0.00011106395482366035
2024-01-18,-10.186009326124765,3.7694011355133503e-05,-10.72632776540177,2.1959125480642567e-05,-10.133890955678439,3.9710657489578696e-05,-10.682307640279543,2.2947360469839896e-05,-10.853626375337427,1.933436693543338e-05,-10.711014031915164,2.2297989691720155e-05,-10.761280059814453,2.120486206665799e-05,-9.105404352927774,0.0001110639548307245
2024-01-19,-10.215103718871244,3.6613127065430494e-05,-10.74042490019236,2.1651736471586393e-05,-10.140768731771232,3.9438473561866964e-05,-10.430968187595944,2.950448749844676e-05,-10.186009326124765,3.7694011355133503e-05,-10.546926066919266,2.6274121753937464e-05,-10.791250228881836,2.0578777557070805e-05,-9.105404352866579,0.0001110639548375211
2024-01-22,-11.294990954600172,1.2435056282289483e-05,-10.78429162240031,2.072247656453224e-05,-10.161853150042264,3.861564124218293e-05,-10.483823922628819,2.798550325855986e-05,-10.215103718871244,3.6613127065430494e-05,-10.42777657225954,2.9598804905618174e-05,-10.593952178955078,2.506715388522084e-05,-9.1054043528077,0.00011106395484406046
2024-01-23,-11.57767268199823,9.373043680172269e-06,-10.892147869503106,1.8603740980158868e-05,-10.211656367448708,3.673956319076496e-05,-10.83581530188521,1.9681817816423062e-05,-11.294990954600172,1.2435056282289483e-05,-10.796151804830059,2.0478155919708594e-05,-10.590076446533203,2.5164495980364616e-05,-9.105404352751048,0.00011106395485035241
2024-01-24,-10.665033474008276,2.334720049912316e-05,-11.195799089402549,1.3731760968693376e-05,-10.3365633053997,3.2425568167567805e-05,-10.990809771861208,1.685590071172988e-05,-11.57767268199823,9.373043680172269e-06,-11.13100795304057,1.4650912276001378e-05,-10.929947853088379,1.7913644855297696e-05,-9.105404352696544,0.00011106395485640583
2024-01-25,-11.012655047205032,1.649167174509022e-05,-10.98563502361875,1.6943351827920642e-05,-10.252496599665818,3.526933742578453e-05,-10.728565703934756,2.191003725628084e-05,-10.665033474008276,2.334720049912316e-05,-10.949182536685388,1.757237420262992e-05,-11.14693832397461,1.4419367006649496e-05,-9.105404352644102,0.0001110639548622302
2024-01-26,-11.234630055598794,1.3208763388295089e-05,-10.925146721143394,1.7999857421209572e-05,-10.22631768955416,3.620484205854212e-05,-10.897986885319717,1.8495429964923533e-05,-11.012655047205032,1.649167174509022e-05,-10.921669745242403,1.8062551421287244e-05,-10.945345878601074,1.7639922891928072e-05,-9.105404352593645,0.0001110639548678342
2024-01-29,-10.991110918437982,1.6850825379179964e-05,-11.029902602976804,1.620966963124513e-05,-10.271088152769272,3.461968341702054e-05,-11.050118870067255,1.588526083662993e-05,-11.234630055598794,1.3208763388295089e-05,-11.027262979751907,1.6252513572726517e-05,-10.96097469329834,1.7366374988563787e-05,-9.105404352545099,0.00011106395487322592
2024-01-30,-12.307816333226706,4.516305194593063e-06,-10.99466686593784,1.6791011139977577e-05,-10.256328591669183,3.513444422670115e-05,-10.953078718478526,1.7504042241512057e-05,-10.991110918437982,1.6850825379179964e-05,-10.990020004044151,1.6869218217816156e-05,-11.046158790588379,1.5948292454821523e-05,-9.105404352498391,0.00011106395487841344
2024-01-31,-10.314157098505344,3.316030272538309e-05,-11.306905621001818,1.2287775875770096e-05,-10.376793850937856,3.114696183302166e-05,-11.382953687724125,1.1387962429049762e-05,-12.307816333226706,4.516305194593063e-06,-11.382745246708588,1.139033639491071e-05,-10.99431324005127,1.6796949926170733e-05,-9.105404352453451,0.00011106395488340466
2024-02-01,-10.51736339209669,2.706245020788398e-05,-10.910250580220348,1.8269992826359188e-05,-10.219732651551219,3.644403901556212e-05,-10.77298905334144,2.09580224160618e-05,-10.314157098505344,3.316030272538309e-05,-10.968426050327935,1.7237452847174887e-05,-11.296916961669922,1.2411129325117813e-05,-9.105404352410213,0.00011106395488820688
2024-02-02,-9.655844067393964,6.405015770586979e-05,-10.966857626411922,1.7264509693227202e-05,-10.244465955108257,3.555371327078645e-05,-10.789669782741393,2.061132692111912e-05,-10.51736339209669,2.706245020788398e-05,-10.686161695128014,2.2859090292276222e-05,-10.831568717956543,1.9765576024909342e-05,-9.10540435236861,0.0001110639548928274
2024-02-05,-10.47995896584819,2.8093875310883427e-05,-10.772897341930781,2.095994459400369e-05,-10.156422694067501,3.8825912198733957e-05,-10.409972632326966,3.013049933341491e-05,-9.655844067393964,6.405015770586979e-05,-10.261536129573384,3.4951955846625704e-05,-10.74392032623291,2.1576186544613966e-05,-9.105404352328584,0.00011106395489727291
2024-02-06,-11.469198701852372,1.0446968661726983e-05,-10.752219673539214,2.1397859302378157e-05,-10.146485076201206,3.921367279464497e-05,-10.592857826323467,2.509460120682719e-05,-10.47995896584819,2.8093875310883427e-05,-10.35627242720305,3.1792745370643994e-05,-10.494964599609375,2.7675456081121537e-05,-9.105404352290073,0.00011106395490155014
2024-02-07,-11.36383883579027,1.160773541713668e-05,-11.017317183862177,1.641496426702219e-05,-10.265851051966791,3.480146577962201e-05,-10.813343108312184,2.0129118526607853e-05,-11.469198701852372,1.0446968661726983e-05,-10.85563846783641,1.9295503512262728e-05,-10.65311336517334,2.3627166970463002e-05,-9.10540435225302,0.0001110639549056654
2024-02-08,-12.581486924075332,3.4350230427945407e-06,-11.149631445534073,1.4380586142719928e-05,-10.319000457765192,3.3000083778282206e-05,-10.87862933330365,1.8856943936635314e-05,-11.36383883579027,1.160773541713668e-05,-11.100554955489017,1.510393947948244e-05,-10.978769302368164,1.706008041305528e-05,-9.10540435221737,0.00011106395490962479
2024-02-09,-11.530488591364595,9.825902063303843e-06,-11.485193544899914,1.0281200291291326e-05,-10.435530065651264,2.937019816306839e-05,-11.408291459758392,1.1103041704431394e-05,-12.581486924075332,3.4350230427945407e-06,-11.544109902209296,9.692967821663418e-06,-11.06660270690918,1.562555712606706e-05,-9.105404352183069,0.00011106395491343445
2024-02-12,-10.85631367962266,1.9282479358395537e-05,-11.289175140131238,1.2507586970613428e-05,-10.370564330210703,3.134159809322102e-05,-11.272903718717355,1.2712767955274811e-05,-11.530488591364595,9.825902063303843e-06,-11.50033486006211,1.0126702002745797e-05,-11.402665138244629,1.1165687053021796e-05,-9.105404352150067,0.00011106395491709969
2024-02-13,-9.909079680075289,4.972117396503407e-05,-10.98460667454017,1.6960784470045404e-05,-10.252059032188152,3.5284773517720514e-05,-11.11276592108847,1.4920627281320832e-05,-10.85631367962266,1.9282479358395537e-05,-11.12288784145828,1.477036364132557e-05,-11.25395679473877,1.29559321355669e-05,-9.105404352118313,0.00011106395492062644
2024-02-14,-10.297310122044117,3.372368589139631e-05,-10.656230102226905,2.3553641942304008e-05,-10.098953805375448,4.1122554924261345e-05,-10.723615326580756,2.201876911836284e-05,-9.909079680075289,4.972117396503407e-05,-10.556642467451544,2.6020068105575336e-05,-11.0274076461792,1.625016254971458e-05,-9.105404352087763,0.0001110639549240194
2024-02-15,-11.403478938794766,1.1156604107109857e-05,-10.760960110164657,2.1211647640313266e-05,-10.150698723285421,3.904878784406655e-05,-10.742959958117048,2.159691757935233e-05,-10.297310122044117,3.372368589139631e-05,-10.411381176517668,3.008808906899346e-05,-10.647284507751465,2.3765288512340856e-05,-9.10540435205837,0.00011106395492728395
2024-02-16,-10.79765324125214,2.044743234107537e-05,-10.903344565652734,1.8396602343353636e-05,-10.216661177446582,3.65561480194821e-05,-10.966140475226702,1.7276895397496364e-05,-11.403478938794766,1.1156604107109857e-05,-10.822371491787866,1.9948203041602357e-05,-10.646589279174805,2.3781816564768667e-05,-9.105404352030089,0.000111063954930425
2024-02-20,-10.509351945066552,2.7280130396596376e-05,-10.966352300456691,1.727323610273445e-05,-10.244248646176555,3.5561440249775756e-05,-10.735946368705584,2.174892191671653e-05,-10.79765324125214,2.044743234107537e-05,-10.869351640768596,1.9032706941448963e-05,-10.948769569396973,1.7579632516975444e-05,-9.105404352002878,0.00011106395493344707
2024-02-21,-10.698282371363494,2.2583695019809676e-05,-10.71359272090698,2.224056418424603e-05,-10.127635027989381,3.995986318496804e-05,-10.629701317975504,2.418685345738657e-05,-10.509351945066552,2.7280130396596376e-05,-10.722100341884648,2.205215249787376e-05,-10.855634689331055,1.929557642056383e-05,-9.105404351976699,0.00011106395493635473
2024-02-22,-10.592024966422674,2.511551019982103e-05,-10.699653668409136,2.255274728966444e-05,-10.120741179956486,4.023629214402207e-05,-10.75115706013349,2.142060903947381e-05,-10.698282371363494,2.2583695019809676e-05,-10.717292812108553,2.215842412495794e-05,-10.684572219848633,2.289545314247499e-05,-9.10540435195151,0.00011106395493915228
2024-02-23,-11.128915596234519,1.4681599304928297e-05,-10.814898477579188,2.0097834649576888e-05,-10.176279982709834,3.806253919618601e-05,-10.738857715618325,2.1685695341944197e-05,-10.592024966422674,2.511551019982103e-05,-10.682277082782607,2.294806169445093e-05,-10.680351257324219,2.2992298238141722e-05,-9.105404351927273,0.0001110639549418441
2024-02-26,-11.767495836165532,7.752494959374789e-06,-10.902767131114649,1.8407228244516025e-05,-10.21640382778424,3.656555694247106e-05,-10.863429104640542,1.91457632956278e-05,-11.128915596234519,1.4681599304928297e-05,-10.85955387887945,1.922010139619774e-05,-10.702910423278809,2.2479417992690458e-05,-9.105404351903955,0.00011106395494443392
2024-02-27,-11.46766991002865,1.04629521165742e-05,-11.102775566927173,1.5070436710795923e-05,-10.300659360256505,3.361092616893775e-05,-11.131485136168621,1.4643922775621164e-05,-11.767495836165532,7.752494959374789e-06,-11.200064710304769,1.367331123291528e-05,-10.893092155456543,1.8586182020514134e-05,-9.10540435188152,0.00011106395494692567
2024-02-28,-11.877595220347974,6.944259434479535e-06,-11.170630714068768,1.4081752972886097e-05,-10.327051181440675,3.2735475794588615e-05,-11.129044921923143,1.467970071975865e-05,-11.46766991002865,1.04629521165742e-05,-11.278540161787694,1.2641314722636756e-05,-11.135025978088379,1.4592162651275373e-05,-9.105404351859935,0.00011106395494932294
2024-02-29,-10.284193281633671,3.4168947928846876e-05,-11.1679144981194,1.4120054048353914e-05,-10.326015701757335,3.2769390270543487e-05,-11.345685826586163,1.1820374929256118e-05,-11.877595220347974,6.944259434479535e-06,-11.398943015123836,1.120732455684805e-05,-11.152566909790039,1.4338434343935786e-05,-9.105404351839166,0.00011106395495162964
2024-03-01,-10.883718236429825,1.8761226530555103e-05,-10.933733075907607,1.7845965888808205e-05,-10.230088552813879,3.606857563229873e-05,-10.86654734184259,1.9086155248572105e-05,-10.284193281633671,3.4168947928846876e-05,-10.91821421096019,1.8125075151178927e-05,-11.251811027526855,1.2983762397897109e-05,-9.105404351819184,0.00011106395495384895
2024-03-04,-11.556031292925177,9.578100216275003e-06,-10.98475918485178,1.69581979727595e-05,-10.252123942385534,3.528248325043854e-05,-11.002308321336102,1.6663192359976807e-05,-10.883718236429825,1.8761226530555103e-05,-10.80348381652481,2.0328558934614337e-05,-10.899794578552246,1.846202610240764e-05,-9.105404351799958,0.0001110639549559842
2024-03-05,-9.917780777015608,4.929042193561064e-05,-11.093590590504768,1.5209495967025693e-05,-10.297002576646074,3.37340590508242e-05,-11.185299042710628,1.3876704726458891e-05,-11.556031292925177,9.578100216275003e-06,-11.078181991683595,1.5445667854850916e-05,-10.962438583374023,1.7340971123337175e-05,-9.105404351781461,0.00011106395495803858
2024-03-06,-10.624479413717523,2.4313485232192415e-05,-10.78398122085658,2.0728909851647266e-05,-10.161705643326332,3.862133772873084e-05,-10.593795231177985,2.5071088428051968e-05,-9.917780777015608,4.929042193561064e-05,-10.612738452243091,2.4600631312559082e-05,-11.142948150634766,1.4477017722140452e-05,-9.105404351763662,0.00011106395496001542
2024-03-07,-10.96428865015089,1.7308918827369486e-05,-10.738697761323676,2.1689164339479713e-05,-10.139928756073632,3.947161483819413e-05,-10.699509264630722,2.2556004226738035e-05,-10.624479413717523,2.4313485232192415e-05,-10.57184244516861,2.5627554307811616e-05,-10.724413871765137,2.200119315485187e-05,-9.10540435174654,0.00011106395496191708
2024-03-08,-9.52934032472386,7.268755836528973e-05,-10.858443795432809,1.9241449159307425e-05,-10.196403698096171,3.730423502944754e-05,-10.854528968216101,1.9316923746756936e-05,-10.96428865015089,1.7308918827369486e-05,-10.77118571128462,2.0995850997997176e-05,-10.72254467010498,2.204235628072891e-05,-9.105404351730064,0.00011106395496374695
2024-03-11,-10.770768281277979,2.1004617125713783e-05,-10.594764949882379,2.5046788308708136e-05,-10.06730869140597,4.2444692120722234e-05,-10.323930827951646,3.2837781582801643e-05,-9.52934032472386,7.268755836528973e-05,-10.276844595636517,3.442096967821561e-05,-10.823458671569824,1.992652754328586e-05,-9.105404351714212,0.00011106395496550755
2024-03-12,-9.784881701594449,5.629630240634942e-05,-10.580447394870669,2.540797657456858e-05,-10.059801918253376,4.276451370818612e-05,-10.603782714125662,2.4821937625651056e-05,-10.770768281277979,2.1004617125713783e-05,-10.47655351786331,2.8189710630428824e-05,-10.471414566040039,2.8334949062291443e-05,-9.10540435169896,0.00011106395496720148
2024-03-13,-11.253795526488727,1.2958021684554502e-05,-10.777694735218258,2.0859632307637542e-05,-10.158713054611816,3.873708861917682e-05,-10.29072136127479,3.394661680273125e-05,-9.784881701594449,5.629630240634942e-05,-10.269611844173184,3.4670830498391336e-05,-10.635704040527344,2.4042101374625858e-05,-9.105404351684285,0.00011106395496883128
2024-03-14,-10.003385609719425,4.524648322064302e-05,-10.839557636279986,1.9608299523477482e-05,-10.187733661651112,3.762907023845157e-05,-10.752077558129933,2.1400900484004913e-05,-11.253795526488727,1.2958021684554502e-05,-10.676592388588238,2.307888590304025e-05,-10.458931922912598,2.8690860858040565e-05,-9.105404351670167,0.00011106395497039934
2024-03-15,-10.840810642235903,1.9583745593711803e-05,-10.792256475027559,2.0558080656304984e-05,-10.165629930620605,3.847007350006223e-05,-10.315051686528946,3.313065118064183e-05,-10.003385609719425,4.524648322064302e-05,-10.49385748187107,2.7706113036762962e-05,-10.836997032165527,1.9658572953621922e-05,-9.105404351656583,0.000111063954971908
2024-03-18,-11.00444103223479,1.662769245699454e-05,-10.768351867946567,2.1055434335522152e-05,-10.1542473060779,3.891046555665161e-05,-10.665155933047782,2.334434159842757e-05,-10.840810642235903,1.9583745593711803e-05,-10.633030288171245,2.4106470014375574e-05,-10.574478149414062,2.5560096592467344e-05,-9.105404351643513,0.00011106395497335967
2024-03-19,-10.720396687683072,2.2089753760810734e-05,-10.876809658391021,1.8891288683105506e-05,-10.204750002959113,3.699417822541703e-05,-10.7364680899197,2.1737578002206145e-05,-11.00444103223479,1.662769245699454e-05,-10.836408517369396,1.967014571971398e-05,-10.732222557067871,2.1830061786290676e-05,-9.105404351630938,0.00011106395497475627
2024-03-20,-10.45050847923836,2.8933557443923286e-05,-10.923087982390033,1.8036952596773298e-05,-10.225410855158959,3.6237688745595454e-05,-10.726351917173417,2.1958595135262796e-05,-10.720396687683072,2.2089753760810734e-05,-10.808227021413032,2.0232364729265665e-05,-10.822527885437012,1.9945083513278347e-05,-9.105404351618839,0.00011106395497610002
2024-03-21,-12.094580644559318,5.589724007483579e-06,-10.904019024134925,1.8384198782173385e-05,-10.216961664217093,3.6545165030825434e-05,-10.582228653890008,2.536275867148676e-05,-10.45050847923836,2.8933557443923286e-05,-10.66692738019565,2.330302493702955e-05,-10.817336082458496,2.004890373112296e-05,-9.105404351607199,0.00011106395497739285
2024-03-22,-12.474060786573006,3.824584260826321e-06,-11.18579178321465,1.386986879628596e-05,-10.332798979880117,3.2547858587375945e-05,-11.228154943186073,1.3294569117138856e-05,-12.094580644559318,5.589724007483579e-06,-11.163866186543414,1.4177332288465747e-05,-10.76512622833252,2.112346123475271e-05,-9.105404351595999,0.00011106395497863675
2024-03-25,-12.692876904420434,3.0729366058792494e-06,-11.482384740016766,1.031011877104529e-05,-10.43465859358299,2.939580462644539e-05,-11.483267605971097,1.0301020335137857e-05,-12.474060786573006,3.824584260826321e-06,-11.60814762073274,9.091709344691294e-06,-11.212563514709473,1.3503474777552032e-05,-9.105404351585221,0.00011106395497983371
2024-03-26,-11.57211112788682,9.42531759715731e-06,-11.494436068100553,1.0186613841129003e-05,-10.438385789160073,2.9286444643082316e-05,-11.7006348172293,8.288555772279021e-06,-12.692876904420434,3.0729366058792494e-06,-11.829840073655188,7.2839295090211835e-06,-11.43689250946045,1.0789981325048665e-05,-9.105404351574855,0.0001110639549809851
2024-03-27,-11.049971043067776,1.5887609280652788e-05,-11.24366027693479,1.3090022267518413e-05,-10.354243142118253,3.185732742016191e-05,-11.458730825587207,1.0556900610213772e-05,-11.57211112788682,9.42531759715731e-06,-11.601129165812516,9.155743544594193e-06,-11.549215316772461,9.643607312733132e-06,-9.105404351564879,0.00011106395498209307
2024-03-28,-12.024298262862505,5.996717853277057e-06,-11.147887396469974,1.44056884740092e-05,-10.318327129358956,3.302231115442041e-05,-11.354137764079558,1.1720890867961042e-05,-11.049971043067776,1.5887609280652788e-05,-11.227565150326857,1.3302412471820431e-05,-11.316516876220703,1.2170240661015622e-05,-9.105404351555281,0.00011106395498315902
2024-04-01,-10.865325391845923,1.9109491831079172e-05,-11.4614459847273,1.0528275823042527e-05,-10.428108688962157,2.9588976280347202e-05,-11.62727571666013,8.91945495748572e-06,-12.024298262862505,5.996717853277057e-06,-11.371614185151685,1.1517831190297415e-05,-11.1693754196167,1.4099440818673046e-05,-9.105404351546046,0.00011106395498418473
2024-04-02,-11.427394290835291,1.089295518660253e-05,-11.053668743265394,1.5828970146459418e-05,-10.280873052288534,3.428258521899137e-05,-11.161971691421043,1.4204216633423773e-05,-10.865325391845923,1.9109491831079172e-05,-11.1357858685428,1.458107841810216e-05,-11.366341590881348,1.1578720422084156e-05,-9.10540435153716,0.00011106395498517157
2024-04-03,-10.948926730994996,1.7576869890931456e-05,-10.9839229458177,1.6972385010902787e-05,-10.251767959244122,3.529504545549682e-05,-11.227610953642264,1.3301803191179951e-05,-11.427394290835291,1.089295518660253e-05,-11.127057796178695,1.4708900132824147e-05,-11.099126815795898,1.5125525425179614e-05,-9.105404351528612,0.00011106395498612092
2024-04-04,-9.29810248860115,9.159787469242248e-05,-10.98006723167238,1.703795199842028e-05,-10.25012438744529,3.535310309472584e-05,-11.043193977677877,1.5995646321182055e-05,-10.948926730994996,1.7576869890931456e-05,-11.036523967742685,1.610269404889733e-05,-11.087039947509766,1.5309454985718164e-05,-9.105404351520388,0.00011106395498703437
2024-04-05,-9.92933668140647,4.872410498669485e-05,-10.422754765023738,2.9747818243234658e-05,-9.973753036061414,4.66073158781518e-05,-10.416823539245785,2.992478356147071e-05,-9.29810248860115,9.159787469242248e-05,-10.263245717856586,3.489225344024353e-05,-10.934508323669434,1.7832136205103597e-05,-9.105404351512474,0.0001110639549879133
2024-04-08,-11.742240720798403,7.950778410677953e-06,-10.45249946581459,2.8876008428119323e-05,-9.990454844853142,4.5835353925366476e-05,-10.42442732069895,2.969810494672405e-05,-9.92933668140647,4.872410498669485e-05,-10.09503179227843,4.128415481455365e-05,-10.41659164428711,2.9931723772586954e-05,-9.105404351504859,0.00011106395498875908
2024-04-09,-9.493985849018172,7.530335650756733e-05,-10.872440900395606,1.8974000694410138e-05,-10.202772214688137,3.706741727900245e-05,-11.015109646055286,1.6451240947580297e-05,-11.742240720798403,7.950778410677953e-06,-10.791660155353947,2.057034350017618e-05,-10.34925651550293,3.20165847654131e-05,-9.105404351497533,0.0001110639549895727
2024-04-10,-10.451683359839349,2.8899583929884066e-05,-10.688031020795364,2.2816399122342052e-05,-10.114955823748966,4.046974808828933e-05,-10.213220148336134,3.668215546228792e-05,-9.493985849018172,7.530335650756733e-05,-10.33911516402362,3.234292818942022e-05,-10.863849639892578,1.9137713519960696e-05,-9.105404351490487,0.00011106395499035534
2024-04-11,-9.318804608423127,8.972109816957432e-05,-10.58331837779879,2.5335135320616268e-05,-10.061311288316329,4.270001491995335e-05,-10.450356159228534,2.8937964939343815e-05,-10.451683359839349,2.8899583929884066e-05,-10.37691898856256,3.114306442006273e-05,-10.433196067810059,2.943882820220292e-05,-9.105404351483704,0.00011106395499110859
2024-04-12,-9.875742888625373,5.140665657051122e-05,-10.501953782736699,2.7482701633155495e-05,-10.017740337866195,4.4601621733297694e-05,-10.120566056653567,4.0243339073422295e-05,-9.318804608423127,8.972109816957432e-05,-10.000441449325482,4.537989241717596e-05,-10.496463775634766,2.7633996786028664e-05,-9.10540435147718,0.00011106395499183324
2024-04-15,-8.852045061457234,0.00014308881144049995,-10.260796208745766,3.497782709688072e-05,-9.879022577325221,5.1238334912057823e-05,-10.273557391177246,3.453430461873984e-05,-9.875742888625373,5.140665657051122e-05,-9.984640648834983,4.6102625890523844e-05,-10.261696815490723,3.494634001074268e-05,-9.105404351470902,0.00011106395499253045
2024-04-16,-10.46069253198836,2.864039190910395e-05,-9.703757007442427,6.105368447654932e-05,-9.507026327687772,7.432773977348136e-05,-9.729817076266421,5.948317394377907e-05,-8.852045061457234,0.00014308881144049995,-9.5607136973814,7.04425060852801e-05,-10.286115646362305,3.4103325843533845e-05,-9.10540435146486,0.00011106395499320144
2024-04-17,-9.638967966887234,6.51402469611221e-05,-10.073779549644037,4.217092524363993e-05,-9.761855849969498,5.7607611783773387e-05,-10.264423281084703,3.4851189787914756e-05,-10.46069253198836,2.864039190910395e-05,-10.03575399237762,4.380537670132978e-05,-9.908062934875488,4.977175343885277e-05,-9.10540435145905,0.00011106395499384677
2024-04-18,-9.846654162822587,5.292397210702299e-05,-10.165552239619572,3.8473062394685876e-05,-9.820373940689342,5.433326297911676e-05,-9.95674423690844,4.740683046971509e-05,-9.638967966887234,6.51402469611221e-05,-10.009231839469283,4.498273360599514e-05,-10.202043533325195,3.7094437458501065e-05,-9.105404351453458,0.00011106395499446784
2024-04-19,-9.664614365740775,6.349087483734923e-05,-10.145693196653578,3.9244737598286396e-05,-9.807876351166966,5.501655867820062e-05,-10.047479586064313,4.3294732307851094e-05,-9.846654162822587,5.292397210702299e-05,-10.035044561086991,4.383646463233113e-05,-10.05781364440918,4.284962585734286e-05,-9.10540435144808,0.00011106395499506522
2024-04-22,-9.339174980831624,8.791193520782734e-05,-10.014903238435048,4.4728340641017885e-05,-9.723299471504756,5.987212790875188e-05,-9.969678402320461,4.679761104828117e-05,-9.664614365740775,6.349087483734923e-05,-9.984095021896701,4.612778758896123e-05,-10.098353385925293,4.11472531199745e-05,-9.105404351442903,0.00011106395499564013
2024-04-23,-10.866063881007502,1.9095384888032032e-05,-10.091901395693402,4.1413593082655894e-05,-9.773564876027434,5.693701642712101e-05,-9.907704016324638,4.978962065071539e-05,-9.339174980831624,8.791193520782734e-05,-9.786909950345304,5.6182235218735404e-05,-10.054965019226074,4.297186240103602e-05,-9.105404351437922,0.00011106395499619334
2024-04-24,-10.335164651546858,3.247095204418446e-05,-10.438770869206664,2.9275169188730242e-05,-9.982773234287944,4.618879904022299e-05,-10.35860928851291,3.171853687530446e-05,-10.866063881007502,1.9095384888032032e-05,-10.328282478305756,3.2695193510680066e-05,-10.046825408935547,4.3323063997484245e-05,-9.105404351433132,0.00011106395499672542
2024-04-25,-9.472266201000025,7.695681012080892e-05,-10.578462201242177,2.545846642726255e-05,-10.058757034938118,4.28092209879227e-05,-10.246583606923487,3.5478502548508255e-05,-10.335164651546858,3.247095204418446e-05,-10.465810856893938,2.8494175588413294e-05,-10.53067684173584,2.670454341347536e-05,-9.105404351428522,0.00011106395499723738
2024-04-26,-10.425587922901302,2.9663657254617597e-05,-10.328874348049077,3.267584794048265e-05,-9.919616933114275,4.920000006650544e-05,-9.944678540362936,4.798229158862901e-05,-9.472266201000025,7.695681012080892e-05,-10.101721810153535,4.10088848879226e-05,-10.522648811340332,2.6919791151342553e-05,-9.105404351424086,0.00011106395499773002
2024-04-29,-10.670601641795725,2.3217560632592547e-05,-10.490097415503985,2.7810485962148777e-05,-10.011253957425382,4.489186511702081e-05,-10.263970238085932,3.4866982452554966e-05,-10.425587922901302,2.9663657254617597e-05,-10.291001650462887,3.3937103266401924e-05,-10.294839859008789,3.38070952451755e-05,-9.105404351419818,0.0001110639549982041
2024-04-30,-10.098905700484247,4.112453316787311e-05,-10.724282348944778,2.20040870041263e-05,-10.132888903188338,3.975046959637874e-05,-10.437383607697589,2.931580968709928e-05,-10.670601641795725,2.3217560632592547e-05,-10.535673528971547,2.6571441972329117e-05,-10.472594261169434,2.8301542169739543e-05,-9.105404351415713,0.00011106395499866003
2024-05-01,-8.932612070145778,0.00013201274722610007,-10.523740161366005,2.6890428262087768e-05,-10.029568345232398,4.407718108100738e-05,-10.197141676314324,3.727671547221682e-05,-10.098905700484247,4.112453316787311e-05,-10.420525867609491,2.9814197026665134e-05,-10.625040054321289,2.4299857925519854e-05,-9.105404351411762,0.00011106395499909881
2024-05-02,-9.529876744520946,7.264857777589536e-05,-9.974419301312288,4.657627338556105e-05,-9.696336514317657,6.150841800936831e-05,-9.738202097388719,5.898649153018655e-05,-8.932612070145778,0.00013201274722610007,-9.80576192238892,5.513301034412965e-05,-10.462000846862793,2.8602945759378383e-05,-9.10540435140796,0.00011106395499952101
2024-05-03,-10.51869323611666,2.7026485289475446e-05,-10.262344869307121,3.492370023841733e-05,-9.879958403420716,5.119040717067079e-05,-9.893616511636651,5.049599601607855e-05,-9.529876744520946,7.264857777589536e-05,-9.730357218589965,5.945105323965013e-05,-10.110167503356934,4.0663994895153146e-05,-9.105404351404303,0.00011106395499992722
2024-05-06,-11.922281814254077,6.640775465951774e-06,-10.606798141237652,2.4747201619082732e-05,-10.073578206683612,4.2179416917413025e-05,-10.175178768497151,3.810447729249542e-05,-10.51869323611666,2.7026485289475446e-05,-10.168022544374343,3.8378139498234386e-05,-10.16496753692627,3.84955642757018e-05,-9.105404351400784,0.00011106395500031806
2024-05-07,-11.6877965206679,8.395652709480567e-06,-11.107874272289244,1.4993792553359886e-05,-10.302680570742577,3.354306002150733e-05,-10.69480539824509,2.2662354589667525e-05,-11.922281814254077,6.640775465951774e-06,-10.953280829581976,1.750050483770613e-05,-10.493463516235352,2.7717030443599118e-05,-9.105404351397398,0.00011106395500069409
2024-05-08,-11.779808511189975,7.65762625062234e-06,-11.204482629001157,1.3613036897171447e-05,-10.33981066432684,3.2320441493715686e-05,-10.773619414957395,2.094481544620516e-05,-11.6877965206679,8.395652709480567e-06,-11.303055754188488,1.233517335477288e-05,-10.964523315429688,1.7304857501651868e-05,-9.10540435139414,0.00011106395500105591
2024-05-09,-11.207770019972687,1.3568358999674956e-05,-11.233435072025133,1.322455707829311e-05,-10.350510737298595,3.1976454038654344e-05,-11.030720374434843,1.6196419244708857e-05,-11.779808511189975,7.65762625062234e-06,-11.41445616735934,1.1034805243858587e-05,-11.024185180664062,1.6302612602000768e-05,-9.105404351391007,0.00011106395500140393
2024-05-10,-11.021188144616866,1.63515454096996e-05,-11.180070615368615,1.394944806979838e-05,-10.33063635100127,3.261832369377507e-05,-11.021485702427675,1.634668060346059e-05,-11.207770019972687,1.3568358999674956e-05,-11.26571429743763,1.2804494735875083e-05,-11.089917182922363,1.526546938848918e-05,-9.105404351387993,0.00011106395500173873
2024-05-13,-11.458681800494523,1.0557418175931395e-05,-11.16794770434466,1.4119585182443164e-05,-10.326028371190667,3.2768975103568097e-05,-11.014936576052799,1.6454088410290098e-05,-11.021188144616866,1.63515454096996e-05,-11.075296473938655,1.5490300967378904e-05,-11.022443771362305,1.633102685647183e-05,-9.10540435138509,0.0001110639550020611
2024-05-14,-11.520982890205698,9.919749488064175e-06,-11.117903207984163,1.4844172292068317e-05,-10.306638070968225,3.341057568022056e-05,-11.119584257552468,1.4819239465175369e-05,-11.458681800494523,1.0557418175931395e-05,-11.144295845008537,1.445752026806298e-05,-11.005363464355469,1.661236161129877e-05,-9.1054043513823,0.00011106395500237105
2024-05-15,-11.161842887231371,1.4206046313869883e-05,-11.18339885052632,1.3903098200719175e-05,-10.331895376078945,3.2577282247779155e-05,-11.138399164356692,1.4543023492955829e-05,-11.520982890205698,9.919749488064175e-06,-11.236440952616109,1.3184865323071167e-05,-11.075987815856934,1.547959557396341e-05,-9.105404351379613,0.00011106395500266934
2024-05-16,-11.257588248209816,1.2908968595408802e-05,-11.177394069476327,1.3986834418549053e-05,-10.32962196028513,3.265142820612245e-05,-11.008179174593199,1.6565651806135742e-05,-11.161842887231371,1.4206046313869883e-05,-11.151163298504489,1.43585740630601e-05,-11.09910774230957,1.5125813924433352e-05,-9.105404351377029,0.0001110639550029564
2024-05-17,-11.672696949990897,8.523385388373184e-06,-11.153370480340776,1.4326917028460849e-05,-10.32044156541094,3.295256135592661e-05,-11.046312373961786,1.594584325034958e-05,-11.257588248209816,1.2908968595408802e-05,-11.121261313127242,1.4794407605041119e-05,-11.046595573425293,1.5941328035479313e-05,-9.105404351374544,0.00011106395500323241
2024-05-20,-11.596738870314224,9.196028330612497e-06,-11.289253535570381,1.2506606471274086e-05,-10.370592031904565,3.134072988989092e-05,-11.234145831074875,1.3215160944260092e-05,-11.672696949990897,8.523385388373184e-06,-11.26119121801369,1.2862541659009178e-05,-11.074566841125488,1.5501607323493155e-05,-9.105404351372151,0.00011106395500349816
2024-05-21,-12.142423087567453,5.328594303124556e-06,-11.293448328210687,1.2454253731704304e-05,-10.37207225042574,3.129437307861023e-05,-11.239775191039296,1.3140977046155397e-05,-11.596738870314224,9.196028330612497e-06,-11.323226049177693,1.2088861709482137e-05,-11.22461223602295,1.3341751409555603e-05,-9.105404351369849,0.00011106395500375384
2024-05-22,-10.702417021615753,2.2490512111615863e-05,-11.453396791537203,1.0613361926954816e-05,-10.425565664649492,2.9664317523118576e-05,-11.465870364301669,1.0481797628942104e-05,-12.142423087567453,5.328594303124556e-06,-11.50148519087433,1.0115059642972268e-05,-11.26219367980957,1.2849653913213784e-05,-9.105404351367635,0.00011106395500399967
2024-05-23,-9.78179989132728,5.647006454255038e-05,-11.050568854855086,1.5878114318935428e-05,-10.279604532870652,3.4326100938469195e-05,-11.036213124268828,1.6107700244285215e-05,-10.702417021615753,2.2490512111615863e-05,-11.139046326635706,1.4533614841518903e-05,-11.424171447753906,1.0928118103707965e-05,-9.105404351365506,0.00011106395500423622
2024-05-24,-11.309042125448233,1.2261551012718827e-05,-10.886273638567493,1.8713345256184795e-05,-10.209018246730812,3.683661455390364e-05,-10.648027784313726,2.3747630893454322e-05,-9.78179989132728,5.647006454255038e-05,-10.485852129153672,2.7928800400240993e-05,-11.108683586120605,1.4981662778721157e-05,-9.105404351363456,0.00011106395500446389
2024-05-28,-10.794645408359491,2.0509027388007345e-05,-10.993976132094934,1.6802613266157867e-05,-10.256036233554944,3.51447175682343e-05,-11.056523602625695,1.5783845106342702e-05,-11.309042125448233,1.2261551012718827e-05,-10.759881743421378,2.1234533913378787e-05,-10.760695457458496,2.121726210317203e-05,-9.105404351361482,0.00011106395500468307
2024-05-29,-12.214035231431104,4.960345157558707e-06,-11.119163253256517,1.4825479742152475e-05,-10.30713359683491,3.3394023976987366e-05,-10.858835509826381,1.923391348273138e-05,-10.794645408359491,2.0509027388007345e-05,-10.824899957668507,1.989782840294679e-05,-11.084583282470703,1.5347111424237994e-05,-9.105404351359585,0.00011106395500489379
2024-05-30,-10.91632478902821,1.8159353438564813e-05,-11.2282433222728,1.3293394207181363e-05,-10.348606360015372,3.203740729189763e-05,-11.279665410379557,1.2627098101162525e-05,-12.214035231431104,4.960345157558707e-06,-11.277422053516961,1.265545698599854e-05,-11.015891075134277,1.6438390491032492e-05,-9.105404351357759,0.0001110639550050966
2024-05-31,-8.97203624662149,0.00012690950981370005,-11.064191380946776,1.5663280901523032e-05,-10.285161754022253,3.4135872265249604e-05,-10.934528204315534,1.7831781694238462e-05,-10.91632478902821,1.8159353438564813e-05,-11.166453634640634,1.4140696593930679e-05,-11.27953052520752,1.2628801424336177e-05,-9.105404351356002,0.00011106395500529172
2024-06-03,-9.43120979222488,8.018213750902843e-05,-10.548704245234108,2.6227443194094022e-05,-10.042976604235436,4.349012730060427e-05,-10.312286184193782,3.322240088237944e-05,-8.97203624662149,0.00012690950981370005,-10.160179080205522,3.868034066297726e-05,-10.960561752319336,1.7373547757316465e-05,-9.105404351354313,0.00011106395500547934
2024-06-04,-10.481642028036939,2.8046631340035087e-05,-10.547854844814733,2.6249730259323513e-05,-10.042522936565643,4.3509861841438865e-05,-10.293535488741302,3.3851220986939975e-05,-9.43120979222488,8.018213750902843e-05,-9.803670277914808,5.5248449687502374e-05,-10.449132919311523,2.8973384672173592e-05,-9.105404351352686,0.00011106395500566006
2024-06-05,-10.257996216385711,3.5075901985918084e-05,-10.671176618082074,2.3204214922902927e-05,-10.106506283986839,4.08131475746583e-05,-10.571939989501043,2.562505460705256e-05,-10.481642028036939,2.8046631340035087e-05,-10.153619288414664,3.893490969117667e-05,-10.401597023010254,3.038392042088641e-05,-9.105404351351122,0.00011106395500583367
2024-06-06,-11.29656258761943,1.2415528286680808e-05,-10.812868892874677,2.01386663290353e-05,-10.175330542887137,3.8098694447553614e-05,-10.348105256963347,3.2053465357507404e-05,-10.257996216385711,3.5075901985918084e-05,-10.312031289718,3.323087016817781e-05,-10.71385383605957,2.2234757594062714e-05,-9.105404351349616,0.00011106395500600097
2024-06-07,-10.311156794045266,3.325994313057821e-05,-10.982408074923086,1.6998115467207067e-05,-10.251122650203031,3.5317829017863696e-05,-10.665172335450961,2.3343958698264956e-05,-11.29656258761943,1.2415528286680808e-05,-10.781566086715582,2.0779033452782118e-05,-10.732009887695312,2.1834704865536555e-05,-9.105404351348168,0.00011106395500616176
2024-06-10,-11.083771368349835,1.5359577020529922e-05,-11.01401374957774,1.6469279687076184e-05,-10.264470032408221,3.484956048675227e-05,-10.484428217943488,2.7968596858805598e-05,-10.311156794045266,3.325994313057821e-05,-10.680567357781303,2.298733012880772e-05,-11.006315231323242,1.659655803611383e-05,-9.105404351346774,0.00011106395500631664
2024-06-11,-10.26823419268504,3.471862773603082e-05,-10.951517949734322,1.753138333455132e-05,-10.237841417599434,3.579002203186215e-05,-10.829303556413102,1.9810398994072545e-05,-11.083771368349835,1.5359577020529922e-05,-10.82075120633822,1.9980551024142955e-05,-10.821105003356934,1.9973483215116978e-05,-9.105404351345435,0.00011106395500646539
2024-06-12,-10.689043980016285,2.2793298742309597e-05,-10.960125017050677,1.7381137055500275e-05,-10.241565543323514,3.565698337025952e-05,-10.574331532647037,2.5563844405934033e-05,-10.26823419268504,3.471862773603082e-05,-10.636852995739162,2.4014493939838515e-05,-10.982659339904785,1.6993844972570623e-05,-9.105404351344143,0.00011106395500660882
2024-06-13,-10.5748105980814,2.5551600584739615e-05,-10.975305634114022,1.7119273325122192e-05,-10.24808964640813,3.54251107379933e-05,-10.72455584360897,2.1998069826610726e-05,-10.689043980016285,2.2793298742309597e-05,-10.645232291349307,2.3814110106331153e-05,-10.793394088745117,2.053470679947458e-05,-9.105404351342903,0.00011106395500674653
2024-06-14,-11.23304692829025,1.3229691103575067e-05,-11.006791131235534,1.6588661614702255e-05,-10.26144132317275,3.495526967283813e-05,-10.625949746912234,2.4277762576315467e-05,-10.5748105980814,2.5551600584739615e-05,-10.653763980607234,2.361179977058361e-05,-10.888352394104004,1.8674485190408895e-05,-9.105404351341708,0.0001110639550068793
2024-06-17,-9.810221283276018,5.4887699725021446e-05,-10.985326726901407,1.694857621295897e-05,-10.252365445062644,3.5273963465095376e-05,-10.883104186880324,1.877275039100284e-05,-11.23304692829025,1.3229691103575067e-05,-10.8878838112063,1.8683237785290516e-05,-10.885153770446777,1.87343134735969e-05,-9.10540435134056,0.00011106395500700675
2024-06-18,-12.305896595154126,4.524983645133178e-06,-10.78702404727598,2.066593124218584e-05,-10.163150596012299,3.856557202215055e-05,-10.367771881499706,3.142924020952328e-05,-9.810221283276018,5.4887699725021446e-05,-10.47997871720856,2.8093320424107888e-05,-11.057962417602539,1.576115140354627e-05,-9.105404351339454,0.00011106395500712966
2024-06-20,-10.339344829839973,3.233550097733532e-05,-11.286614955028174,1.2539649734242702e-05,-10.369658895101843,3.136998872750135e-05,-11.243844750861651,1.3087607722425177e-05,-12.305896595154126,4.524983645133178e-06,-11.08476001564723,1.5344399320151917e-05,-10.685275077819824,2.287936654468875e-05,-9.105404351338391,0.00011106395500724764
2024-06-21,-11.372989933010498,1.1501996453499331e-05,-11.145554085426681,1.443934067126575e-05,-10.317425175686672,3.305210918543506e-05,-10.650794834587636,2.3682010833756653e-05,-10.339344829839973,3.233550097733532e-05,-10.874333174080324,1.89381306408848e-05,-11.257868766784668,1.2905347897795813e-05,-9.105404351337368,0.00011106395500736128
2024-06-24,-10.440363191178758,2.9228590787341827e-05,-11.150955438804747,1.4361558942160861e-05,-10.319511133100182,3.2983235751745985e-05,-11.003997785361992,1.6635064263322317e-05,-11.372989933010498,1.1501996453499331e-05,-10.969435264507325,1.7220065340679778e-05,-10.852285385131836,1.9360311523956738e-05,-9.105404351336382,0.00011106395500747077
2024-06-25,-11.448088579947056,1.066984968960568e-05,-11.082903582648076,1.5372911626806936e-05,-10.292722323686986,3.3878758811773476e-05,-10.662265741981575,2.3411908799989446e-05,-10.440363191178758,2.9228590787341827e-05,-10.792714640678618,2.054866380729967e-05,-11.008340835571289,1.6562974003116017e-05,-9.105404351335435,0.00011106395500757593
2024-06-26,-11.286664241209628,1.2539031718020483e-05,-11.107665114433125,1.4996928950855096e-05,-10.302597779465275,3.354583720925301e-05,-11.085022853663439,1.5340366758653143e-05,-11.448088579947056,1.066984968960568e-05,-10.98407258901902,1.6969845398898292e-05,-10.77463150024414,2.0923628230101827e-05,-9.105404351334524,0.00011106395500767714
2024-06-27,-11.747390109323481,7.909941995085012e-06,-11.212415105121819,1.3505478971392774e-05,-10.342761737210168,3.222520211354118e-05,-10.970567649507636,1.7200576633426027e-05,-11.286664241209628,1.2539031718020483e-05,-11.11133610475241,1.4941976296900428e-05,-11.031964302062988,1.617628459695194e-05,-9.105404351333647,0.0001110639550077746
2024-06-28,-9.46877880787068,7.722565728708631e-05,-11.273507351959369,1.2705096421568327e-05,-10.364999755289968,3.151648690361202e-05,-11.21819015191171,1.342770897723386e-05,-11.747390109323481,7.909941995085012e-06,-11.28369787231234,1.2576282333930072e-05,-11.074646949768066,1.5500365560511326e-05,-9.105404351332803,0.00011106395500786831
2024-07-01,-10.921850233361994,1.8059291639530984e-05,-10.74435798789394,2.1566745541105502e-05,-10.142678766752182,3.936321659237025e-05,-10.411439666331159,3.0086329273741082e-05,-9.46877880787068,7.722565728708631e-05,-10.517619513189903,2.7055519831097463e-05,-11.24344539642334,1.3092835360426748e-05,-9.105404351331991,0.00011106395500795847
2024-07-02,-11.099536825435916,1.511932508513142e-05,-10.976210704555697,1.7103786186385608e-05,-10.24847683110836,3.5411397332093446e-05,-10.847198541303392,1.9459045313931516e-05,-10.921850233361994,1.8059291639530984e-05,-10.591950540492709,2.5117379514586072e-05,-10.702007293701172,2.249972899031853e-05,-9.10540435133121,0.00011106395500804528
2024-07-03,-12.1031128910557,5.542233990772044e-06,-11.218263271489088,1.3426727184722856e-05,-10.34492799041678,3.2155469722406106e-05,-10.870519357996205,1.9010495092768512e-05,-11.099536825435916,1.511932508513142e-05,-10.847482350432278,1.945352344284779e-05,-10.932455062866211,1.786878784622373e-05,-9.105404351330458,0.00011106395500812873
2024-07-05,-11.208284484421151,1.3561380356631415e-05,-11.379205967673226,1.1430721398460266e-05,-10.40146061551908,3.038806529793278e-05,-11.247002804096725,1.3046341555191108e-05,-12.1031128910557,5.542233990772044e-06,-11.282816409546134,1.2587372745719165e-05,-11.051244735717773,1.5867386231194697e-05,-9.105404351329735,0.00011106395500820903
2024-07-08,-11.893880833458045,6.832083815626494e-06,-11.23529447590059,1.319999013262563e-05,-10.351191260240277,3.195470073073946e-05,-10.96782835201511,1.7247758723254613e-05,-11.208284484421151,1.3561380356631415e-05,-11.257057404950748,1.2915823053529669e-05,-11.355669975280762,1.1702945739059597e-05,-9.10540435132904,0.00011106395500828617
2024-07-09,-12.549624962178207,3.546231873904163e-06,-11.309576749700598,1.2254997442180782e-05,-10.377726136748937,3.11179374940384e-05,-11.369910198740516,1.1537474149046318e-05,-11.893880833458045,6.832083815626494e-06,-11.368626517948831,1.1552294092999635e-05,-11.16242504119873,1.4197778614418287e-05,-9.105404351328371,0.00011106395500836055
2024-07-10,-11.058772976844384,1.5748381232803134e-05,-11.573146609122176,9.415562908918102e-06,-10.461974417816167,2.8603701717955082e-05,-11.706869560124591,8.237039520237071e-06,-12.549624962178207,3.546231873904163e-06,-11.672307554947775,8.526704998671987e-06,-11.315778732299805,1.2179227366508397e-05,-9.105404351327726,0.00011106395500843216
2024-07-11,-10.190199115252534,3.753641178121263e-05,-11.16451463449622,1.4168142006398875e-05,-10.324717147473438,3.281197074320417e-05,-11.28243987479604,1.2592113221391219e-05,-11.058772976844384,1.5748381232803134e-05,-11.35801061742706,1.1675585363941864e-05,-11.528971672058105,9.840818474483115e-06,-9.105404351327108,0.00011106395500850082
2024-07-12,-9.727500110262543,5.962115422168916e-05,-10.961741164984305,1.73530692537331e-05,-10.242262794637602,3.5632130157222796e-05,-10.882115971817548,1.8791311075172318e-05,-10.190199115252534,3.753641178121263e-05,-10.764755879651027,2.1131285729575804e-05,-11.225227355957031,1.33335471558667e-05,-9.105404351326511,0.0001110639550085671
2024-07-15,-10.072717022212016,4.221575682171799e-05,-10.85885100727396,1.9233615408475133e-05,-10.196589660922362,3.729729847346336e-05,-10.619763315664253,2.442842082329388e-05,-9.727500110262543,5.962115422168916e-05,-10.281428226054992,3.426355770930727e-05,-10.898177146911621,1.8491911329716646e-05,-9.105404351325937,0.00011106395500863084
2024-07-16,-11.706345562116887,8.241356843570683e-06,-10.737708374200928,2.1710633938501418e-05,-10.139447242407732,3.949062553674212e-05,-10.567324107666606,2.5743610240016956e-05,-10.072717022212016,4.221575682171799e-05,-10.197712440965402,3.725544531142236e-05,-10.689598083496094,2.278067239463481e-05,-9.105404351325385,0.0001110639550086922
2024-07-17,-10.996989537196368,1.6752056398043602e-05,-11.028137757544453,1.6238302451472917e-05,-10.270356076720455,3.4645036937287895e-05,-10.967212709625914,1.7258380443898525e-05,-11.706345562116887,8.241356843570683e-06,-10.830758200412586,1.9781602865184178e-05,-10.682806968688965,2.2935905061079592e-05,-9.105404351324854,0.00011106395500875119
2024-07-18,-9.391744612030703,8.340981146692613e-05,-11.03329624739543,1.6154753012816498e-05,-10.27249374718173,3.457105636640982e-05,-10.766655812292395,2.1091175825187934e-05,-10.996989537196368,1.6752056398043602e-05,-10.983514877369885,1.6979312319021707e-05,-11.109715461730957,1.4966211539546707e-05,-9.105404351324344,0.0001110639550088078
2024-07-19,-10.097324580650056,4.118960741447084e-05,-10.440108923877176,2.9236023607171833e-05,-9.983523963352011,4.615413677896054e-05,-10.234171855716404,3.592159699609426e-05,-9.391744612030703,8.340981146692613e-05,-10.31262853514098,3.3211029108648974e-05,-10.954874038696289,1.7472645073002208e-05,-9.105404351323852,0.00011106395500886245
2024-07-22,-10.689896734407426,2.2773869941893293e-05,-10.421133540396953,2.9796085254025028e-05,-9.972836453892343,4.6650054896752965e-05,-10.465044612092406,2.8516017469377073e-05,-10.097324580650056,4.118960741447084e-05,-10.211053052481947,3.676173540685255e-05,-10.38094425201416,3.10179573444744e-05,-9.10540435132338,0.00011106395500891493
2024-07-23,-10.925875422601445,1.7986745676715887e-05,-10.718432486866561,2.2133185113169642e-05,-10.13001727608162,3.9864782175372604e-05,-10.667058913082707,2.3299960024455245e-05,-10.689896734407426,2.2773869941893293e-05,-10.46856844800652,2.8415708542788126e-05,-10.330199241638184,3.263258458502731e-05,-9.105404351322925,0.00011106395500896544
2024-07-24,-9.907800804285205,4.9784801848079996e-05,-10.790574773230462,2.0592682304161435e-05,-10.164833817058245,3.8500712241661266e-05,-10.67537036707043,2.310710603751474e-05,-10.925875422601445,1.7986745676715887e-05,-10.71742488838642,2.2155497716034982e-05,-10.568221092224121,2.5720528972494792e-05,-9.105404351322486,0.00011106395500901416
2024-07-25,-8.742839803264358,0.0001596000111215999,-10.304495117876115,3.348224974633569e-05,-9.905208128866391,4.991404515063142e-05,-10.287714216711992,3.404885282908769e-05,-9.907800804285205,4.9784801848079996e-05,-10.44101982978268,2.9209404466221537e-05,-10.744457244873047,2.1564604997327635e-05,-9.105404351322065,0.00011106395500906093
2024-07-26,-9.95957818961507,4.727267194344078e-05,-9.839213952854974,5.331920606038255e-05,-9.603692836324878,6.747908659431263e-05,-9.892389583959165,5.055798897385398e-05,-8.742839803264358,0.0001596000111215999,-9.700863194253536,6.123061831718613e-05,-10.396578788757324,3.0536777266030286e-05,-9.10540435132166,0.00011106395500910591
2024-07-29,-10.441641790706592,2.9191243006477414e-05,-10.223550148298237,3.63051792321945e-05,-9.856343195438274,5.2413666192625046e-05,-10.209741713590297,3.680997412195506e-05,-9.95957818961507,4.727267194344078e-05,-9.852986028316394,5.2589923326288014e-05,-9.980443954467773,4.629651107477982e-05,-9.105404351321269,0.00011106395500914931
2024-07-30,-9.145774327508008,0.00010666960252899992,-10.43102748036383,2.9502738147580338e-05,-9.978420071840116,4.639030466085428e-05,-10.31746544559786,3.3050778206733e-05,-10.441641790706592,2.9191243006477414e-05,-10.216412573631578,3.656523714709069e-05,-10.196734428405762,3.7291899428238254e-05,-9.105404351320894,0.00011106395500919094
2024-07-31,-9.880827000631234,5.1145962630793056e-05,-9.975749158279871,4.651437477114944e-05,-9.697227999402328,6.145360860664376e-05,-9.785461316270332,5.626368169791064e-05,-9.145774327508008,0.00010666960252899992,-9.856854007316395,5.238689950631068e-05,-10.405322074890137,3.0270949283310944e-05,-9.105404351320534,0.00011106395500923099
2024-08-01,-8.124301512115254,0.0002962515859489,-10.20203472545998,3.709476418274533e-05,-9.843092219198411,5.311282044593719e-05,-9.993563683003652,4.569308049556225e-05,-9.880827000631234,5.1145962630793056e-05,-9.951861292114247,4.763888149086048e-05,-10.066849708557129,4.2464177977925006e-05,-9.105404351320187,0.00011106395500926946
2024-08-02,-9.159427920061022,0.00010522307684619991,-9.262837062655151,9.488574611245572e-05,-9.168382682698688,0.00010428503540653507,-9.424533600990799,8.071923969609867e-05,-8.124301512115254,0.0002962515859489,-9.18650866614316,0.00010241179503094652,-10.151862144470215,3.900338407402357e-05,-9.105404351319851,0.00011106395500930675
2024-08-05,-8.097287732534936,0.0003043635348943999,-9.297820234361087,9.16237322299634e-05,-9.196470819985931,0.00010139661804407557,-9.633054677238139,6.552658123670823e-05,-9.159427920061022,0.00010522307684619991,-9.243805808702804,9.670883363923099e-05,-9.770913124084473,5.708819963264687e-05,-9.10540435131953,0.00011106395500934246
2024-08-06,-8.336211449614924,0.00023967865971809987,-7.791751341280544,0.00041312872065263687,-7.859466395486155,0.00038607983035702473,-9.108314388561197,0.00011074122457060486,-8.097287732534936,0.0003043635348943999,-8.80009386212966,0.00015071892763200378,-9.695968627929688,6.153105028189676e-05,-9.10540435131922,0.00011106395500937679
2024-08-07,-8.485454321968913,0.00020644958372770014,-8.919306682543453,0.0001337809653239169,-8.883012617739084,0.00013872560817356782,-9.08390908994533,0.00011347714693059077,-8.336211449614924,0.00023967865971809987,-8.696434911846431,0.00016718076398873917,-8.9713773727417,0.0001269931547275119,-9.105404351318924,0.00011106395500940973
2024-08-08,-9.236179474258845,9.744918705130956e-05,-8.9353395604931,0.0001316531743210426,-8.896687149864363,0.0001368415118153723,-8.981955958651607,0.00012565682741882655,-8.485454321968913,0.00020644958372770014,-8.744874513088945,0.00015927560156254761,-8.877047538757324,0.00013955559037676787,-9.105404351318638,0.0001110639550094415
2024-08-09,-9.964705235001038,4.703092306716383e-05,-9.606173095524055,6.73119283526105e-05,-9.43511987722075,7.986923068102743e-05,-9.253230667943434,9.580164825739674e-05,-9.236179474258845,9.744918705130956e-05,-9.157191322846707,0.00010545868186530529,-8.88550853729248,0.00013837979195982056,-9.105404351318363,0.00011106395500947207
2024-08-12,-10.18891562536242,3.7584620317211285e-05,-10.078054672906617,4.19910241637715e-05,-9.764624889728246,5.744831466814619e-05,-9.513413060299909,7.385454107914427e-05,-9.964705235001038,4.703092306716383e-05,-9.735556133406025,5.914277433039152e-05,-9.20654010772705,0.0001003807494409252,-9.105404351318096,0.00011106395500950167
2024-08-13,-10.984498024501839,1.696262736004143e-05,-9.960807774401696,4.7214581905828027e-05,-9.687189434912398,6.207362143245629e-05,-9.746040344643989,5.852594810936191e-05,-10.18891562536242,3.7584620317211285e-05,-10.135026915165021,3.966557340318087e-05,-9.637116432189941,6.526096811377443e-05,-9.105404351317842,0.00011106395500952988
2024-08-14,-10.24107860518559,3.567435034332341e-05,-10.365412430545831,3.1503483512588576e-05,-9.940942184596299,4.816190584292356e-05,-10.195732193260774,3.73292934161229e-05,-10.984498024501839,1.696262736004143e-05,-10.61731776280251,2.4488234927211636e-05,-9.891420364379883,5.060701452107888e-05,-9.105404351317597,0.0001110639550095571
2024-08-15,-11.427610737988829,1.0890597692604417e-05,-10.572198441632418,2.5618432612843895e-05,-10.055453738819828,4.295086634091142e-05,-10.130703037836424,3.9837453803840126e-05,-10.24107860518559,3.567435034332341e-05,-10.56312130664096,2.5852033191990036e-05,-10.294690132141113,3.38121574546167e-05,-9.105404351317361,0.00011106395500958335
2024-08-16,-11.110637751424582,1.4952414720201304e-05,-10.795345011081501,2.049468423446056e-05,-10.167090199827696,3.841393783290392e-05,-10.639367447132972,2.395418651389973e-05,-11.427610737988829,1.0890597692604417e-05,-10.898829169331904,1.8479858118844666e-05,-10.351285934448242,3.1951675587960784e-05,-9.105404351317134,0.0001110639550096086
2024-08-19,-10.773385544264407,2.0949714397546307e-05,-10.993780671675461,1.6805897832986057e-05,-10.25595348237072,3.514762595556691e-05,-10.644245630338247,2.3837618155616913e-05,-11.110637751424582,1.4952414720201304e-05,-11.026104336071235,1.6271355358222585e-05,-10.721101760864258,2.207418435728443e-05,-9.105404351316915,0.00011106395500963286
2024-08-20,-10.865158988875242,1.9112671971873167e-05,-10.94397249858524,1.7664165853097378e-05,-10.234561667946371,3.590759704711817e-05,-10.6093238655423,2.4684775878772098e-05,-10.773385544264407,2.0949714397546307e-05,-10.901767579428876,1.8425636418966498e-05,-10.768562316894531,2.1051003707744143e-05,-9.105404351316704,0.00011106395500965635
2024-08-21,-10.681706296819762,2.2961163864852374e-05,-10.783631227551426,2.073616610106376e-05,-10.16153929328667,3.862776292419473e-05,-10.632360363230452,2.4122624950565816e-05,-10.865158988875242,1.9112671971873167e-05,-10.862754172152536,1.915868975503668e-05,-10.729073524475098,2.1898913713943123e-05,-9.105404351316501,0.00011106395500967883
2024-08-22,-9.856432652623482,5.240897762329726e-05,-10.79017237178236,2.060097049681947e-05,-10.164643216649889,3.850805119251782e-05,-10.616464419539557,2.450914071614684e-05,-10.681706296819762,2.2961163864852374e-05,-10.786003791859706,2.0687026529928926e-05,-10.685529708862305,2.2873541489385607e-05,-9.105404351316308,0.00011106395500970034
2024-08-23,-10.169653558906791,3.831559521416764e-05,-10.503170026309276,2.7449296292570412e-05,-10.018403750054125,4.4572042286606e-05,-10.247471478053285,3.544701619034959e-05,-9.856432652623482,5.240897762329726e-05,-10.399682809209896,3.0442137442801797e-05,-10.60385799407959,2.4820069101662292e-05,-9.10540435131612,0.00011106395500972125
2024-08-26,-10.349778325759658,3.1999882541172036e-05,-10.604137097624385,2.481314269903069e-05,-10.072194865831989,4.223780580448767e-05,-10.261545624636156,3.4951623977186514e-05,-10.169653558906791,3.831559521416764e-05,-10.312172097015326,3.322619134857534e-05,-10.328380584716797,3.269198605992475e-05,-9.10540435131594,0.00011106395500974117
2024-08-27,-11.03485293162521,1.6129624727042932e-05,-10.57504314844868,2.554565924149661e-05,-10.056955153631115,4.288642766072905e-05,-10.292302000557969,3.389300183080992e-05,-10.349778325759658,3.1999882541172036e-05,-10.386372293763994,3.0850046702273394e-05,-10.339808464050293,3.232051260770335e-05,-9.105404351315766,0.00011106395500976051
2024-08-28,-9.77362169769185,5.693378126299535e-05,-10.685377591780057,2.2877021210433446e-05,-10.113630302582507,4.052342716449793e-05,-10.508288412283653,2.730915914337063e-05,-11.03485293162521,1.6129624727042932e-05,-10.70127709229029,2.2516164323993363e-05,-10.389100074768066,3.076600920096282e-05,-9.105404351315599,0.00011106395500977905
2024-08-29,-9.71254527113207,6.0519479403876305e-05,-10.37390023181478,3.123721980052008e-05,-9.945849541483774,4.792613715626675e-05,-10.07417213968088,4.2154372607957384e-05,-9.77362169769185,5.693378126299535e-05,-10.382922488941851,3.0956657129000106e-05,-10.593205451965332,2.5085879196060445e-05,-9.105404351315439,0.00011106395500979682
2024-08-30,-9.700659037403327,6.124312024349166e-05,-10.468548797027385,2.8416266944770376e-05,-9.999376039561527,4.54282663621053e-05,-10.05044890804816,4.316636698073353e-05,-9.71254527113207,6.0519479403876305e-05,-10.114243964720941,4.0498567100147757e-05,-10.291773796081543,3.3910908995002274e-05,-9.105404351315284,0.00011106395500981398
2024-09-03,-9.03760700848988,0.00011885491522279994,-10.435173248501027,2.9380679823385716e-05,-9.980752566814198,4.6282225604315416e-05,-10.007449147279079,4.506299549375286e-05,-9.700659037403327,6.124312024349166e-05,-9.995499750918981,4.5604701170256736e-05,-10.226151466369629,3.6210860642884786e-05,-9.105404351315135,0.00011106395500983055
2024-09-04,-10.190277282173023,3.753347779016953e-05,-9.611668870698946,6.694301179756709e-05,-9.439218259203317,7.954256592076833e-05,-9.722928800858254,5.989432486273677e-05,-9.03760700848988,0.00011885491522279994,-9.634901972846833,6.540564600688735e-05,-10.242965698242188,3.560709300487939e-05,-9.105404351314993,0.00011106395500984634
2024-09-05,-9.601940482169608,6.759743751818116e-05,-9.758061566841114,5.7826606574619754e-05,-9.546229178104467,7.147025719440022e-05,-9.987668928381975,4.596322542978968e-05,-10.190277282173023,3.753347779016953e-05,-9.968019809005556,4.687529365723905e-05,-9.942693710327148,4.807762285904763e-05,-9.105404351314856,0.00011106395500986152
2024-09-06,-9.080774868238567,0.00011383336741310007,-9.931433695390716,4.862203691365956e-05,-9.667311195174573,6.331988145094362e-05,-9.821970247240323,5.424659962453026e-05,-9.601940482169608,6.759743751818116e-05,-9.94517963096968,4.795825413599776e-05,-10.000391960144043,4.5382138286478135e-05,-9.105404351314723,0.00011106395500987632
2024-09-09,-10.395845841938044,3.055916730414975e-05,-9.477614016114156,7.654635781823749e-05,-9.337650625752051,8.80460464033885e-05,-9.630982870182997,6.566248039982528e-05,-9.080774868238567,0.00011383336741310007,-9.654618205055076,6.412872252699042e-05,-9.878093719482422,5.1285950151763855e-05,-9.105404351314595,0.00011106395500989052
2024-09-10,-9.855763602270965,5.244405360074031e-05,-10.033458716332838,4.3906037611199944e-05,-9.735535363070191,5.914400275843387e-05,-10.074166236247951,4.215462146420326e-05,-10.395845841938044,3.055916730414975e-05,-10.079926017911554,4.191251794946676e-05,-9.688697814941406,6.198006140133962e-05,-9.105404351314473,0.00011106395500990414
2024-09-11,-7.959195913113182,0.0003494339798067999,-10.151880958731319,3.900265026107477e-05,-9.81178026517026,5.4802197460491956e-05,-9.994322856471133,4.5658404685345526e-05,-9.855763602270965,5.244405360074031e-05,-10.118012299454278,4.034624212908906e-05,-10.047842025756836,4.3279043421694846e-05,-9.105404351314355,0.00011106395500991717
2024-09-12,-9.895969726753426,5.03773077791644e-05,-9.177444410668983,0.00010334430155876672,-9.09902408964107,0.00011177483750197634,-9.262302687938451,9.493646420618005e-05,-7.959195913113182,0.0003494339798067999,-9.177094103014898,0.00010338051020032063,-10.083022117614746,4.178295329113222e-05,-9.105404351314242,0.00011106395500992978
2024-09-13,-11.275663544830053,1.2677731296089105e-05,-10.096437976507378,4.1226142484718876e-05,-9.776484319435179,5.677103443526294e-05,-9.827805478774792,5.393097990839225e-05,-9.895969726753426,5.03773077791644e-05,-9.574243903899301,6.949582327935732e-05,-9.780808448791504,5.6526079129569644e-05,-9.105404351314133,0.00011106395500994182
2024-09-16,-11.345538011618652,1.1822122286731859e-05,-10.660406051262932,2.3455488219051306e-05,-10.101069535037135,4.103564268886144e-05,-10.396173825461506,3.054914604427716e-05,-11.275663544830053,1.2677731296089105e-05,-10.425631343974352,2.9662369254752383e-05,-10.182113647460938,3.7841141510753405e-05,-9.105404351314029,0.00011106395500995346
2024-09-17,-10.002471911748227,4.52878437331963e-05,-10.661545242833157,2.342878313858599e-05,-10.101645945629707,4.10119961254621e-05,-10.502788174567687,2.7459779855621126e-05,-11.345538011618652,1.1822122286731859e-05,-10.927355828887759,1.7960137685523973e-05,-10.645156860351562,2.3815906496167767e-05,-9.105404351313927,0.00011106395500996471
2024-09-18,-9.426344287513086,8.057321469933477e-05,-10.368957412012481,3.13920019641611e-05,-9.942993908507592,4.8063192210280905e-05,-10.124389133339367,4.008977942424382e-05,-10.002471911748227,4.52878437331963e-05,-10.619041456023375,2.4446061080505467e-05,-10.701140403747559,2.2519242236035578e-05,-9.10540435131383,0.00011106395500997556
2024-09-19,-10.329489137902005,3.265576533465669e-05,-10.280356411534175,3.430030157578219e-05,-9.890800257953131,5.063840598804139e-05,-10.066274870913421,4.248859500317609e-05,-9.426344287513086,8.057321469933477e-05,-10.107205715421172,4.078461155696775e-05,-10.31767463684082,3.3043864996475836e-05,-9.105404351313735,0.00011106395500998601
2024-09-20,-10.601459175766147,2.4879679406524997e-05,-10.520799440680221,2.6969621886821762e-05,-10.027978681322477,4.414730470675443e-05,-10.35124443046563,3.195300173726885e-05,-10.329489137902005,3.265576533465669e-05,-10.22357482683029,3.6304283284720494e-05,-10.089614868164062,4.1508394745330434e-05,-9.105404351313647,0.00011106395500999588
2024-09-23,-11.972487485760723,6.315601951760405e-06,-10.614277943774352,2.4562787986204102e-05,-10.077457106954066,4.2016124068801964e-05,-10.370622446265354,3.133977669612009e-05,-10.601459175766147,2.4879679406524997e-05,-10.45902713622464,2.8688129236198387e-05,-10.336910247802734,3.241432031431944e-05,-9.10540435131356,0.00011106395501000554
2024-09-24,-10.826643732848096,1.9863161298252867e-05,-10.905497282822562,1.8357042257737786e-05,-10.21761986943543,3.6521118727066635e-05,-10.818410947598625,2.002736544085692e-05,-11.972487485760723,6.315601951760405e-06,-11.07696002444006,1.5464553491488715e-05,-10.497918128967285,2.7593836401485365e-05,-9.105404351313476,0.00011106395501001483
2024-09-25,-11.3934953236065,1.1268545207973889e-05,-10.905241453148983,1.8361739134641082e-05,-10.217505998072028,3.652527767343699e-05,-10.57197744487192,2.5624094829103067e-05,-10.826643732848096,1.9863161298252867e-05,-11.045266038866403,1.596253667770433e-05,-10.850865364074707,1.9387823102881025e-05,-9.105404351313396,0.0001110639550100237
2024-09-26,-10.43940843953921,2.925651015822943e-05,-10.912564971795476,1.8227757801928908e-05,-10.22075935096634,3.640664114349202e-05,-10.901850095430781,1.8424116071843995e-05,-11.3934953236065,1.1268545207973889e-05,-11.102707841839997,1.5071457391998408e-05,-10.676575660705566,2.3079271967164844e-05,-9.10540435131332,0.00011106395501003219
2024-09-27,-11.002739542082603,1.6656008394776988e-05,-10.891668686574862,1.861265771144011e-05,-10.21144148587776,3.6747458694088015e-05,-10.64344194788941,2.3856783731437506e-05,-10.43940843953921,2.925651015822943e-05,-10.836331818823012,1.967165444915577e-05,-10.797172546386719,2.045726367956044e-05,-9.105404351313245,0.00011106395501004047
2024-09-30,-10.064088933856988,4.258157398354503e-05,-10.719467188195049,2.211029572101375e-05,-10.130525821130933,3.984451429175814e-05,-10.834010736386624,1.9717367011582554e-05,-11.002739542082603,1.6656008394776988e-05,-10.841264619771646,1.9574857030903123e-05,-10.630763053894043,2.416118703420724e-05,-9.105404351313174,0.00011106395501004835
2024-10-01,-9.702326595051655,6.114107891346821e-05,-10.672239968553269,2.3179553824050205e-05,-10.107041467449159,4.079131089686673e-05,-10.418068755983997,2.9887543910622742e-05,-10.064088933856988,4.258157398354503e-05,-10.541092915460663,2.642783055308629e-05,-10.678485870361328,2.3035227799195413e-05,-9.105404351313105,0.00011106395501005605
2024-10-02,-10.396634883866291,3.05350643502256e-05,-10.288310280619013,3.402856358428476e-05,-9.895563233294004,5.039778998793987e-05,-10.225128603683967,3.6247918330283975e-05,-9.702326595051655,6.114107891346821e-05,-10.181757279671725,3.785462927785499e-05,-10.444631576538086,2.9104097779430126e-05,-9.10540435131304,0.00011106395501006336
2024-10-03,-10.543257233292442,2.6370694181102893e-05,-10.249607079760795,3.537139625781646e-05,-9.872244173295545,5.158682882984171e-05,-10.34568401630862,3.213116854204994e-05,-10.396634883866291,3.05350643502256e-05,-10.311882405563772,3.323581808650125e-05,-10.206727027893066,3.692111206326549e-05,-9.105404351312975,0.00011106395501007046
2024-10-04,-10.217721892627502,3.651739291601885e-05,-10.201713922336394,3.710666620796519e-05,-9.84289381422246,5.312335933925031e-05,-10.408887764232919,3.0163204688089644e-05,-10.543257233292442,2.6370694181102893e-05,-10.486950953562678,2.789812840730037e-05,-10.257462501525879,3.509462751263143e-05,-9.105404351312915,0.00011106395501007717
2024-10-07,-10.747654539208053,2.1495766714701266e-05,-10.255489461919433,3.516393895731496e-05,-9.875811463405107,5.14031314912272e-05,-10.253984943697109,3.5216883562319436e-05,-10.217721892627502,3.651739291601885e-05,-10.443399949242389,2.9139965263824342e-05,-10.246500015258789,3.548146837955492e-05,-9.105404351312856,0.00011106395501008367
2024-10-08,-11.034702125370528,1.6132057358760876e-05,-9.9474387634219,4.7850032377398164e-05,-9.67816566931098,6.263629413747367e-05,-10.468680646425831,2.8412520524054705e-05,-10.747654539208053,2.1495766714701266e-05,-10.613715221635134,2.4576613900514062e-05,-10.18453311920166,3.774969660702033e-05,-9.1054043513128,0.00011106395501008999
2024-10-09,-10.74848549138822,2.1477912179645103e-05,-10.222982726546482,3.632578542624072e-05,-9.855995137288993,5.2431912371458535e-05,-10.675022426364713,2.311514733916348e-05,-11.034702125370528,1.6132057358760876e-05,-10.8303511833317,1.9789655954198812e-05,-10.196340560913086,3.730659038811902e-05,-9.105404351312744,0.0001110639550100961
2024-10-10,-11.199520109468779,1.3680759757695797e-05,-10.32443215181587,3.282132334504437e-05,-9.917002179921134,4.932881425905134e-05,-10.626300125224263,2.426925766489938e-05,-10.74848549138822,2.1477912179645103e-05,-10.82269503477331,1.9941749984413e-05,-10.297571182250977,3.371488312805702e-05,-9.105404351312691,0.00011106395501010202
2024-10-11,-11.137529389596358,1.4555678150281937e-05,-10.291218834447234,3.392973347142702e-05,-9.89730115124949,5.03102788294361e-05,-10.81839428465491,2.0027699158500365e-05,-11.199520109468779,1.3680759757695797e-05,-10.95648516279779,1.7444517138289247e-05,-10.305228233337402,3.345771238682578e-05,-9.105404351312641,0.00011106395501010754
2024-10-14,-11.083177286120643,1.5368704583278683e-05,-10.425655561011844,2.9661650928741944e-05,-9.975391429995348,4.6531017255208166e-05,-10.904225859241475,1.8380396677677343e-05,-11.137529389596358,1.4555678150281937e-05,-11.027182790919237,1.6253816895073106e-05,-10.428370475769043,2.958123129054004e-05,-9.105404351312593,0.00011106395501011288
2024-10-15,-10.298664938068873,3.3678027437723085e-05,-10.480534719307098,2.8077704820553645e-05,-10.005997034972772,4.512847955766913e-05,-10.92686615780172,1.7968934399222247e-05,-11.083177286120643,1.5368704583278683e-05,-11.018032816583727,1.6403221383766552e-05,-10.490349769592285,2.7803468757765973e-05,-9.105404351312547,0.000111063955010118
2024-10-16,-11.187673485676598,1.384379436987499e-05,-10.31838984244089,3.3020240288451184e-05,-9.913437906264445,4.950494936261641e-05,-10.637890841128876,2.3989583536826167e-05,-10.298664938068873,3.3678027437723085e-05,-10.712191511294366,2.227174972020491e-05,-10.548393249511719,2.623560108520545e-05,-9.105404351312501,0.00011106395501012314
2024-10-17,-11.719030965403627,8.137472210696193e-06,-10.39585315367233,3.055894386445527e-05,-9.958460370985268,4.7325543761866173e-05,-10.921926386631371,1.805791641779447e-05,-11.187673485676598,1.384379436987499e-05,-10.856708903401488,1.92748599698193e-05,-10.394774436950684,3.059192609424087e-05,-9.105404351312458,0.00011106395501012787
2024-10-18,-11.555551805306923,9.582693897953834e-06,-10.612800135297674,2.459911391727434e-05,-10.07669184746226,4.2048289612478545e-05,-11.128865009509322,1.4682342017743324e-05,-11.719030965403627,8.137472210696193e-06,-11.184636705203086,1.3885898832944983e-05,-10.565101623535156,2.5800888631843152e-05,-9.105404351312417,0.00011106395501013241
2024-10-21,-10.565016629927015,2.580308163565555e-05,-10.773011506707999,2.0957551843185154e-05,-10.15647726505305,3.8823793488251014e-05,-11.13602121794414,1.4577647173812051e-05,-11.555551805306923,9.582693897953834e-06,-11.291341310863235,1.2480522725260654e-05,-10.724327087402344,2.200310259723417e-05,-9.105404351312377,0.00011106395501013695
2024-10-22,-10.733189089669164,2.1808972513262722e-05,-10.554338864049791,2.608007711491929e-05,-10.045981527175432,4.3359638971290134e-05,-10.817748948046667,2.004062793720465e-05,-10.565016629927015,2.580308163565555e-05,-10.960090296805006,1.7381740543325438e-05,-10.774535179138184,2.092564371417885e-05,-9.105404351312337,0.00011106395501014128
2024-10-23,-9.68303034318148,6.233232893926256e-05,-10.555115017792087,2.6059842818945246e-05,-10.046394828052412,4.334172209726267e-05,-10.901438164251552,1.8431707103087614e-05,-10.733189089669164,2.1808972513262722e-05,-10.804493220992022,2.030804954928776e-05,-10.591052055358887,2.5139957248040563e-05,-9.105404351312302,0.00011106395501014523
2024-10-24,-11.0850119864247,1.5340533466986882e-05,-10.348372422418874,3.204490292267826e-05,-9.931037248133762,4.864131680829962e-05,-10.463640367429758,2.855608906328459e-05,-9.68303034318148,6.233232893926256e-05,-10.332801922672543,3.2547762805925154e-05,-10.607163429260254,2.4738163413612976e-05,-9.105404351312266,0.00011106395501014917
2024-10-25,-9.824642843861808,5.410181390873507e-05,-10.330221753841396,3.26318499619208e-05,-9.920409094678718,4.916104115039745e-05,-10.808556070378202,2.022570838578008e-05,-11.0850119864247,1.5340533466986882e-05,-10.616054085546926,2.4519199713345962e-05,-10.358723640441895,3.171491000680188e-05,-9.105404351312231,0.00011106395501015312
2024-10-28,-12.299888059180518,4.55225401760795e-06,-10.274111752136351,3.451516545400236e-05,-9.887050157101758,5.082866163341041e-05,-10.299829649052931,3.363882510337133e-05,-9.824642843861808,5.410181390873507e-05,-10.363650986111546,3.1559024049707e-05,-10.567893981933594,2.5728943798412542e-05,-9.105404351312199,0.00011106395501015667
2024-10-29,-10.487756375418956,2.7875667691321865e-05,-10.718757916273612,2.2125983495734728e-05,-10.130177250128368,3.985840535492179e-05,-11.152928102044608,1.4333256347690467e-05,-12.299888059180518,4.55225401760795e-06,-11.049080215582912,1.5901768705534836e-05,-10.24612808227539,3.549466756239825e-05,-9.105404351312167,0.00011106395501016022
2024-10-30,-10.869685562152155,1.902635257460273e-05,-10.696837221796576,2.2616355430792188e-05,-10.119342349416213,4.029261528237942e-05,-10.619110254089886,2.4444379296621714e-05,-10.487756375418956,2.7875667691321865e-05,-10.9291607974221,1.792774944080365e-05,-10.704513549804688,2.2443409512207027e-05,-9.105404351312137,0.00011106395501016358
2024-10-31,-10.702561161363214,2.2487270568503054e-05,-10.524280175368363,2.687591097441895e-05,-10.029860026910018,4.406432644970626e-05,-10.829945150536432,1.979769283503148e-05,-10.869685562152155,1.902635257460273e-05,-10.833903050263576,1.9719490412721112e-05,-10.40526008605957,3.0272825802218156e-05,-9.105404351312107,0.00011106395501016693
2024-11-01,-10.220485680417562,3.6416605932425334e-05,-10.232988316303459,3.596413679071117e-05,-9.862121389810575,5.2111683140191445e-05,-10.760980079314407,2.1211224065974302e-05,-10.702561161363214,2.2487270568503054e-05,-10.795552806809287,2.0490425969074326e-05,-10.42387580871582,2.971448832487782e-05,-9.105404351312078,0.00011106395501017008
2024-11-04,-10.447722960995367,2.901426474966952e-05,-10.278192451161658,3.437460643654889e-05,-9.889501795630482,5.0704200757066015e-05,-10.656014636563341,2.3558717490177955e-05,-10.220485680417562,3.6416605932425334e-05,-10.55725829223707,2.6004049235629697e-05,-10.297770500183105,3.370816381693181e-05,-9.105404351312052,0.00011106395501017305
2024-11-05,-11.151069121001365,1.435992638139176e-05,-10.138071200893542,3.9545003681614036e-05,-9.80305532258942,5.528243546465339e-05,-10.568806518987124,2.5705475893143386e-05,-10.447722960995367,2.901426474966952e-05,-10.517190417892342,2.7067131718555026e-05,-10.221446990966797,3.6381615086204615e-05,-9.105404351312025,0.000111063955010176
2024-11-06,-10.512592260138383,2.719187724014611e-05,-10.291955332725024,3.390475348114849e-05,-9.897740900562354,5.0288159782665096e-05,-10.828679954995081,1.9822756639698996e-05,-11.151069121001365,1.435992638139176e-05,-10.80006939206342,2.0398087896650787e-05,-10.239651679992676,3.57252913083989e-05,-9.105404351312,0.00011106395501017877
2024-11-07,-11.367749156277393,1.1562434080621815e-05,-10.772459363470247,2.0969126608885436e-05,-10.156213309341481,3.883404260288367e-05,-10.618167152867949,2.446744369492743e-05,-10.512592260138383,2.719187724014611e-05,-10.729538052293146,2.188874342171268e-05,-10.44937801361084,2.896628433092067e-05,-9.105404351311975,0.00011106395501018152
2024-11-08,-11.182069866378052,1.3921587481098697e-05,-10.833058425409504,1.9736153020268974e-05,-10.184729586625231,3.774228074989839e-05,-10.915443912072972,1.8175356641922586e-05,-11.367749156277393,1.1562434080621815e-05,-10.956807862251686,1.7438888710329396e-05,-10.526654243469238,2.6812181410587602e-05,-9.105404351311952,0.0001110639550101841
2024-11-11,-11.297059924650604,1.2409355119901717e-05,-10.956082556687543,1.745154182147474e-05,-10.239818706948755,3.5719324720041025e-05,-10.94515441008647,1.7643300705124037e-05,-11.182069866378052,1.3921587481098697e-05,-11.06445012747687,1.5659228606221142e-05,-10.849595069885254,1.9412466991094882e-05,-9.10540435131193,0.00011106395501018645
2024-11-12,-10.396512722885237,3.053879477149448e-05,-10.915105326994084,1.8181511588412727e-05,-10.221884769511773,3.636569148144888e-05,-11.047230049687801,1.5931216849240964e-05,-11.297059924650604,1.2409355119901717e-05,-11.10948521620547,1.4969657839519518e-05,-10.946873664855957,1.761299343666047e-05,-9.105404351311908,0.00011106395501018903
2024-11-13,-10.599288126759513,2.49337530868514e-05,-10.835280610117138,1.9692344336361186e-05,-10.18575790947421,3.770348944863971e-05,-10.726270906920696,2.196037407865946e-05,-10.396512722885237,3.053879477149448e-05,-10.806463431688837,2.0268077802146168e-05,-11.015385627746582,1.6446701332733775e-05,-9.105404351311888,0.0001110639550101912
2024-11-14,-10.840654619124848,1.9586801349003466e-05,-10.8607989099146,1.9196186663841916e-05,-10.197478647192394,3.726415642080869e-05,-10.785925496064856,2.068864630052396e-05,-10.599288126759513,2.49337530868514e-05,-10.68133438692696,2.2969704937000134e-05,-10.809332847595215,2.0210003616651156e-05,-9.105404351311867,0.00011106395501019356
2024-11-15,-10.22426431247442,3.627926062994721e-05,-10.83870340406317,1.9625056720897384e-05,-10.187339416438423,3.764390824396516e-05,-10.815897910838487,2.0077758239375388e-05,-10.840654619124848,1.9586801349003466e-05,-10.752571202148964,2.139033866458309e-05,-10.817768096923828,2.0040244185356266e-05,-9.105404351311849,0.00011106395501019554
2024-11-18,-10.750503369778807,2.1434616062623545e-05,-10.620942211362262,2.4399639231656792e-05,-10.08090131679979,4.187166064458808e-05,-10.55630798127298,2.602877291445993e-05,-10.22426431247442,3.627926062994721e-05,-10.559243679829718,2.5952472335929007e-05,-10.865532875061035,1.9105527343571433e-05,-9.10540435131183,0.0001110639550101977
2024-11-19,-10.063775931130865,4.25949042183756e-05,-10.629313970706438,2.4196223983727338e-05,-10.0852122692828,4.169154242465593e-05,-10.651141050720042,2.3673813158723734e-05,-10.750503369778807,2.1434616062623545e-05,-10.641837215209247,2.389509822597352e-05,-10.631464004516602,2.4144257169306708e-05,-9.105404351311812,0.00011106395501019968
2024-11-20,-9.864641380962004,5.198052748474477e-05,-10.56579202816266,2.578308172663022e-05,-10.052065097755879,4.3096658289108305e-05,-10.41771213889639,2.9898204220199197e-05,-10.063775931130865,4.25949042183756e-05,-10.45237155200525,2.8879702304599773e-05,-10.652400016784668,2.364402738491003e-05,-9.105404351311796,0.00011106395501020146
2024-11-21,-9.41285078168797,8.166779811714551e-05,-10.383270103492736,3.0945898014656014e-05,-9.951246462705003,4.7668180282180885e-05,-10.295854720284535,3.3772803137175215e-05,-9.864641380962004,5.198052748474477e-05,-10.226194492610922,3.620930265917466e-05,-10.441011428833008,2.9209649853989175e-05,-9.105404351311778,0.00011106395501020342
2024-11-22,-12.272744827770037,4.6775091259429786e-06,-10.190671061643686,3.7518700786784406e-05,-9.836049417316895,5.348820384153233e-05,-10.041188338488194,4.356796878548564e-05,-9.41285078168797,8.166779811714551e-05,-9.922905095077564,4.903848818183316e-05,-10.285987854003906,3.410768426645326e-05,-9.105404351311762,0.0001110639550102052
2024-11-25,-10.014914042290588,4.472785740509746e-05,-10.915293211157962,1.8178095891197646e-05,-10.22196794200458,3.636266698201502e-05,-11.03439462139559,1.6137018793313946e-05,-12.272744827770037,4.6775091259429786e-06,-10.854196569691045,1.9323345730988903e-05,-10.113088607788086,4.054538444057921e-05,-9.105404351311748,0.00011106395501020678
2024-11-26,-11.490235559420722,1.0229492794647663e-05,-10.962066343784068,1.734742732086917e-05,-10.24240300842372,3.5627134391591805e-05,-10.330563973274405,3.262068461933639e-05,-10.014914042290588,4.472785740509746e-05,-10.647319438187356,2.3764458394952304e-05,-10.89469051361084,1.8556498373793314e-05,-9.105404351311734,0.00011106395501020836
2024-11-27,-11.124045779845783,1.4753270368656104e-05,-11.09786545244738,1.5144616246277854e-05,-10.298707027869058,3.3676609966108344e-05,-10.875881114098117,1.890883822790171e-05,-11.490235559420722,1.0229492794647663e-05,-10.910057612455804,1.8273518686210837e-05,-10.557953834533691,2.598596860815237e-05,-9.10540435131172,0.00011106395501020994
2024-11-29,-11.201587304222324,1.365250817372387e-05,-11.156137559149947,1.4287328118028323e-05,-10.321505928037915,3.291750653998363e-05,-10.86450324581199,1.9125209084051858e-05,-11.124045779845783,1.4753270368656104e-05,-11.054885713596963,1.580971847614369e-05,-10.903286933898926,1.83976626023628e-05,-9.105404351311705,0.00011106395501021151
2024-12-02,-12.420774255621595,4.033910699566633e-06,-11.096311291357111,1.5168171719333358e-05,-10.29808786750149,3.3697467644771085e-05,-11.037795488900747,1.6082232144341496e-05,-11.201587304222324,1.365250817372387e-05,-11.063031017119464,1.568146655504495e-05,-10.924230575561523,1.8016355467212355e-05,-9.105404351311691,0.0001110639550102131
2024-12-03,-12.363077135917555,4.273501104369907e-06,-11.378884821307395,1.1434392922612972e-05,-10.401353637574257,3.039131632459646e-05,-11.406418782924776,1.112385359430383e-05,-12.420774255621595,4.033910699566633e-06,-11.46484139062773,1.0492588673656191e-05,-11.017889022827148,1.6405580234179226e-05,-9.105404351311678,0.00011106395501021448
2024-12-04,-11.71600140203549,8.162162580049688e-06,-11.467152387633268,1.046836833000133e-05,-10.429903071090289,2.953592995704052e-05,-11.595609063733512,9.206423935342356e-06,-12.363077135917555,4.273501104369907e-06,-11.703614470105569,8.263895510986444e-06,-11.330575942993164,1.200033558688967e-05,-9.105404351311668,0.00011106395501021566
2024-12-05,-12.354896587686179,4.308604071266593e-06,-11.258834972889257,1.2892884693856567e-05,-10.359737624374473,3.168276789617763e-05,-11.445552788684523,1.0696940535069019e-05,-11.71600140203549,8.162162580049688e-06,-11.565369230836133,9.489076805572273e-06,-11.423460006713867,1.0935895581697806e-05,-9.105404351311655,0.00011106395501021704
2024-12-06,-12.297523051983998,4.563032872130161e-06,-11.48381701114391,1.0295362455656916e-05,-10.435103187234768,2.9382738343128093e-05,-11.742120541803517,7.951733984654714e-06,-12.354896587686179,4.308604071266593e-06,-11.644838399976287,8.764172970243668e-06,-11.301206588745117,1.2358004233608927e-05,-9.105404351311645,0.00011106395501021822
2024-12-09,-11.326478947467004,1.2049601760836127e-05,-11.627649155533076,8.916124708140083e-06,-10.477556043692264,2.816146387882593e-05,-11.825212712124973,7.317712988123499e-06,-12.297523051983998,4.563032872130161e-06,-11.726729892097165,8.07506295906943e-06,-11.423011779785156,1.0940798443302308e-05,-9.105404351311634,0.00011106395501021941
2024-12-10,-11.34715080728563,1.1803070986190367e-05,-11.127495772012825,1.470245940056484e-05,-10.310400916390405,3.328509308233837e-05,-11.470909219673485,1.0429114210186579e-05,-11.326478947467004,1.2049601760836127e-05,-11.435240271566823,1.080782367691139e-05,-11.488391876220703,1.0248370135228439e-05,-9.105404351311623,0.0001110639550102206
2024-12-11,-11.711849901072242,8.196118240572944e-06,-11.0771498107162,1.546161880995935e-05,-10.290406516106128,3.3957306413721883e-05,-11.394142741934955,1.1261252106369786e-05,-11.34715080728563,1.1803070986190367e-05,-11.248304661183976,1.3029368133856476e-05,-11.245951652526855,1.3060062447703384e-05,-9.105404351311613,0.00011106395501022177
2024-12-12,-12.12795963046339,5.40622424362041e-06,-11.259313627455589,1.2886714932434707e-05,-10.359910071850669,3.167730475388112e-05,-11.50107565741598,1.0119202946682118e-05,-11.711849901072242,8.196118240572944e-06,-11.319360538813635,1.2135681763111658e-05,-11.150994300842285,1.4361000833562832e-05,-9.105404351311604,0.00011106395501022276
2024-12-13,-10.728701832609454,2.1907054874944953e-05,-11.35292624310066,1.1735099578476453e-05,-10.392630512641382,3.0657583225073164e-05,-11.607104191135521,9.101200854310738e-06,-12.12795963046339,5.40622424362041e-06,-11.504241803522225,1.0087214738067343e-05,-11.237065315246582,1.3176635755260264e-05,-9.105404351311595,0.00011106395501022375
2024-12-16,-11.724670713549243,8.09170808725173e-06,-10.990815371678005,1.685580632203823e-05,-10.254696932634968,3.519181845489566e-05,-11.089631494363033,1.526983118147379e-05,-10.728701832609454,2.1907054874944953e-05,-11.142653067762119,1.4481290272464469e-05,-11.344710350036621,1.1831911053500962e-05,-9.105404351311586,0.00011106395501022474
2024-12-17,-11.887185783705753,6.877978418578673e-06,-11.05543750795072,1.5800997169159346e-05,-10.281595815780088,3.425781597023161e-05,-11.411972357474536,1.1062247668975152e-05,-11.724670713549243,8.09170808725173e-06,-11.214186878710297,1.348157150601353e-05,-11.015769004821777,1.6440397252977263e-05,-9.105404351311577,0.00011106395501022572
2024-12-18,-8.323601449769468,0.00024272014383460005,-11.107187358900719,1.5004095528430202e-05,-10.30240862951169,3.355218300293846e-05,-11.510876884377854,1.0020506803672038e-05,-11.887185783705753,6.877978418578673e-06,-11.41247760557943,1.105665990102799e-05,-11.146588325500488,1.442441464638119e-05,-9.105404351311568,0.0001110639550102267
2024-12-19,-9.985157995407175,4.607878102361226e-05,-9.174053337000288,0.00010369534456854781,-9.096247016929178,0.0001120856757635374,-10.217469465484808,3.652661206070351e-05,-8.323601449769468,0.00024272014383460005,-10.014007813740417,4.476840943839585e-05,-11.172592163085938,1.405415940289446e-05,-9.105404351311561,0.00011106395501022749
2024-12-20,-8.362802311398926,0.00023338938677609991,-9.657862936090318,6.392097928848823e-05,-9.473438520579677,7.68666450070073e-05,-10.503743792041249,2.743355134437877e-05,-9.985157995407175,4.607878102361226e-05,-9.906573095631492,4.9845960615024125e-05,-10.127545356750488,3.996344659606788e-05,-9.105404351311554,0.00011106395501022829
2024-12-23,-9.585700753148883,6.870416373000428e-05,-9.875559761455234,5.141607138808343e-05,-9.628983173601776,6.579391681006654e-05,-9.840598776095767,5.32454194871222e-05,-8.362802311398926,0.00023338938677609991,-9.247097704029068,9.639100170351486e-05,-9.975018501281738,4.6548373243688176e-05,-9.105404351311545,0.00011106395501022927
2024-12-24,-11.120160968452192,1.4810695512182402e-05,-10.094423036300606,4.130929444175924e-05,-9.77518821996064,5.684466304785932e-05,-10.008291855677937,4.502503652538969e-05,-9.585700753148883,6.870416373000428e-05,-9.474655543176688,7.677315346527634e-05,-9.706900596618652,6.0862058129921416e-05,-9.10540435131154,0.00011106395501022986
2024-12-26,-10.679215847582476,2.3018418743478347e-05,-10.791806535516217,2.0567332630327848e-05,-10.16541699942516,3.8478265850974054e-05,-10.39271652131128,3.065494652050903e-05,-11.120160968452192,1.4810695512182402e-05,-10.336427650053093,3.2429967167623716e-05,-9.994048118591309,4.567095050197154e-05,-9.105404351311533,0.00011106395501023065
2024-12-27,-9.691964448059787,6.177792561156677e-05,-10.837280605388411,1.965299909906747e-05,-10.186682363870665,3.7668650398095135e-05,-10.445464879674777,2.9079855345510898e-05,-10.679215847582476,2.3018418743478347e-05,-10.642851695485723,2.387086941202371e-05,-10.627690315246582,2.423554222590795e-05,-9.105404351311526,0.00011106395501023145
2024-12-30,-9.545907500567052,7.149325126887322e-05,-10.45700818533357,2.8746107668392447e-05,-9.99296748759406,4.5720330622797046e-05,-10.141324394108853,3.941656517485183e-05,-9.691964448059787,6.177792561156677e-05,-10.312837857571521,3.320407802284966e-05,-10.758320808410645,2.1267705523429258e-05,-9.105404351311519,0.00011106395501023224
2024-12-31,-10.20088410903343,3.713747059238957e-05,-10.246939314732487,3.546588481234682e-05,-9.870623622792193,5.1670495666124706e-05,-10.178694351155613,3.797075304995858e-05,-9.545907500567052,7.149325126887322e-05,-10.020123994416075,4.449543339406162e-05,-10.461145401000977,2.862742449958974e-05,-9.105404351311513,0.00011106395501023282
